NA27	CUVMP
Ἰησοῦ	耶稣
Χριστοῦ	基督
Χριστοῦ	的
Δαυὶδ	大卫
Δαυὶδ	的
Ἀβραάμ	亚伯拉罕
Ἀβραάμ	的
Ἀβραὰμ	亚伯拉罕
Ἰσαάκ	以撒
Ἰσαὰκ	以撒
Ἰακώβ	雅各
Ἰακὼβ	雅各
Ἰούδαν	犹大
Ἰούδας	犹大
Φάρες	法勒斯
Ζάρα	谢拉
Θαμάρ	她玛
Θαμάρ	氏
Φάρες	法勒斯
Ἑσρώμ	希斯仑
Ἑσρὼμ	希斯仑
Ἀράμ	亚兰
Ἀρὰμ	亚兰
Ἀμιναδάβ	亚米拿达
Ἀμιναδὰβ	亚米拿达
Ναασσών	拿顺
Ναασσὼν	拿顺
Σαλμών	撒门
Σαλμὼν	撒门
Βόες	波阿斯
Ῥαχάβ	喇合
Ῥαχάβ	氏
Βόες	波阿斯
Ἰωβὴδ	俄备得
Ῥούθ	路得
Ῥούθ	氏
Ἰωβὴδ	俄备得
Ἰεσσαί	耶西
Ἰεσσαὶ	耶西
Δαυὶδ	大卫
Δαυὶδ	大卫
Σολομῶνα	所罗门
Οὐρίου	乌利亚
Οὐρίου	的
Σολομὼν	所罗门
Ῥοβοάμ	罗波安
Ῥοβοὰμ	罗波安
Ἀβιά	亚比雅
Ἀβιὰ	亚比雅
Ἀσάφ	亚撒
Ἀσὰφ	亚撒
Ἰωσαφάτ	约沙法
Ἰωσαφὰτ	约沙法
Ἰωράμ	约兰
Ἰωρὰμ	约兰
Ὀζίαν	乌西亚
Ὀζίας	乌西亚
Ἰωαθάμ	约坦
Ἰωαθὰμ	约坦
Ἀχάζ	亚哈斯
Ἀχὰζ	亚哈斯
Ἑζεκίαν	希西家
Ἑζεκίας	希西家
Μανασσῆ	玛拿西
Μανασσῆς	玛拿西
Ἀμώς	亚们
Ἀμὼς	亚们
Ἰωσίαν	约西亚
Ἰωσίας	约西亚
Ἰεχονίαν	耶哥尼雅
Βαβυλῶνος	巴比伦
Βαβυλῶνος	巴比伦
Ἰεχονίας	耶哥尼雅
Σαλαθιήλ	撒拉铁
Σαλαθιὴλ	撒拉铁
Ζοροβαβέλ	所罗巴伯
Ζοροβαβὲλ	所罗巴伯
Ἀβιούδ	亚比玉
Ἀβιοὺδ	亚比玉
Ἐλιακίμ	以利亚敬
Ἐλιακὶμ	以利亚敬
Ἀζώρ	亚所
Ἀζὼρ	亚所
Σαδώκ	撒督
Σαδὼκ	撒督
Ἀχίμ	亚金
Ἀχὶμ	亚金
Ἐλιούδ	以律
Ἐλιοὺδ	以律
Ἐλεάζαρ	以利亚撒
Ἐλεάζαρ	以利亚撒
Ματθάν	马但
Ματθὰν	马但
Ἰακώβ	雅各
Ἰακὼβ	雅各
Ἰωσὴφ	约瑟
Μαρίας	马利亚
Μαρίας	的
Ἰησοῦς	耶稣
Χριστός	基督
Ἀβραὰμ	亚伯拉罕
Δαυὶδ	大卫
Δαυὶδ	大卫
Βαβυλῶνος	巴比伦
Βαβυλῶνος	巴比伦
Χριστοῦ	基督
Ἰησοῦ	耶稣
Χριστοῦ	基督
Μαρίας	马利亚
Ἰωσήφ	约瑟
Ἰωσὴφ	约瑟
Ἰωσὴφ	约瑟
Δαυίδ	大卫
Δαυίδ	的
Μαρίαν	马利亚
Ἰησοῦν	耶稣
Ἐμμανουήλ	以马内利
Ἰωσὴφ	约瑟
Ἰησοῦν	耶稣
Ἰησοῦ	耶稣
Βηθλέεμ	伯利恒
Ἰουδαίας	犹太
Ἰουδαίας	的
Ἡρῴδου	希律
Ἱεροσόλυμα	耶路撒冷
Ἡρῴδης	希律
Ἱεροσόλυμα	耶路撒冷
Ἱεροσόλυμα	城
Ἱεροσόλυμα	的
Ἱεροσόλυμα	人
χριστὸς	基督
Βηθλέεμ	伯利恒
Ἰουδαίας	犹太
Ἰουδαίας	的
Βηθλέεμ	伯利恒
Βηθλέεμ	啊
Ἰούδα	犹大
Ἰούδα	犹大
Ἰσραήλ	以色列
Ἡρῴδης	希律
Βηθλέεμ	伯利恒
Μαρίας	马利亚
Ἡρῴδην	希律
Ἰωσὴφ	约瑟
Ἰωσὴφ	向
Αἴγυπτον	埃及
Ἡρῴδης	希律
Αἴγυπτον	埃及
Ἡρῴδου	希律
Αἰγύπτου	埃及
Ἡρῴδης	希律
Βηθλέεμ	伯利恒
Βηθλέεμ	城
Ἰερεμίου	耶利米
Ῥαμὰ	拉玛
Ῥαχὴλ	拉结
Ἡρῴδου	希律
Ἰωσὴφ	约瑟
Ἰωσὴφ	向
Αἰγύπτῳ	埃及
Ἰσραήλ	以色列
Ἰσραήλ	以色列
Ἀρχέλαος	亚基老
Ἰουδαίας	犹太
Ἡρῴδου	希律
Γαλιλαίας	加利利
Ναζαρέτ	拿撒勒
Ναζωραῖος	拿撒勒
Ναζωραῖος	人
Ἰωάννης	约翰
Ἰωάννης	有
Ἰουδαίας	犹太
Ἰουδαίας	的
Ἠσαΐου	以赛亚
Ἰωάννης	约翰
Ἱεροσόλυμα	耶路撒冷
Ἰουδαία	犹太
Ἰουδαία	地
Ἰορδάνου	约旦
Ἰορδάνου	河
Ἰορδάνῃ	约旦
Φαρισαίων	法利赛
Φαρισαίων	人
Σαδδουκαίων	撒都该
Σαδδουκαίων	人
Ἀβραάμ	亚伯拉罕
Ἀβραάμ	亚伯拉罕
Ἀβραάμ	给
Ἰησοῦς	耶稣
Γαλιλαίας	加利利
Ἰορδάνην	约旦
Ἰορδάνην	河
Ἰωάννην	约翰
Ἰωάννης	约翰
Ἰησοῦς	耶稣
Ἰησοῦς	耶稣
Ἰησοῦς	耶稣
Ἰησοῦς	耶稣
Ἰησοῦς	耶稣
σατανᾶ	撒旦
Ἰωάννης	约翰
Γαλιλαίαν	加利利
Ναζαρὰ	拿撒勒
Καφαρναοὺμ	迦百农
Ζαβουλὼν	西布伦
Νεφθαλίμ	拿弗他利
Νεφθαλίμ	的
Ἠσαΐου	以赛亚
Ζαβουλὼν	西布伦
Νεφθαλίμ	拿弗他利
Ἰορδάνου	约旦
Ἰορδάνου	河
Γαλιλαία	加利利
Γαλιλαία	地
Ἰησοῦς	耶稣
Γαλιλαίας	加利利
Σίμωνα	西门
Πέτρον	彼得
Ἀνδρέαν	安得烈
Ἰάκωβον	雅各
Ζεβεδαίου	西庇太
Ζεβεδαίου	的
Ἰωάννην	约翰
Ζεβεδαίου	西庇太
Γαλιλαίᾳ	加利利
Συρίαν	叙利亚
Γαλιλαίας	加利利
Δεκαπόλεως	低加波利
Ἱεροσολύμων	耶路撒冷
Ἰουδαίας	犹太
Ἰορδάνου	约旦
Ἰορδάνου	河
Φαρισαίων	法利赛
Φαρισαίων	人
Φαρισαίων	的
Ἱεροσόλυμα	耶路撒冷
Σολομὼν	所罗门
Ἰησοῦς	耶稣
Ἰησοῦς	耶稣
Μωϋσῆς	摩西
Καφαρναοὺμ	迦百农
Ἰησοῦς	耶稣
Ἰσραὴλ	以色列
Ἀβραὰμ	亚伯拉罕
Ἰσαὰκ	以撒
Ἰακὼβ	雅各
Ἰησοῦς	耶稣
Ἰησοῦς	耶稣
Πέτρου	彼得
Ἠσαΐου	以赛亚
Ἰησοῦς	耶稣
Ἰησοῦς	耶稣
Ἰησοῦς	耶稣
Ἰησοῦ	耶稣
Ἰησοῦς	耶稣
Ἰησοῦς	耶稣
Ἰησοῦς	耶稣
Μαθθαῖον	马太
Ἰησοῦ	耶稣
Φαρισαῖοι	法利赛
Φαρισαῖοι	人
Ἰωάννου	约翰
Ἰωάννου	的
Φαρισαῖοι	法利赛
Φαρισαῖοι	人
Ἰησοῦς	耶稣
Ἰησοῦς	耶稣
Ἰησοῦς	耶稣
Ἰησοῦς	耶稣
Ἰησοῦ	耶稣
Δαυίδ	大卫
Δαυίδ	的
Ἰησοῦς	耶稣
Ἰησοῦς	耶稣
Ἰσραήλ	以色列
Φαρισαῖοι	法利赛
Φαρισαῖοι	人
Ἰησοῦς	耶稣
Σίμων	西门
Πέτρος	彼得
Ἀνδρέας	安得烈
Ἰάκωβος	雅各
Ζεβεδαίου	西庇太
Ζεβεδαίου	的
Ἰωάννης	约翰
Φίλιππος	腓力
Βαρθολομαῖος	巴多罗买
Θωμᾶς	多马
Μαθθαῖος	马太
Ἰάκωβος	雅各
Ἁλφαίου	亚勒腓
Ἁλφαίου	的
Θαδδαῖος	达太
Σίμων	西门
Καναναῖος	奋锐党
Ἰούδας	犹大
Ἰσκαριώτης	加略
Ἰσκαριώτης	人
Ἰησοῦς	耶稣
Σαμαριτῶν	撒马利亚
Σαμαριτῶν	人
Σαμαριτῶν	的
Ἰσραήλ	以色列
Σοδόμων	所多玛
Γομόρρων	蛾摩拉
Ἰσραὴλ	以色列
Ἰσραὴλ	的
Βεελζεβοὺλ	别西卜
Ἰησοῦς	耶稣
Ἰωάννης	约翰
Χριστοῦ	基督
Ἰησοῦς	耶稣
Ἰωάννῃ	约翰
Ἰησοῦς	耶稣
Ἰωάννου	约翰
Ἰωάννου	约翰
Ἰωάννου	约翰
Ἰωάννου	的
Ἰωάννου	约翰
Ἠλίας	以利亚
Ἰωάννης	约翰
Χοραζίν	哥拉汛
Χοραζίν	哪
Βηθσαϊδά	伯赛大
Βηθσαϊδά	啊
Τύρῳ	推罗
Σιδῶνι	西顿
Τύρῳ	推罗
Σιδῶνι	西顿
Καφαρναούμ	迦百农
Καφαρναούμ	啊
Σοδόμοις	所多玛
Σοδόμων	所多玛
Ἰησοῦς	耶稣
Ἰησοῦς	耶稣
Φαρισαῖοι	法利赛
Φαρισαῖοι	人
Δαυὶδ	大卫
Φαρισαῖοι	法利赛
Φαρισαῖοι	人
Ἰησοῦς	耶稣
Ἠσαΐου	以赛亚
Δαυίδ	大卫
Δαυίδ	的
Φαρισαῖοι	法利赛
Φαρισαῖοι	人
Βεελζεβοὺλ	别西卜
σατανᾶς	撒旦
σατανᾶν	撒旦
Βεελζεβοὺλ	别西卜
Φαρισαίων	法利赛
Φαρισαίων	人
Ἰωνᾶ	约拿
Ἰωνᾶ	的
Ἰωνᾶς	约拿
Νινευῖται	尼尼微
Ἰωνᾶ	约拿
Ἰωνᾶ	约拿
Ἰωνᾶ	比
Σολομῶνος	所罗门
Σολομῶνος	的
Σολομῶνος	所罗门
Σολομῶνος	比
Ἰησοῦς	耶稣
Ἠσαΐου	以赛亚
Ἠσαΐου	的
Ἰησοῦς	耶稣
Ἰησοῦς	耶稣
Μαριὰμ	马利亚
Ἰάκωβος	雅各
Ἰωσὴφ	约西
Σίμων	西门
Ἰούδας	犹大
Ἰησοῦς	耶稣
Ἡρῴδης	希律
Ἰησοῦ	耶稣
Ἰησοῦ	的
Ἰωάννης	约翰
Ἡρῴδης	希律
Ἰωάννην	约翰
Ἰωάννην	把
Ἡρῳδιάδα	希罗底
Φιλίππου	腓力
Φιλίππου	的
Ἰωάννης	约翰
Ἡρῴδου	希律
Ἡρῴδου	的
Ἡρῳδιάδος	希罗底
Ἡρῳδιάδος	的
Ἡρῴδῃ	希律
Ἰωάννου	约翰
Ἰωάννου	的
Ἰωάννην	约翰
Ἰησοῦ	耶稣
Ἰησοῦς	耶稣
Ἰησοῦς	耶稣
Ἰησοῦς	耶稣
Πέτρος	彼得
Πέτρος	彼得
Ἰησοῦν	耶稣
Ἰησοῦς	耶稣
Γεννησαρέτ	革尼撒勒
Ἰησοῦ	耶稣
Ἱεροσολύμων	耶路撒冷
Φαρισαῖοι	法利赛
Φαρισαῖοι	有
Φαρισαῖοι	人
Ἠσαΐας	以赛亚
Φαρισαῖοι	法利赛
Φαρισαῖοι	人
Πέτρος	彼得
Ἰησοῦς	耶稣
Τύρου	推罗
Σιδῶνος	西顿
Σιδῶνος	的
Δαυίδ	大卫
Δαυίδ	的
Ἰσραήλ	以色列
Ἰησοῦς	耶稣
Ἰησοῦς	耶稣
Γαλιλαίας	加利利
Ἰσραήλ	以色列
Ἰσραήλ	的
Ἰησοῦς	耶稣
Ἰησοῦς	耶稣
Μαγαδάν	马加丹
Μαγαδάν	的
Φαρισαῖοι	法利赛
Φαρισαῖοι	人
Σαδδουκαῖοι	撒都该
Σαδδουκαῖοι	人
Ἰωνᾶ	约拿
Ἰωνᾶ	的
Ἰησοῦς	耶稣
Φαρισαίων	法利赛
Φαρισαίων	人
Σαδδουκαίων	撒都该
Σαδδουκαίων	人
Σαδδουκαίων	的
Ἰησοῦς	耶稣
Φαρισαίων	法利赛
Φαρισαίων	人
Σαδδουκαίων	撒都该
Σαδδουκαίων	人
Σαδδουκαίων	的
Φαρισαίων	法利赛
Φαρισαίων	人
Σαδδουκαίων	撒都该
Σαδδουκαίων	人
Σαδδουκαίων	的
Ἰησοῦς	耶稣
Ἰωάννην	约翰
Ἠλίαν	以利亚
Ἰερεμίαν	耶利米
Σίμων	西门
Πέτρος	彼得
χριστὸς	基督
Ἰησοῦς	耶稣
Πέτρος	彼得
χριστός	基督
Ἰησοῦς	耶稣
Ἱεροσόλυμα	耶路撒冷
Πέτρος	彼得
Πέτρῳ	彼得
Πέτρῳ	对
σατανᾶ	撒旦
Ἰησοῦς	耶稣
Ἰησοῦς	耶稣
Πέτρον	彼得
Ἰάκωβον	雅各
Ἰωάννην	约翰
Μωϋσῆς	摩西
Μωϋσῆς	有
Ἠλίας	以利亚
Πέτρος	彼得
Ἰησοῦ	耶稣
Ἰησοῦ	对
Μωϋσεῖ	摩西
Μωϋσεῖ	为
Ἠλίᾳ	以利亚
Ἠλίᾳ	为
Ἰησοῦς	耶稣
Ἰησοῦν	耶稣
Ἰησοῦς	耶稣
Ἠλίαν	以利亚
Ἠλίας	以利亚
Ἠλίας	以利亚
Ἰωάννου	约翰
Ἰησοῦς	耶稣
Ἰησοῦς	耶稣
Ἰησοῦ	耶稣
Γαλιλαίᾳ	加利利
Ἰησοῦς	耶稣
Καφαρναοὺμ	迦百农
Πέτρῳ	彼得
Ἰησοῦς	耶稣
Σίμων	西门
Ἰησοῦς	耶稣
Ἰησοῦ	耶稣
Πέτρος	彼得
Ἰησοῦς	耶稣
Ἰησοῦς	耶稣
Γαλιλαίας	加利利
Ἰουδαίας	犹太
Ἰουδαίας	的
Ἰορδάνου	约旦
Ἰορδάνου	河
Φαρισαῖοι	法利赛
Φαρισαῖοι	有
Φαρισαῖοι	人
Μωϋσῆς	摩西
Μωϋσῆς	摩西
Ἰησοῦς	耶稣
Ἰησοῦς	耶稣
Ἰησοῦς	耶稣
Ἰησοῦς	耶稣
Ἰησοῦς	耶稣
Πέτρος	彼得
Ἰησοῦς	耶稣
Ἰσραήλ	以色列
Ἰησοῦς	耶稣
Ἱεροσόλυμα	耶路撒冷
Ἱεροσόλυμα	耶路撒冷
Ζεβεδαίου	西庇太
Ἰησοῦς	耶稣
Ἰησοῦς	耶稣
Ἰεριχὼ	耶利哥
Ἰησοῦς	耶稣
Δαυίδ	大卫
Δαυίδ	的
Δαυίδ	大卫
Δαυίδ	的
Ἰησοῦς	耶稣
Ἰησοῦς	耶稣
Ἱεροσόλυμα	耶路撒冷
Βηθφαγὴ	伯法其
Ἰησοῦς	耶稣
Σιών	锡安
Σιών	的
Ἰησοῦς	耶稣
Δαυίδ	大卫
Δαυίδ	的
Ἱεροσόλυμα	耶路撒冷
Ἰησοῦς	耶稣
Ναζαρὲθ	拿撒勒
Γαλιλαίας	加利利
Ἰησοῦς	耶稣
Δαυίδ	大卫
Δαυίδ	的
Ἰησοῦς	耶稣
Βηθανίαν	伯大尼
Ἰησοῦς	耶稣
Ἰησοῦς	耶稣
Ἰωάννου	约翰
Ἰωάννου	的
Ἰωάννην	约翰
Ἰησοῦ	耶稣
Ἰησοῦς	耶稣
Ἰωάννης	约翰
Ἰησοῦς	耶稣
Φαρισαῖοι	法利赛
Φαρισαῖοι	人
Ἰησοῦς	耶稣
Φαρισαῖοι	法利赛
Φαρισαῖοι	人
Ἡρῳδιανῶν	希律
Ἡρῳδιανῶν	党
Ἡρῳδιανῶν	的
Ἡρῳδιανῶν	人
Καίσαρι	恺撒
Καίσαρι	给
Ἰησοῦς	耶稣
Καίσαρος	恺撒
Καίσαρος	的
Καίσαρος	恺撒
Καίσαρος	的
Καίσαρι	恺撒
Σαδδουκαῖοι	撒都该
Σαδδουκαῖοι	人
Μωϋσῆς	摩西
Ἰησοῦς	耶稣
Ἀβραὰμ	亚伯拉罕
Ἀβραὰμ	的
Ἰσαὰκ	以撒
Ἰσαὰκ	的
Ἰακώβ	雅各
Ἰακώβ	的
Φαρισαῖοι	法利赛
Φαρισαῖοι	人
Σαδδουκαίους	撒都该
Σαδδουκαίους	人
Φαρισαίων	法利赛
Φαρισαίων	人
Ἰησοῦς	耶稣
χριστοῦ	基督
Δαυίδ	大卫
Δαυίδ	的
Δαυὶδ	大卫
Δαυὶδ	大卫
Ἰησοῦς	耶稣
Μωϋσέως	摩西
Μωϋσέως	的
Φαρισαῖοι	法利赛
Φαρισαῖοι	人
Χριστός	基督
Φαρισαῖοι	法利赛
Φαρισαῖοι	人
Φαρισαῖοι	法利赛
Φαρισαῖοι	人
Φαρισαῖοι	法利赛
Φαρισαῖοι	人
Φαρισαῖοι	法利赛
Φαρισαῖοι	人
Φαρισαῖε	法利赛
Φαρισαῖε	你
Φαρισαῖε	这
Φαρισαῖε	人
Φαρισαῖοι	法利赛
Φαρισαῖοι	人
Φαρισαῖοι	法利赛
Φαρισαῖοι	人
Ἅβελ	亚伯
Ἅβελ	的
Ζαχαρίου	撒迦利亚
Ζαχαρίου	的
Βαραχίου	巴拉加
Βαραχίου	的
Ἰερουσαλὴμ	耶路撒冷
Ἰερουσαλὴμ	啊
Ἰερουσαλήμ	耶路撒冷
Ἰερουσαλήμ	啊
Ἰησοῦς	耶稣
Ἰησοῦς	耶稣
χριστός	基督
Δανιὴλ	但以理
Ἰουδαίᾳ	犹太
χριστός	基督
Νῶε	挪亚
Νῶε	的
Νῶε	挪亚
Ἰησοῦς	耶稣
Καϊάφα	该亚法
Ἰησοῦν	耶稣
Ἰησοῦ	耶稣
Βηθανίᾳ	伯大尼
Σίμωνος	西门
Ἰησοῦς	耶稣
Ἰούδας	犹大
Ἰσκαριώτης	加略
Ἰσκαριώτης	人
Ἰησοῦ	耶稣
Ἰησοῦς	耶稣
Ἰούδας	犹大
Ἰησοῦς	耶稣
Ἰησοῦς	耶稣
Γαλιλαίαν	加利利
Πέτρος	彼得
Ἰησοῦς	耶稣
Πέτρος	彼得
Ἰησοῦς	耶稣
Γεθσημανὶ	客西马尼
Πέτρον	彼得
Ζεβεδαίου	西庇太
Ζεβεδαίου	的
Πέτρῳ	彼得
Πέτρῳ	对
Ἰούδας	犹大
Ἰησοῦ	耶稣
Ἰησοῦς	耶稣
Ἰησοῦν	耶稣
Ἰησοῦ	耶稣
Ἰησοῦς	耶稣
Ἰησοῦς	耶稣
Ἰησοῦν	耶稣
Καϊάφαν	该亚法
Πέτρος	彼得
Ἰησοῦ	耶稣
Ἰησοῦς	耶稣
χριστὸς	基督
Ἰησοῦς	耶稣
χριστέ	基督
χριστέ	啊
Πέτρος	彼得
Ἰησοῦ	耶稣
Ἰησοῦ	耶稣
Ναζωραίου	拿撒勒
Ναζωραίου	人
Πέτρῳ	彼得
Πέτρῳ	对
Πέτρος	彼得
Ἰησοῦ	耶稣
Ἰησοῦ	耶稣
Πιλάτῳ	彼拉多
Ἰούδας	犹大
Ἰερεμίου	耶利米
Ἰερεμίου	的
Ἰσραήλ	以色列
Ἰησοῦς	耶稣
Ἰησοῦς	耶稣
Πιλᾶτος	彼拉多
Βαραββᾶν	巴拉巴
Πιλᾶτος	彼拉多
Βαραββᾶν	巴拉巴
Ἰησοῦν	耶稣
χριστόν	基督
Βαραββᾶν	巴拉巴
Ἰησοῦν	耶稣
Βαραββᾶν	巴拉巴
Πιλᾶτος	彼拉多
Ἰησοῦν	耶稣
χριστόν	基督
Πιλᾶτος	彼拉多
Βαραββᾶν	巴拉巴
Ἰησοῦν	耶稣
Ἰησοῦν	把
Ἰησοῦν	耶稣
Ἰησοῦν	把
Κυρηναῖον	古利奈
Κυρηναῖον	一
Κυρηναῖον	个
Κυρηναῖον	人
Σίμωνα	西门
Γολγοθᾶ	各各他
Ἰησοῦς	耶稣
Ἰσραήλ	以色列
Ἰσραήλ	的
Ἰησοῦς	耶稣
ηλι	以利
ηλι	以利
Ἠλίαν	以利亚
Ἠλίας	以利亚
Ἰησοῦς	耶稣
Ἰησοῦν	耶稣
Ἰησοῦ	耶稣
Γαλιλαίας	加利利
Μαρία	马利亚
Μαγδαληνὴ	抹大拉
Μαγδαληνὴ	的
Μαρία	马利亚
Ἰακώβου	雅各
Ἰωσὴφ	约西
Ἰωσὴφ	的
Ζεβεδαίου	西庇太
Ἁριμαθαίας	亚利马太
Ἰωσήφ	约瑟
Ἰησοῦ	耶稣
Πιλάτῳ	彼拉多
Ἰησοῦ	耶稣
Ἰησοῦ	的
Πιλᾶτος	彼拉多
Ἰωσὴφ	约瑟
Μαριὰμ	马利亚
Μαριὰμ	有
Μαγδαληνὴ	抹大拉
Μαρία	马利亚
Φαρισαῖοι	法利赛
Φαρισαῖοι	人
Πιλᾶτον	彼拉多
Πιλᾶτος	彼拉多
Μαριὰμ	马利亚
Μαγδαληνὴ	抹大拉
Μαρία	马利亚
Ἰησοῦν	耶稣
Γαλιλαίαν	加利利
Ἰησοῦς	耶稣
Ἰησοῦς	耶稣
Γαλιλαίαν	加利利
Γαλιλαίαν	加利利
Ἰησοῦς	耶稣
Ἰησοῦς	耶稣
Ἰησοῦ	耶稣
Χριστοῦ	基督
Ἠσαΐᾳ	以赛亚
Ἰωάννης	约翰
Ἱεροσολυμῖται	耶路撒冷
Ἱεροσολυμῖται	的
Ἱεροσολυμῖται	人
Ἰορδάνῃ	约旦
Ἰωάννης	约翰
Ἰησοῦς	耶稣
Ναζαρὲτ	拿撒勒
Γαλιλαίας	加利利
Γαλιλαίας	的
Ἰορδάνην	约旦
Ἰορδάνην	河
Ἰωάννου	约翰
σατανᾶ	撒旦
σατανᾶ	的
Ἰωάννην	约翰
Ἰησοῦς	耶稣
Γαλιλαίαν	加利利
Γαλιλαίας	加利利
Γαλιλαίας	的
Σίμωνα	西门
Ἀνδρέαν	安得烈
Σίμωνος	西门
Σίμωνος	的
Ἰησοῦς	耶稣
Ἰάκωβον	雅各
Ζεβεδαίου	西庇太
Ζεβεδαίου	的
Ἰωάννην	约翰
Ζεβεδαῖον	西庇太
Καφαρναούμ	迦百农
Ἰησοῦ	耶稣
Ἰησοῦς	耶稣
Γαλιλαίας	加利利
Γαλιλαίας	的
Σίμωνος	西门
Ἀνδρέου	安得烈
Ἀνδρέου	的
Ἰακώβου	雅各
Ἰωάννου	约翰
Σίμωνος	西门
Σίμωνος	的
Σίμων	西门
Γαλιλαίαν	加利利
Γαλιλαίαν	地
Μωϋσῆς	摩西
Καφαρναοὺμ	迦百农
Ἰησοῦς	耶稣
Ἰησοῦς	耶稣
Λευὶν	利未
Ἁλφαίου	亚勒腓
Ἁλφαίου	的
Ἰησοῦ	耶稣
Φαρισαίων	法利赛
Φαρισαίων	人
Φαρισαίων	中
Ἰησοῦς	耶稣
Ἰωάννου	约翰
Ἰωάννου	的
Φαρισαῖοι	法利赛
Φαρισαῖοι	人
Ἰωάννου	约翰
Ἰωάννου	的
Φαρισαίων	法利赛
Φαρισαίων	人
Φαρισαίων	的
Ἰησοῦς	耶稣
Φαρισαῖοι	法利赛
Φαρισαῖοι	人
Δαυὶδ	大卫
Ἀβιαθὰρ	亚比亚他
Φαρισαῖοι	法利赛
Φαρισαῖοι	人
Ἡρῳδιανῶν	希律
Ἡρῳδιανῶν	一
Ἡρῳδιανῶν	党
Ἡρῳδιανῶν	的
Ἡρῳδιανῶν	人
Ἰησοῦς	耶稣
Γαλιλαίας	加利利
Ἰουδαίας	犹太
Ἱεροσολύμων	耶路撒冷
Ἰδουμαίας	以土买
Ἰορδάνου	约旦
Ἰορδάνου	河
Τύρον	推罗
Σιδῶνα	西顿
Σίμωνι	西门
Πέτρον	彼得
Ἰάκωβον	雅各
Ζεβεδαίου	西庇太
Ζεβεδαίου	的
Ἰωάννην	约翰
Ἰακώβου	雅各
Ἰακώβου	的
Βοανηργές	半尼其
Ἀνδρέαν	安得烈
Φίλιππον	腓力
Βαρθολομαῖον	巴多罗买
Μαθθαῖον	马太
Θωμᾶν	多马
Ἰάκωβον	雅各
Ἁλφαίου	亚勒腓
Ἁλφαίου	的
Θαδδαῖον	达太
Σίμωνα	西门
Καναναῖον	奋锐党
Ἰούδαν	犹大
Ἰσκαριώθ	加略
Ἰσκαριώθ	人
Ἱεροσολύμων	耶路撒冷
Βεελζεβοὺλ	别西卜
σατανᾶς	撒旦
σατανᾶν	撒旦
σατανᾶς	撒旦
σατανᾶς	撒旦
Ἰησοῦν	耶稣
Ἰησοῦ	耶稣
Ἰησοῦν	耶稣
Δεκαπόλει	低加波利
Ἰησοῦς	耶稣
Ἰησοῦ	耶稣
Ἰάϊρος	睚鲁
Ἰησοῦ	耶稣
Ἰησοῦς	耶稣
Ἰησοῦς	耶稣
Πέτρον	彼得
Ἰάκωβον	雅各
Ἰωάννην	约翰
Ἰακώβου	雅各
Ἰακώβου	的
Μαρίας	马利亚
Μαρίας	的
Ἰακώβου	雅各
Ἰωσῆτος	约西
Ἰούδα	犹大
Σίμωνος	西门
Σίμωνος	的
Ἰησοῦς	耶稣
Ἡρῴδης	希律
Ἰωάννης	约翰
Ἠλίας	以利亚
Ἡρῴδης	希律
Ἰωάννην	约翰
Ἡρῴδης	希律
Ἰωάννην	约翰
Ἡρῳδιάδα	希罗底
Φιλίππου	腓力
Φιλίππου	的
Ἰωάννης	约翰
Ἡρῴδῃ	希律
Ἡρῴδῃ	对
Ἡρῳδιὰς	希罗底
Ἡρῴδης	希律
Ἰωάννην	他
Ἡρῴδης	希律
Γαλιλαίας	加利利
Ἡρῳδιάδος	希罗底
Ἡρῳδιάδος	的
Ἡρῴδῃ	希律
Ἰωάννου	约翰
Ἰωάννου	的
Ἰωάννου	约翰
Ἰωάννου	的
Ἰησοῦν	耶稣
Βηθσαϊδάν	伯赛大
Γεννησαρὲτ	革尼撒勒
Φαρισαῖοι	法利赛
Φαρισαῖοι	有
Φαρισαῖοι	人
Ἱεροσολύμων	耶路撒冷
Φαρισαῖοι	法利赛
Φαρισαῖοι	人
Φαρισαῖοι	法利赛
Φαρισαῖοι	人
Ἠσαΐας	以赛亚
Μωϋσῆς	摩西
κορβᾶν	各耳板
Τύρου	推罗
Ἑλληνίς	希腊
Ἑλληνίς	人
Συροφοινίκισσα	叙利非尼基
Τύρου	推罗
Τύρου	的
Σιδῶνος	西顿
Γαλιλαίας	加利利
Δεκαπόλεως	低加波利
Δαλμανουθά	大玛努他
Φαρισαῖοι	法利赛
Φαρισαῖοι	人
Φαρισαίων	法利赛
Φαρισαίων	人
Φαρισαίων	的
Ἡρῴδου	希律
Ἡρῴδου	的
Βηθσαϊδάν	伯赛大
Ἰησοῦς	耶稣
Ἰωάννην	约翰
Ἠλίαν	以利亚
Πέτρος	彼得
χριστός	基督
Πέτρος	彼得
Πέτρῳ	彼得
σατανᾶ	撒旦
Ἰησοῦς	耶稣
Πέτρον	彼得
Ἰάκωβον	雅各
Ἰωάννην	约翰
Ἠλίας	以利亚
Ἠλίας	有
Μωϋσεῖ	摩西
Ἰησοῦ	耶稣
Πέτρος	彼得
Ἰησοῦ	耶稣
Ἰησοῦ	对
Μωϋσεῖ	摩西
Μωϋσεῖ	为
Ἠλίᾳ	以利亚
Ἠλίᾳ	为
Ἰησοῦν	耶稣
Ἠλίαν	以利亚
Ἠλίας	以利亚
Ἠλίας	以利亚
Ἰησοῦς	耶稣
Ἰησοῦς	耶稣
Ἰησοῦς	耶稣
Γαλιλαίας	加利利
Καφαρναούμ	迦百农
Ἰωάννης	约翰
Ἰησοῦς	耶稣
Χριστοῦ	基督
Χριστοῦ	属
Ἰουδαίας	犹太
Ἰουδαίας	的
Ἰορδάνου	约旦
Ἰορδάνου	河
Φαρισαῖοι	法利赛
Φαρισαῖοι	有
Φαρισαῖοι	人
Μωϋσῆς	摩西
Μωϋσῆς	摩西
Ἰησοῦς	耶稣
Ἰησοῦς	耶稣
Ἰησοῦς	耶稣
Ἰησοῦς	耶稣
Ἰησοῦς	耶稣
Ἰησοῦς	耶稣
Ἰησοῦς	耶稣
Πέτρος	彼得
Ἰησοῦς	耶稣
Ἱεροσόλυμα	耶路撒冷
Ἰησοῦς	耶稣
Ἱεροσόλυμα	耶路撒冷
Ἰάκωβος	雅各
Ἰωάννης	约翰
Ζεβεδαίου	西庇太
Ζεβεδαίου	的
Ἰησοῦς	耶稣
Ἰησοῦς	耶稣
Ἰακώβου	雅各
Ἰωάννου	约翰
Ἰησοῦς	耶稣
Ἰεριχώ	耶利哥
Ἰεριχὼ	耶利哥
Τιμαίου	底买
Τιμαίου	的
Βαρτιμαῖος	巴底买
Ἰησοῦς	耶稣
Δαυὶδ	大卫
Δαυὶδ	的
Ἰησοῦ	耶稣
Ἰησοῦ	啊
Δαυίδ	大卫
Δαυίδ	的
Ἰησοῦς	耶稣
Ἰησοῦν	耶稣
Ἰησοῦς	耶稣
Ἰησοῦς	耶稣
Ἱεροσόλυμα	耶路撒冷
Βηθφαγὴ	伯法其
Βηθανίαν	伯大尼
Ἰησοῦς	耶稣
Ἰησοῦν	耶稣
Δαυίδ	大卫
Δαυίδ	之
Ἱεροσόλυμα	耶路撒冷
Βηθανίαν	伯大尼
Βηθανίας	伯大尼
Ἱεροσόλυμα	耶路撒冷
Πέτρος	彼得
Ἰησοῦς	耶稣
Ἱεροσόλυμα	耶路撒冷
Ἰησοῦς	耶稣
Ἰωάννου	约翰
Ἰωάννου	的
Ἰωάννην	约翰
Ἰησοῦ	耶稣
Ἰησοῦς	耶稣
Φαρισαίων	法利赛
Φαρισαίων	人
Ἡρῳδιανῶν	希律
Ἡρῳδιανῶν	几
Ἡρῳδιανῶν	个
Ἡρῳδιανῶν	党
Ἡρῳδιανῶν	的
Ἡρῳδιανῶν	人
Καίσαρι	恺撒
Καίσαρι	给
Καίσαρος	恺撒
Καίσαρος	的
Ἰησοῦς	耶稣
Καίσαρος	恺撒
Καίσαρος	的
Καίσαρι	恺撒
Σαδδουκαῖοι	撒都该
Σαδδουκαῖοι	人
Μωϋσῆς	摩西
Ἰησοῦς	耶稣
Μωϋσέως	摩西
Μωϋσέως	的
Ἀβραὰμ	亚伯拉罕
Ἀβραὰμ	的
Ἰσαὰκ	以撒
Ἰσαὰκ	的
Ἰακώβ	雅各
Ἰακώβ	的
Ἰησοῦς	耶稣
Ἰσραήλ	以色列
Ἰσραήλ	啊
Ἰησοῦς	耶稣
Ἰησοῦς	耶稣
χριστὸς	基督
Δαυίδ	大卫
Δαυίδ	的
Δαυὶδ	大卫
Δαυὶδ	大卫
Ἰησοῦς	耶稣
Πέτρος	彼得
Ἰάκωβος	雅各
Ἰωάννης	约翰
Ἀνδρέας	安得烈
Ἰησοῦς	耶稣
Ἰουδαίᾳ	犹太
χριστός	基督
Βηθανίᾳ	伯大尼
Σίμωνος	西门
Ἰησοῦς	耶稣
Ἰούδας	犹大
Ἰούδας	有
Ἰσκαριὼθ	加略
Ἰσκαριὼθ	人
Ἰησοῦς	耶稣
Ἰησοῦς	耶稣
Γαλιλαίαν	加利利
Πέτρος	彼得
Ἰησοῦς	耶稣
Γεθσημανὶ	客西马尼
Πέτρον	彼得
Ἰάκωβον	雅各
Ἰωάννην	约翰
Πέτρῳ	彼得
Πέτρῳ	对
Σίμων	西门
Ἰούδας	犹大
Ἰησοῦς	耶稣
Ἰησοῦν	耶稣
Ἰησοῦν	把
Πέτρος	彼得
Ἰησοῦ	耶稣
Ἰησοῦν	耶稣
χριστὸς	基督
Ἰησοῦς	耶稣
Πέτρου	彼得
Πέτρον	彼得
Ἰησοῦ	耶稣
Πέτρῳ	彼得
Πέτρῳ	对
Πέτρος	彼得
Ἰησοῦς	耶稣
Ἰησοῦν	耶稣
Ἰησοῦν	把
Πιλάτῳ	彼拉多
Πιλᾶτος	彼拉多
Πιλᾶτος	彼拉多
Ἰησοῦς	耶稣
Πιλᾶτον	彼拉多
Βαραββᾶς	巴拉巴
Πιλᾶτος	彼拉多
Βαραββᾶν	巴拉巴
Πιλᾶτος	彼拉多
Πιλᾶτος	彼拉多
Πιλᾶτος	彼拉多
Βαραββᾶν	巴拉巴
Ἰησοῦν	耶稣
Ἰησοῦν	将
Σίμωνα	西门
Κυρηναῖον	古利奈
Κυρηναῖον	人
Ἀλεξάνδρου	亚历山大
Ῥούφου	鲁孚
Ῥούφου	的
Γολγοθᾶν	各各他
χριστὸς	基督
Ἰσραὴλ	以色列
Ἰσραὴλ	的
Ἰησοῦς	耶稣
Ἠλίαν	以利亚
Ἠλίας	以利亚
Ἰησοῦς	耶稣
Μαρία	马利亚
Μαγδαληνὴ	抹大拉
Μαρία	马利亚
Ἰακώβου	雅各
Ἰωσῆτος	约西
Ἰωσῆτος	的
Σαλώμη	撒罗米
Γαλιλαίᾳ	加利利
Ἱεροσόλυμα	耶路撒冷
Ἰωσὴφ	约瑟
Ἰωσὴφ	有
Ἁριμαθαίας	亚利马太
Πιλᾶτον	彼拉多
Ἰησοῦ	耶稣
Ἰησοῦ	的
Πιλᾶτος	彼拉多
Ἰωσήφ	约瑟
Μαρία	马利亚
Μαγδαληνὴ	抹大拉
Μαρία	马利亚
Ἰωσῆτος	约西
Ἰωσῆτος	的
Μαρία	马利亚
Μαγδαληνὴ	抹大拉
Μαρία	马利亚
Ἰακώβου	雅各
Ἰακώβου	的
Σαλώμη	撒罗米
Ἰησοῦν	耶稣
Πέτρῳ	彼得
Γαλιλαίαν	加利利
Μαρίᾳ	马利亚
Μαρίᾳ	向
Μαγδαληνῇ	抹大拉
Ἰησοῦς	耶稣
Θεόφιλε	提阿非罗
Ἡρῴδου	希律
Ἡρῴδου	的
Ἰουδαίας	犹太
Ζαχαρίας	撒迦利亚
Ἀβιά	亚比雅
Ἀαρὼν	亚伦
Ἀαρὼν	的
Ἐλισάβετ	伊利莎白
Ἐλισάβετ	伊利莎白
Ζαχαρίας	撒迦利亚
Ζαχαρία	撒迦利亚
Ἐλισάβετ	伊利莎白
Ἰωάννην	约翰
Ἰσραὴλ	以色列
Ἠλίου	以利亚
Ἠλίου	的
Ζαχαρίας	撒迦利亚
Γαβριὴλ	加百列
Ζαχαρίαν	撒迦利亚
Ἐλισάβετ	伊利莎白
Γαβριὴλ	加百列
Γαλιλαίας	加利利
Γαλιλαίας	的
Ναζαρὲθ	拿撒勒
Ἰωσὴφ	约瑟
Δαυὶδ	大卫
Μαριάμ	马利亚
Μαριάμ	马利亚
Ἰησοῦν	耶稣
Δαυὶδ	大卫
Δαυὶδ	的
Ἰακὼβ	雅各
Μαριὰμ	马利亚
Ἐλισάβετ	伊利莎白
Μαριάμ	马利亚
Μαριὰμ	马利亚
Ἰούδα	犹大
Ἰούδα	的
Ζαχαρίου	撒迦利亚
Ζαχαρίου	的
Ἐλισάβετ	伊利莎白
Μαρίας	马利亚
Ἐλισάβετ	伊利莎白
Ἐλισάβετ	伊利莎白
Μαριάμ	马利亚
Ἰσραὴλ	以色列
Ἀβραὰμ	亚伯拉罕
Μαριὰμ	马利亚
Ἐλισάβετ	伊利莎白
Ζαχαρίαν	撒迦利亚
Ἰωάννης	约翰
Ἰωάννης	约翰
Ἰουδαίας	犹太
Ἰουδαίας	的
Ζαχαρίας	撒迦利亚
Ἰσραήλ	以色列
Ἰσραήλ	的
Δαυὶδ	大卫
Ἀβραὰμ	亚伯拉罕
Ἰσραήλ	以色列
Ἰσραήλ	人
Καίσαρος	恺撒
Αὐγούστου	奥古斯都
Συρίας	叙利亚
Κυρηνίου	居里扭
Ἰωσὴφ	约瑟
Γαλιλαίας	加利利
Ναζαρὲθ	拿撒勒
Ἰουδαίαν	犹太
Δαυὶδ	大卫
Δαυὶδ	的
Βηθλέεμ	伯利恒
Δαυίδ	大卫
Μαριὰμ	马利亚
χριστὸς	基督
Δαυίδ	大卫
Δαυίδ	的
Βηθλέεμ	伯利恒
Μαριὰμ	马利亚
Ἰωσὴφ	约瑟
Μαριὰμ	马利亚
Ἰησοῦς	耶稣
Μωϋσέως	摩西
Ἱεροσόλυμα	耶路撒冷
Ἰερουσαλὴμ	耶路撒冷
Συμεὼν	西面
Ἰσραήλ	以色列
Ἰσραήλ	的
χριστὸν	基督
Ἰησοῦν	耶稣
Ἰσραήλ	以色列
Ἰσραήλ	的
Συμεὼν	西面
Μαριὰμ	马利亚
Ἰσραὴλ	以色列
Ἅννα	亚拿
Φανουήλ	法内力
Φανουήλ	的
Ἀσήρ	亚设
Ἰερουσαλήμ	耶路撒冷
Γαλιλαίαν	加利利
Ναζαρέθ	拿撒勒
Ἰερουσαλὴμ	耶路撒冷
Ἰησοῦς	耶稣
Ἰερουσαλήμ	耶路撒冷
Ἰερουσαλὴμ	耶路撒冷
Ναζαρὲθ	拿撒勒
Ἰησοῦς	耶稣
Τιβερίου	提庇留
Καίσαρος	恺撒
Ἰουδαίας	犹太
Γαλιλαίας	加利利
Ἡρῴδου	希律
Φιλίππου	腓力
Λυσανίου	吕撒聂
Ἀβιληνῆς	亚比利尼
Ἅννα	亚那
Καϊάφα	该亚法
Ἰωάννην	约翰
Ζαχαρίου	撒迦利亚
Ζαχαρίου	的
Ἰορδάνου	约旦
Ἰορδάνου	河
Ἠσαΐου	以赛亚
Ἀβραάμ	亚伯拉罕
Ἀβραάμ	亚伯拉罕
Ἀβραάμ	给
Ἰωάννου	约翰
χριστός	基督
Ἰωάννης	约翰
Ἡρῴδης	希律
Ἡρῳδιάδος	希罗底
Ἡρῴδης	他
Ἰωάννην	约翰
Ἰωάννην	把
Ἰησοῦ	耶稣
Ἰησοῦς	耶稣
Ἰωσὴφ	约瑟
Ἰωσὴφ	的
Ἠλὶ	希里
Ἠλὶ	的
Μαθθὰτ	玛塔
Μαθθὰτ	的
Λευὶ	利未
Λευὶ	的
Μελχὶ	麦基
Μελχὶ	的
Ἰανναὶ	雅拿
Ἰανναὶ	的
Ἰωσὴφ	约瑟
Ἰωσὴφ	的
Ματταθίου	玛他提亚
Ματταθίου	的
Ἀμὼς	亚摩斯
Ἀμὼς	的
Ναοὺμ	拿鸿
Ναοὺμ	的
Ἑσλὶ	以斯利
Ἑσλὶ	的
Ναγγαὶ	拿该
Ναγγαὶ	的
Μάαθ	玛押
Μάαθ	的
Ματταθίου	玛他提亚
Ματταθίου	的
Σεμεῒν	西美
Σεμεῒν	的
Ἰωσὴχ	约瑟
Ἰωσὴχ	的
Ἰωδὰ	犹大
Ἰωδὰ	的
Ἰωανὰν	约亚拿
Ἰωανὰν	的
Ῥησὰ	利撒
Ῥησὰ	的
Ζοροβαβὲλ	所罗巴伯
Ζοροβαβὲλ	的
Σαλαθιὴλ	撒拉铁
Σαλαθιὴλ	的
Νηρὶ	尼利
Νηρὶ	的
Μελχὶ	麦基
Μελχὶ	的
Ἀδδὶ	亚底
Ἀδδὶ	的
Κωσὰμ	哥桑
Κωσὰμ	的
Ἐλμαδὰμ	以摩当
Ἐλμαδὰμ	的
Ἢρ	珥
Ἢρ	的
Ἰησοῦ	约细
Ἰησοῦ	的
Ἐλιέζερ	以利以谢
Ἐλιέζερ	的
Ἰωρὶμ	约令
Ἰωρὶμ	的
Μαθθὰτ	玛塔
Μαθθὰτ	的
Λευὶ	利未
Λευὶ	的
Συμεὼν	西缅
Συμεὼν	的
Ἰούδα	犹大
Ἰούδα	的
Ἰωσὴφ	约瑟
Ἰωσὴφ	的
Ἰωνὰμ	约南
Ἰωνὰμ	的
Ἐλιακὶμ	以利亚敬
Ἐλιακὶμ	的
Μελεὰ	米利亚
Μελεὰ	的
Μεννὰ	买南
Μεννὰ	的
Ματταθὰ	玛达他
Ματταθὰ	的
Ναθὰμ	拿单
Ναθὰμ	的
Δαυὶδ	大卫
Δαυὶδ	的
Ἰεσσαὶ	耶西
Ἰεσσαὶ	的
Ἰωβὴδ	俄备得
Ἰωβὴδ	的
Βόος	波阿斯
Βόος	的
Σαλὰ	撒门
Σαλὰ	的
Ναασσὼν	拿顺
Ναασσὼν	的
Ἀμιναδὰβ	亚米拿达
Ἀμιναδὰβ	的
Ἀρνὶ	亚兰
Ἀρνὶ	的
Ἑσρὼμ	希斯仑
Ἑσρὼμ	的
Φάρες	法勒斯
Φάρες	的
Ἰούδα	犹大
Ἰούδα	的
Ἰακὼβ	雅各
Ἰακὼβ	的
Ἰσαὰκ	以撒
Ἰσαὰκ	的
Ἀβραὰμ	亚伯拉罕
Ἀβραὰμ	的
Θάρα	他拉
Θάρα	的
Ναχὼρ	拿鹤
Ναχὼρ	的
Σεροὺχ	西鹿
Σεροὺχ	的
Ῥαγαὺ	拉吴
Ῥαγαὺ	的
Φάλεκ	法勒
Φάλεκ	的
Ἔβερ	希伯
Ἔβερ	的
Σαλὰ	沙拉
Σαλὰ	的
Καϊνὰμ	该南
Καϊνὰμ	的
Ἀρφαξὰδ	亚法撒
Ἀρφαξὰδ	的
Σὴμ	闪
Σὴμ	的
Νῶε	挪亚
Νῶε	的
Λάμεχ	拉麦
Λάμεχ	的
Μαθουσαλὰ	玛土撒拉
Μαθουσαλὰ	的
Ἑνὼχ	以诺
Ἑνὼχ	的
Ἰάρετ	雅列
Ἰάρετ	的
Μαλελεὴλ	玛勒列
Μαλελεὴλ	的
Καϊνὰμ	该南
Καϊνὰμ	的
Ἐνὼς	以挪士
Ἐνὼς	的
Σὴθ	塞特
Σὴθ	的
Ἀδὰμ	亚当
Ἀδὰμ	的
Ἰησοῦς	耶稣
Ἰορδάνου	约旦
Ἰορδάνου	河
Ἰησοῦς	耶稣
Ἰησοῦς	耶稣
Ἰερουσαλὴμ	耶路撒冷
Ἰησοῦς	耶稣
Ἰησοῦς	耶稣
Γαλιλαίαν	加利利
Ναζαρά	拿撒勒
Ἠσαΐου	以赛亚
Ἠσαΐου	的
Ἰωσὴφ	约瑟
Ἰωσὴφ	的
Καφαρναοὺμ	迦百农
Ἠλίου	以利亚
Ἠλίου	的
Ἰσραήλ	以色列
Ἠλίας	以利亚
Σάρεπτα	撒勒法
Ἰσραὴλ	以色列
Ἐλισαίου	以利沙
Ναιμὰν	乃缦
Σύρος	叙利亚
Σύρος	国
Καφαρναοὺμ	迦百农
Γαλιλαίας	加利利
Γαλιλαίας	的
Ἰησοῦ	耶稣
Ἰησοῦς	耶稣
Σίμωνος	西门
Σίμωνος	的
Σίμωνος	西门
Σίμωνος	的
χριστὸν	基督
Γεννησαρὲτ	革尼撒勒
Σίμωνος	西门
Σίμωνος	的
Σίμωνα	西门
Σίμων	西门
Σίμων	西门
Πέτρος	彼得
Ἰησοῦ	耶稣
Ἰάκωβον	雅各
Ἰωάννην	约翰
Ζεβεδαίου	西庇太
Ζεβεδαίου	的
Σίμωνι	他
Σίμωνα	西门
Ἰησοῦς	耶稣
Ἰησοῦν	他
Μωϋσῆς	摩西
Φαρισαῖοι	法利赛
Φαρισαῖοι	有
Φαρισαῖοι	人
Γαλιλαίας	加利利
Ἰουδαίας	犹太
Ἰερουσαλήμ	耶路撒冷
Ἰησοῦ	耶稣
Φαρισαῖοι	法利赛
Φαρισαῖοι	人
Ἰησοῦς	耶稣
Λευὶν	利未
Λευὶς	利未
Φαρισαῖοι	法利赛
Φαρισαῖοι	人
Ἰησοῦς	耶稣
Ἰωάννου	约翰
Ἰωάννου	的
Φαρισαίων	法利赛
Φαρισαίων	人
Φαρισαίων	的
Ἰησοῦς	耶稣
Φαρισαίων	法利赛
Φαρισαίων	人
Ἰησοῦς	耶稣
Δαυὶδ	大卫
Φαρισαῖοι	法利赛
Φαρισαῖοι	人
Ἰησοῦς	耶稣
Ἰησοῦ	耶稣
Σίμωνα	西门
Πέτρον	彼得
Ἀνδρέαν	安得烈
Ἰάκωβον	雅各
Ἰωάννην	约翰
Φίλιππον	腓力
Βαρθολομαῖον	巴多罗买
Μαθθαῖον	马太
Θωμᾶν	多马
Ἰάκωβον	雅各
Ἁλφαίου	亚勒腓
Ἁλφαίου	的
Σίμωνα	西门
Ἰούδαν	犹大
Ἰακώβου	雅各
Ἰακώβου	的
Ἰούδαν	犹大
Ἰσκαριώθ	加略
Ἰσκαριώθ	人
Ἰουδαίας	犹太
Ἰουδαίας	地
Ἰερουσαλὴμ	耶路撒冷
Τύρου	推罗
Σιδῶνος	西顿
Σιδῶνος	的
Καφαρναούμ	迦百农
Ἰησοῦ	耶稣
Ἰησοῦν	耶稣
Ἰησοῦς	耶稣
Ἰησοῦς	耶稣
Ἰσραὴλ	以色列
Ναῒν	拿因
Ἰουδαίᾳ	犹太
Ἰωάννῃ	约翰
Ἰωάννης	他
Ἰωάννης	约翰
Ἰωάννῃ	约翰
Ἰωάννου	约翰
Ἰωάννου	约翰
Ἰωάννου	约翰
Ἰωάννου	约翰
Ἰωάννου	的
Φαρισαῖοι	法利赛
Φαρισαῖοι	人
Ἰωάννης	约翰
Φαρισαίων	法利赛
Φαρισαίων	人
Φαρισαίου	法利赛
Φαρισαίου	人
Φαρισαίου	法利赛
Φαρισαίου	人
Φαρισαῖος	法利赛
Φαρισαῖος	人
Ἰησοῦς	耶稣
Σίμων	西门
Σίμων	西门
Σίμωνι	西门
Σίμωνι	对
Μαρία	马利亚
Μαγδαληνή	抹大拉
Ἰωάννα	约亚拿
Χουζᾶ	苦撒
Χουζᾶ	的
Ἡρῴδου	希律
Ἡρῴδου	的
Σουσάννα	苏撒拿
Γαλιλαίας	加利利
Γαλιλαίας	的
Ἰησοῦν	耶稣
Ἰησοῦ	耶稣
Ἰησοῦς	耶稣
Ἰησοῦν	耶稣
Ἰησοῦ	耶稣
Ἰησοῦς	耶稣
Ἰησοῦν	耶稣
Ἰάϊρος	睚鲁
Ἰησοῦ	耶稣
Ἰησοῦς	耶稣
Πέτρος	彼得
Ἰησοῦς	耶稣
Ἰησοῦς	耶稣
Πέτρον	彼得
Ἰωάννην	约翰
Ἰάκωβον	雅各
Ἡρῴδης	希律
Ἰωάννης	约翰
Ἠλίας	以利亚
Ἡρῴδης	希律
Ἰωάννην	约翰
Βηθσαϊδά	伯赛大
Ἰωάννην	约翰
Ἠλίαν	以利亚
Πέτρος	彼得
χριστὸν	基督
Πέτρον	彼得
Ἰωάννην	约翰
Ἰάκωβον	雅各
Μωϋσῆς	摩西
Ἠλίας	以利亚
Ἰερουσαλήμ	耶路撒冷
Πέτρος	彼得
Πέτρος	彼得
Ἰησοῦν	耶稣
Μωϋσεῖ	摩西
Μωϋσεῖ	为
Ἠλίᾳ	以利亚
Ἠλίᾳ	为
Ἰησοῦς	耶稣
Ἰησοῦς	耶稣
Ἰησοῦς	耶稣
Ἰησοῦς	耶稣
Ἰωάννης	约翰
Ἰησοῦς	耶稣
Ἰερουσαλήμ	耶路撒冷
Σαμαριτῶν	撒马利亚
Σαμαριτῶν	的
Ἰερουσαλήμ	耶路撒冷
Ἰάκωβος	雅各
Ἰωάννης	约翰
Ἰησοῦς	耶稣
Ἰησοῦς	耶稣
Σοδόμοις	所多玛
Χοραζίν	哥拉汛
Χοραζίν	哪
Βηθσαϊδά	伯赛大
Βηθσαϊδά	啊
Τύρῳ	推罗
Σιδῶνι	西顿
Τύρῳ	推罗
Σιδῶνι	西顿
Καφαρναούμ	迦百农
Καφαρναούμ	啊
σατανᾶν	撒旦
Ἰησοῦν	耶稣
Ἰησοῦς	耶稣
Ἰερουσαλὴμ	耶路撒冷
Ἰεριχὼ	耶利哥
Λευίτης	利未
Λευίτης	有
Λευίτης	一
Λευίτης	个
Λευίτης	人
Σαμαρίτης	撒马利亚
Σαμαρίτης	人
Ἰησοῦς	耶稣
Μάρθα	马大
Μαριάμ	马利亚
Μάρθα	马大
Μάρθα	马大
Μάρθα	马大
Μαριὰμ	马利亚
Ἰωάννης	约翰
Βεελζεβοὺλ	别西卜
σατανᾶς	撒旦
Βεελζεβοὺλ	别西卜
Βεελζεβοὺλ	别西卜
Ἰωνᾶ	约拿
Ἰωνᾶ	的
Ἰωνᾶς	约拿
Νινευίταις	尼尼微
Νινευίταις	为
Νινευίταις	人
Σολομῶνος	所罗门
Σολομῶνος	的
Σολομῶνος	所罗门
Σολομῶνος	比
Νινευῖται	尼尼微
Ἰωνᾶ	约拿
Ἰωνᾶ	约拿
Ἰωνᾶ	比
Φαρισαῖος	法利赛
Φαρισαῖος	有
Φαρισαῖος	一
Φαρισαῖος	个
Φαρισαῖος	人
Φαρισαῖος	法利赛
Φαρισαῖος	人
Φαρισαῖοι	法利赛
Φαρισαῖοι	人
Φαρισαίοις	法利赛
Φαρισαίοις	人
Φαρισαίοις	法利赛
Φαρισαίοις	人
Ἅβελ	亚伯
Ἅβελ	的
Ζαχαρίου	撒迦利亚
Ζαχαρίου	的
Φαρισαῖοι	法利赛
Φαρισαῖοι	人
Φαρισαίων	法利赛
Φαρισαίων	人
Φαρισαίων	的
Σολομὼν	所罗门
Πέτρος	彼得
Πιλᾶτος	彼拉多
Σιλωὰμ	西罗亚
Ἰερουσαλήμ	耶路撒冷
Ἰησοῦς	耶稣
Ἰησοῦς	耶稣
Ἀβραὰμ	亚伯拉罕
Ἀβραὰμ	的
σατανᾶς	撒旦
Ἱεροσόλυμα	耶路撒冷
Ἀβραὰμ	亚伯拉罕
Ἰσαὰκ	以撒
Ἰακὼβ	雅各
Φαρισαῖοι	法利赛
Φαρισαῖοι	有
Φαρισαῖοι	人
Ἡρῴδης	希律
Ἰερουσαλήμ	耶路撒冷
Ἰερουσαλὴμ	耶路撒冷
Ἰερουσαλὴμ	啊
Ἰερουσαλήμ	耶路撒冷
Ἰερουσαλήμ	啊
Φαρισαίων	法利赛
Φαρισαίων	人
Φαρισαίων	的
Ἰησοῦς	耶稣
Φαρισαίους	法利赛
Φαρισαίους	人
Φαρισαῖοι	法利赛
Φαρισαῖοι	人
Φαρισαῖοι	法利赛
Φαρισαῖοι	人
Ἰωάννου	约翰
Λάζαρος	拉撒路
Ἀβραάμ	亚伯拉罕
Ἀβραάμ	的
Ἀβραὰμ	亚伯拉罕
Λάζαρον	拉撒路
Ἀβραάμ	亚伯拉罕
Ἀβραάμ	哪
Λάζαρον	拉撒路
Ἀβραάμ	亚伯拉罕
Λάζαρος	拉撒路
Ἀβραάμ	亚伯拉罕
Μωϋσέα	摩西
Ἀβραάμ	亚伯拉罕
Ἀβραάμ	哪
Μωϋσέως	摩西
Ἰερουσαλὴμ	耶路撒冷
Σαμαρείας	撒马利亚
Γαλιλαίας	加利利
Ἰησοῦ	耶稣
Σαμαρίτης	撒马利亚
Σαμαρίτης	人
Ἰησοῦς	耶稣
Φαρισαίων	法利赛
Φαρισαίων	人
Νῶε	挪亚
Νῶε	的
Νῶε	挪亚
Λώτ	罗得
Λώτ	的
Λὼτ	罗得
Σοδόμων	所多玛
Λώτ	罗得
Λώτ	的
Φαρισαῖος	法利赛
Φαρισαῖος	人
Φαρισαῖος	法利赛
Φαρισαῖος	人
Ἰησοῦς	耶稣
Ἰησοῦς	耶稣
Ἰησοῦς	耶稣
Ἰησοῦς	耶稣
Πέτρος	彼得
Ἰερουσαλήμ	耶路撒冷
Ἰεριχὼ	耶利哥
Ἰησοῦς	耶稣
Ναζωραῖος	拿撒勒
Ναζωραῖος	人
Ἰησοῦ	耶稣
Ἰησοῦ	啊
Δαυίδ	大卫
Δαυίδ	的
Δαυίδ	大卫
Δαυίδ	的
Ἰησοῦς	耶稣
Ἰησοῦς	耶稣
Ἰεριχώ	耶利哥
Ζακχαῖος	撒该
Ἰησοῦν	耶稣
Ἰησοῦς	耶稣
Ζακχαῖε	撒该
Ζακχαῖος	撒该
Ἰησοῦς	耶稣
Ἀβραάμ	亚伯拉罕
Ἀβραάμ	的
Ἰερουσαλὴμ	耶路撒冷
Ἱεροσόλυμα	耶路撒冷
Βηθφαγὴ	伯法其
Βηθανία[ν]	伯大尼
Ἰησοῦν	耶稣
Ἰησοῦν	耶稣
Φαρισαίων	法利赛
Φαρισαίων	人
Ἰωάννου	约翰
Ἰωάννου	的
Ἰωάννην	约翰
Ἰησοῦς	耶稣
Καίσαρι	恺撒
Καίσαρι	给
Καίσαρος	恺撒
Καίσαρος	的
Καίσαρος	恺撒
Καίσαρος	的
Καίσαρι	恺撒
Σαδδουκαίων	撒都该
Σαδδουκαίων	人
Μωϋσῆς	摩西
Ἰησοῦς	耶稣
Μωϋσῆς	摩西
Ἀβραὰμ	亚伯拉罕
Ἀβραὰμ	的
Ἰσαὰκ	以撒
Ἰσαὰκ	的
Ἰακώβ	雅各
Ἰακώβ	的
χριστὸν	基督
Δαυὶδ	大卫
Δαυὶδ	的
Δαυὶδ	大卫
Δαυὶδ	大卫
Ἰερουσαλήμ	耶路撒冷
Ἰουδαίᾳ	犹太
Ἰερουσαλὴμ	耶路撒冷
σατανᾶς	撒旦
Ἰούδαν	犹大
Ἰσκαριώτην	加略
Ἰσκαριώτην	人
Πέτρον	彼得
Ἰωάννην	约翰
Ἰσραήλ	以色列
Σίμων	西门
Σίμων	西门
σατανᾶς	撒旦
Πέτρε	彼得
Ἰούδας	犹大
Ἰησοῦ	耶稣
Ἰησοῦς	耶稣
Ἰούδα	犹大
Ἰησοῦς	耶稣
Ἰησοῦς	耶稣
Πέτρος	彼得
Πέτρος	彼得
Πέτρος	彼得
Πέτρος	彼得
Πέτρῳ	彼得
Πέτρος	彼得
χριστός	基督
Πιλᾶτον	彼拉多
Καίσαρι	恺撒
Καίσαρι	给
χριστὸν	基督
Πιλᾶτος	彼拉多
Πιλᾶτος	彼拉多
Ἰουδαίας	犹太
Γαλιλαίας	加利利
Πιλᾶτος	彼拉多
Ἡρῴδου	希律
Ἡρῴδην	希律
Ἱεροσολύμοις	耶路撒冷
Ἡρῴδης	希律
Ἰησοῦν	耶稣
Ἡρῴδης	希律
Πιλάτῳ	彼拉多
Ἡρῴδης	希律
Πιλᾶτος	彼拉多
Πιλᾶτος	彼拉多
Ἡρῴδης	希律
Βαραββᾶν	巴拉巴
Πιλᾶτος	彼拉多
Ἰησοῦν	耶稣
Πιλᾶτος	彼拉多
Ἰησοῦν	耶稣
Ἰησοῦν	把
Σίμωνά	西门
Κυρηναῖον	古利奈
Κυρηναῖον	人
Ἰησοῦ	耶稣
Ἰησοῦς	耶稣
Ἰερουσαλήμ	耶路撒冷
Ἰερουσαλήμ	的
Ἰησοῦς	耶稣
χριστὸς	基督
χριστός	基督
Ἰησοῦ	耶稣
Ἰησοῦ	啊
Ἰησοῦς	耶稣
Γαλιλαίας	加利利
Ἰωσὴφ	约瑟
Ἁριμαθαίας	亚利马太
Πιλάτῳ	彼拉多
Ἰησοῦ	耶稣
Ἰησοῦ	的
Γαλιλαίας	加利利
Ἰησοῦ	耶稣
Ἰησοῦ	的
Γαλιλαίᾳ	加利利
Μαγδαληνὴ	抹大拉
Μαρία	马利亚
Ἰωάννα	约亚拿
Μαρία	马利亚
Ἰακώβου	雅各
Ἰακώβου	的
Πέτρος	彼得
Ἰερουσαλήμ	耶路撒冷
Ἐμμαοῦς	以马忤斯
Ἰησοῦς	耶稣
Κλεοπᾶς	革流巴
Ἰερουσαλὴμ	耶路撒冷
Ἰησοῦ	耶稣
Ἰσραήλ	以色列
Ἰσραήλ	民
χριστὸν	基督
Μωϋσέως	摩西
Ἰερουσαλὴμ	耶路撒冷
Σίμωνι	西门
Μωϋσέως	摩西
Μωϋσέως	的
χριστὸν	基督
Ἰερουσαλὴμ	耶路撒冷
Βηθανίαν	伯大尼
Ἰερουσαλὴμ	耶路撒冷
Ἰωάννης	约翰
Ἰωάννης	约翰
Μωϋσέως	摩西
Ἰησοῦ	耶稣
Χριστοῦ	基督
Ἰωάννου	约翰
Ἱεροσολύμων	耶路撒冷
Λευίτας	利未
Λευίτας	人
χριστός	基督
Ἠλίας	以利亚
Ἠσαΐας	以赛亚
Φαρισαίων	法利赛
Φαρισαίων	人
χριστὸς	基督
Ἠλίας	以利亚
Ἰωάννης	约翰
Βηθανίᾳ	伯大尼
Ἰορδάνου	约旦
Ἰορδάνου	河
Ἰωάννης	约翰
Ἰησοῦν	耶稣
Ἰσραὴλ	以色列
Ἰσραὴλ	给
Ἰσραὴλ	人
Ἰωάννης	约翰
Ἰωάννης	约翰
Ἰησοῦ	耶稣
Ἰησοῦ	耶稣
Ἰησοῦς	耶稣
Ἀνδρέας	安得烈
Σίμωνος	西门
Πέτρου	彼得
Πέτρου	的
Ἰωάννου	约翰
Σίμωνα	西门
Μεσσίαν	弥赛亚
χριστός	基督
Ἰησοῦν	耶稣
Ἰησοῦς	耶稣
Σίμων	西门
Ἰωάννου	约翰
Ἰωάννου	的
Κηφᾶς	矶法
Πέτρος	彼得
Γαλιλαίαν	加利利
Φίλιππον	腓力
Ἰησοῦς	耶稣
Φίλιππος	腓力
Βηθσαϊδά	伯赛大
Βηθσαϊδά	人
Ἀνδρέου	安得烈
Πέτρου	彼得
Φίλιππος	腓力
Ναθαναὴλ	拿但业
Μωϋσῆς	摩西
Ἰησοῦν	耶稣
Ἰωσὴφ	约瑟
Ἰωσὴφ	的
Ναθαναήλ	拿但业
Ναζαρὲτ	拿撒勒
Φίλιππος	腓力
Ἰησοῦς	耶稣
Ναθαναὴλ	拿但业
Ἰσραηλίτης	以色列
Ἰσραηλίτης	人
Ναθαναήλ	拿但业
Ἰησοῦς	耶稣
Φίλιππον	腓力
Ναθαναήλ	拿但业
Ἰσραήλ	以色列
Ἰσραήλ	的
Ἰησοῦς	耶稣
Κανὰ	迦拿
Γαλιλαίας	加利利
Γαλιλαίας	的
Ἰησοῦ	耶稣
Ἰησοῦ	的
Ἰησοῦς	耶稣
Ἰησοῦ	耶稣
Ἰησοῦ	的
Ἰησοῦς	耶稣
Ἰησοῦς	耶稣
Ἰησοῦς	耶稣
Κανὰ	迦拿
Γαλιλαίας	加利利
Γαλιλαίας	的
Καφαρναοὺμ	迦百农
Ἱεροσόλυμα	耶路撒冷
Ἰησοῦς	耶稣
Ἰησοῦς	耶稣
Ἰησοῦς	耶稣
Ἱεροσολύμοις	耶路撒冷
Ἰησοῦς	耶稣
Φαρισαίων	法利赛
Νικόδημος	尼哥迪慕
Ἰησοῦς	耶稣
Νικόδημος	尼哥迪慕
Ἰησοῦς	耶稣
Νικόδημος	尼哥迪慕
Ἰησοῦς	耶稣
Ἰσραὴλ	以色列
Ἰσραὴλ	人
Ἰσραὴλ	的
Μωϋσῆς	摩西
Ἰησοῦς	耶稣
Ἰωάννης	约翰
Αἰνὼν	哀嫩
Σαλείμ	撒冷
Ἰωάννης	约翰
Ἰωάννου	约翰
Ἰωάννου	的
Ἰωάννην	约翰
Ἰορδάνου	约旦
Ἰορδάνου	河
Ἰωάννης	约翰
χριστός	基督
Ἰησοῦς	主
Φαρισαῖοι	法利赛
Φαρισαῖοι	人
Ἰησοῦς	他
Ἰωάννης	约翰
Ἰησοῦς	耶稣
Ἰουδαίαν	犹太
Γαλιλαίαν	加利利
Σαμαρείας	撒马利亚
Σαμαρείας	撒马利亚
Σαμαρείας	的
Συχὰρ	叙加
Ἰακὼβ	雅各
Ἰωσὴφ	约瑟
Ἰακώβ	雅各
Ἰησοῦς	耶稣
Σαμαρείας	撒马利亚
Ἰησοῦς	耶稣
Σαμαρῖτις	撒马利亚
Σαμαρίτιδος	撒马利亚
Σαμαρίταις	撒马利亚
Σαμαρίταις	和
Σαμαρίταις	人
Ἰησοῦς	耶稣
Ἰακώβ	雅各
Ἰησοῦς	耶稣
Ἰησοῦς	耶稣
Ἱεροσολύμοις	耶路撒冷
Ἰησοῦς	耶稣
Ἱεροσολύμοις	耶路撒冷
Μεσσίας	弥赛亚
χριστός	基督
Ἰησοῦς	耶稣
χριστός	基督
Ἰησοῦς	耶稣
Σαμαριτῶν	撒马利亚
Σαμαριτῶν	人
Σαμαρῖται	撒马利亚
Σαμαρῖται	人
Γαλιλαίαν	加利利
Ἰησοῦς	耶稣
Γαλιλαίαν	加利利
Ἱεροσολύμοις	耶路撒冷
Κανὰ	迦拿
Γαλιλαίας	加利利
Γαλιλαίας	的
Καφαρναούμ	迦百农
Ἰησοῦς	耶稣
Ἰουδαίας	犹太
Γαλιλαίαν	加利利
Ἰησοῦς	耶稣
Ἰησοῦς	耶稣
Ἰησοῦς	耶稣
Ἰησοῦς	耶稣
Ἰησοῦς	耶稣
Ἰουδαίας	犹太
Γαλιλαίαν	加利利
Ἰησοῦς	耶稣
Ἱεροσόλυμα	耶路撒冷
Ἱεροσολύμοις	耶路撒冷
Βηθζαθὰ	毕士大
Ἰησοῦς	耶稣
Ἰησοῦς	耶稣
Ἰησοῦς	耶稣
Ἰησοῦς	耶稣
Ἰησοῦς	耶稣
Ἰησοῦν	耶稣
Ἰησοῦς	耶稣
Ἰησοῦς	耶稣
Ἰωάννην	约翰
Ἰωάννου	约翰
Ἰωάννου	比
Μωϋσῆς	摩西
Μωϋσεῖ	摩西
Ἰησοῦς	耶稣
Γαλιλαίας	加利利
Τιβεριάδος	提比哩亚
Τιβεριάδος	海
Ἰησοῦς	耶稣
Ἰησοῦς	耶稣
Φίλιππον	腓力
Φίλιππος	腓力
Ἀνδρέας	安得烈
Σίμωνος	西门
Πέτρου	彼得
Πέτρου	的
Ἰησοῦς	耶稣
Ἰησοῦς	耶稣
Ἰησοῦς	耶稣
Καφαρναούμ	迦百农
Ἰησοῦς	耶稣
Ἰησοῦν	耶稣
Ἰησοῦς	耶稣
Τιβεριάδος	提比哩亚
Ἰησοῦς	耶稣
Καφαρναοὺμ	迦百农
Ἰησοῦν	耶稣
Ἰησοῦς	耶稣
Ἰησοῦς	耶稣
Ἰησοῦς	耶稣
Μωϋσῆς	摩西
Ἰησοῦς	耶稣
Ἰησοῦς	耶稣
Ἰωσήφ	约瑟
Ἰωσήφ	的
Ἰησοῦς	耶稣
Ἰησοῦς	耶稣
Καφαρναούμ	迦百农
Ἰησοῦς	耶稣
Ἰησοῦς	耶稣
Ἰησοῦς	耶稣
Σίμων	西门
Πέτρος	彼得
Ἰησοῦς	耶稣
Ἰούδαν	犹大
Σίμωνος	西门
Σίμωνος	的
Ἰσκαριώτου	加略
Ἰσκαριώτου	人
Ἰησοῦς	耶稣
Γαλιλαίᾳ	加利利
Ἰουδαίᾳ	犹太
Ἰουδαίαν	犹太
Ἰησοῦς	耶稣
Γαλιλαίᾳ	加利利
Ἰησοῦς	耶稣
Ἰησοῦς	耶稣
Μωϋσῆς	摩西
Ἰησοῦς	耶稣
Μωϋσῆς	摩西
Μωϋσέως	摩西
Μωϋσέως	摩西
Μωϋσέως	的
Ἱεροσολυμιτῶν	耶路撒冷
Ἱεροσολυμιτῶν	人
χριστός	基督
χριστὸς	基督
Ἰησοῦς	耶稣
χριστὸς	基督
Φαρισαῖοι	法利赛
Φαρισαῖοι	人
Φαρισαῖοι	法利赛
Φαρισαῖοι	人
Ἰησοῦς	耶稣
Ἑλλήνων	希腊
Ἑλλήνων	中
Ἕλληνας	希腊
Ἕλληνας	人
Ἰησοῦς	耶稣
Ἰησοῦς	耶稣
χριστός	基督
Γαλιλαίας	加利利
χριστὸς	基督
Δαυὶδ	大卫
Δαυὶδ	的
Βηθλέεμ	伯利恒
Δαυὶδ	大卫
χριστός	基督
Φαρισαίους	法利赛
Φαρισαίους	人
Φαρισαῖοι	法利赛
Φαρισαῖοι	人
Φαρισαίων	法利赛
Φαρισαίων	人
Νικόδημος	尼哥迪慕
Γαλιλαίας	加利利
Γαλιλαίας	加利利
Ἰησοῦς	耶稣
Φαρισαῖοι	法利赛
Φαρισαῖοι	人
Μωϋσῆς	摩西
Ἰησοῦς	耶稣
Ἰησοῦς	耶稣
Ἰησοῦς	耶稣
Ἰησοῦς	耶稣
Φαρισαῖοι	法利赛
Φαρισαῖοι	人
Ἰησοῦς	耶稣
Ἰησοῦς	耶稣
Ἰησοῦς	耶稣
Ἰησοῦς	耶稣
Ἰησοῦς	耶稣
Ἀβραάμ	亚伯拉罕
Ἀβραάμ	的
Ἰησοῦς	耶稣
Ἀβραάμ	亚伯拉罕
Ἀβραάμ	的
Ἀβραάμ	亚伯拉罕
Ἰησοῦς	耶稣
Ἀβραάμ	亚伯拉罕
Ἀβραάμ	的
Ἀβραὰμ	亚伯拉罕
Ἀβραὰμ	亚伯拉罕
Ἰησοῦς	耶稣
Σαμαρίτης	撒马利亚
Σαμαρίτης	人
Ἰησοῦς	耶稣
Ἀβραὰμ	亚伯拉罕
Ἀβραάμ	亚伯拉罕
Ἀβραάμ	比
Ἰησοῦς	耶稣
Ἀβραὰμ	亚伯拉罕
Ἀβραὰμ	亚伯拉罕
Ἰησοῦς	耶稣
Ἀβραὰμ	亚伯拉罕
Ἰησοῦς	耶稣
Ἰησοῦς	耶稣
Σιλωάμ	西罗亚
Ἰησοῦς	耶稣
Σιλωὰμ	西罗亚
Φαρισαίους	法利赛
Φαρισαίους	人
Ἰησοῦς	耶稣
Φαρισαῖοι	法利赛
Φαρισαῖοι	人
Φαρισαίων	法利赛
Φαρισαίων	人
χριστόν	基督
Μωϋσέως	摩西
Μωϋσέως	的
Μωϋσεῖ	摩西
Μωϋσεῖ	对
Ἰησοῦς	耶稣
Ἰησοῦς	耶稣
Ἰησοῦς	耶稣
Φαρισαίων	法利赛
Φαρισαίων	人
Ἰησοῦς	耶稣
Ἰησοῦς	耶稣
Ἰησοῦς	耶稣
Ἱεροσολύμοις	耶路撒冷
Ἰησοῦς	耶稣
Σολομῶνος	所罗门
Σολομῶνος	的
χριστός	基督
Ἰησοῦς	耶稣
Ἰησοῦς	耶稣
Ἰησοῦς	耶稣
Ἰορδάνου	约旦
Ἰορδάνου	河
Ἰωάννης	约翰
Ἰωάννης	约翰
Ἰωάννης	约翰
Λάζαρος	拉撒路
Βηθανίας	伯大尼
Μαρίας	马利亚
Μάρθας	马大
Μάρθας	的
Μαριὰμ	马利亚
Λάζαρος	拉撒路
Ἰησοῦς	耶稣
Ἰησοῦς	耶稣
Μάρθαν	马大
Λάζαρον	拉撒路
Ἰουδαίαν	犹太
Ἰησοῦς	耶稣
Λάζαρος	拉撒路
Ἰησοῦς	耶稣
Ἰησοῦς	耶稣
Λάζαρος	拉撒路
Θωμᾶς	多马
Δίδυμος	低土马
Ἰησοῦς	耶稣
Βηθανία	伯大尼
Ἱεροσολύμων	耶路撒冷
Μάρθαν	马大
Μαριὰμ	马利亚
Μάρθα	马大
Ἰησοῦς	耶稣
Μαριὰμ	马利亚
Μάρθα	马大
Ἰησοῦν	耶稣
Ἰησοῦς	耶稣
Μάρθα	马大
Ἰησοῦς	耶稣
χριστὸς	基督
Μαριὰμ	马利亚
Ἰησοῦς	耶稣
Μάρθα	马大
Μαριὰμ	她
Μαριὰμ	马利亚
Ἰησοῦς	耶稣
Ἰησοῦς	耶稣
Ἰησοῦς	耶稣
Ἰησοῦς	耶稣
Ἰησοῦς	耶稣
Μάρθα	马大
Ἰησοῦς	耶稣
Ἰησοῦς	耶稣
Λάζαρε	拉撒路
Ἰησοῦς	耶稣
Μαριὰμ	马利亚
Φαρισαίους	法利赛
Φαρισαίους	人
Ἰησοῦς	耶稣
Φαρισαῖοι	法利赛
Φαρισαῖοι	人
Καϊάφας	该亚法
Ἰησοῦς	耶稣
Ἰησοῦς	耶稣
Ἐφραὶμ	以法莲
Ἱεροσόλυμα	耶路撒冷
Ἰησοῦν	耶稣
Φαρισαῖοι	法利赛
Φαρισαῖοι	人
Ἰησοῦς	耶稣
Βηθανίαν	伯大尼
Λάζαρος	拉撒路
Ἰησοῦς	他
Μάρθα	马大
Λάζαρος	拉撒路
Μαριὰμ	马利亚
Ἰησοῦ	耶稣
Ἰησοῦ	的
Ἰούδας	犹大
Ἰσκαριώτης	加略
Ἰσκαριώτης	人
Ἰησοῦς	耶稣
Ἰησοῦν	耶稣
Λάζαρον	拉撒路
Λάζαρον	拉撒路
Ἰησοῦν	耶稣
Ἰησοῦς	耶稣
Ἱεροσόλυμα	耶路撒冷
Ἰσραήλ	以色列
Ἰησοῦς	耶稣
Σιών	锡安
Σιών	的
Ἰησοῦς	耶稣
Λάζαρον	拉撒路
Φαρισαῖοι	法利赛
Φαρισαῖοι	人
Ἕλληνές	希腊
Ἕλληνές	人
Φιλίππῳ	腓力
Βηθσαϊδὰ	伯赛大
Γαλιλαίας	加利利
Ἰησοῦν	耶稣
Φίλιππος	腓力
Ἀνδρέᾳ	安得烈
Ἀνδρέας	安得烈
Φίλιππος	腓力
Ἰησοῦ	耶稣
Ἰησοῦς	耶稣
Ἰησοῦς	耶稣
χριστὸς	基督
Ἰησοῦς	耶稣
Ἰησοῦς	耶稣
Ἠσαΐου	以赛亚
Ἠσαΐου	的
Ἠσαΐας	以赛亚
Ἠσαΐας	以赛亚
Φαρισαίους	法利赛
Φαρισαίους	人
Ἰησοῦς	耶稣
Ἰησοῦς	耶稣
Ἰούδας	犹大
Σίμωνος	西门
Σίμωνος	的
Ἰσκαριώτου	加略
Ἰσκαριώτου	人
Σίμωνα	西门
Πέτρον	彼得
Ἰησοῦς	耶稣
Πέτρος	彼得
Ἰησοῦς	耶稣
Σίμων	西门
Πέτρος	彼得
Ἰησοῦς	耶稣
Ἰησοῦς	耶稣
Ἰησοῦ	耶稣
Ἰησοῦ	的
Ἰησοῦς	耶稣
Σίμων	西门
Πέτρος	彼得
Ἰησοῦ	耶稣
Ἰησοῦ	的
Ἰησοῦς	耶稣
Ἰούδᾳ	犹大
Σίμωνος	西门
Σίμωνος	的
Ἰσκαριώτου	加略
Ἰσκαριώτου	人
σατανᾶς	撒旦
Ἰησοῦς	耶稣
Ἰούδας	犹大
Ἰησοῦς	耶稣
Ἰησοῦς	耶稣
Σίμων	西门
Πέτρος	彼得
Ἰησοῦς	耶稣
Πέτρος	彼得
Ἰησοῦς	耶稣
Θωμᾶς	多马
Ἰησοῦς	耶稣
Φίλιππος	腓力
Ἰησοῦς	耶稣
Φίλιππε	腓力
Ἰούδας	犹大
Ἰσκαριώτης	加略
Ἰσκαριώτης	人
Ἰησοῦς	耶稣
Ἰησοῦς	耶稣
Ἰησοῦς	耶稣
Ἰησοῦς	耶稣
Ἰησοῦν	耶稣
Χριστόν	基督
Ἰησοῦς	耶稣
Κεδρὼν	汲沦
Ἰούδας	犹大
Ἰησοῦς	耶稣
Ἰούδας	犹大
Φαρισαίων	法利赛
Φαρισαίων	人
Ἰησοῦς	耶稣
Ἰησοῦν	耶稣
Ναζωραῖον	拿撒勒
Ναζωραῖον	人
Ἰούδας	犹大
Ἰησοῦν	耶稣
Ναζωραῖον	拿撒勒
Ναζωραῖον	人
Ἰησοῦς	耶稣
Σίμων	西门
Πέτρος	彼得
Μάλχος	马勒古
Ἰησοῦς	耶稣
Πέτρῳ	彼得
Πέτρῳ	对
Ἰησοῦν	耶稣
Ἅνναν	亚那
Καϊάφα	该亚法
Καϊάφα	的
Καϊάφας	该亚法
Ἰησοῦ	耶稣
Σίμων	西门
Πέτρος	彼得
Ἰησοῦ	耶稣
Ἰησοῦ	同
Πέτρος	彼得
Πέτρον	彼得
Πέτρῳ	彼得
Πέτρῳ	对
Πέτρος	彼得
Ἰησοῦν	他
Ἰησοῦς	耶稣
Ἰησοῦ	他
Ἰησοῦς	耶稣
Ἅννας	亚那
Καϊάφαν	该亚法
Σίμων	西门
Πέτρος	彼得
Πέτρος	彼得
Πέτρος	彼得
Ἰησοῦν	耶稣
Ἰησοῦν	将
Καϊάφα	该亚法
Πιλᾶτος	彼拉多
Πιλᾶτος	彼拉多
Ἰησοῦ	耶稣
Πιλᾶτος	彼拉多
Ἰησοῦν	耶稣
Ἰησοῦς	耶稣
Πιλᾶτος	彼拉多
Ἰησοῦς	耶稣
Πιλᾶτος	彼拉多
Ἰησοῦς	耶稣
Πιλᾶτος	彼拉多
Βαραββᾶν	巴拉巴
Βαραββᾶς	巴拉巴
Πιλᾶτος	彼拉多
Ἰησοῦν	耶稣
Ἰησοῦν	将
Πιλᾶτος	彼拉多
Ἰησοῦς	耶稣
Πιλᾶτος	彼拉多
Πιλᾶτος	彼拉多
Ἰησοῦ	耶稣
Ἰησοῦ	对
Ἰησοῦς	耶稣
Πιλᾶτος	彼拉多
Ἰησοῦς	耶稣
Πιλᾶτος	彼拉多
Καίσαρος	恺撒
Καίσαρος	的
Καίσαρι	恺撒
Πιλᾶτος	彼拉多
Ἰησοῦν	耶稣
Γαββαθα	厄巴大
Πιλᾶτος	彼拉多
Καίσαρα	恺撒
Ἰησοῦν	耶稣
Ἰησοῦν	把
Γολγοθα	各各他
Ἰησοῦν	耶稣
Πιλᾶτος	彼拉多
Ἰησοῦς	耶稣
Ναζωραῖος	拿撒勒
Ναζωραῖος	人
Ἰησοῦς	耶稣
Πιλάτῳ	彼拉多
Πιλάτῳ	对
Πιλᾶτος	彼拉多
Ἰησοῦν	耶稣
Ἰησοῦν	将
Ἰησοῦ	耶稣
Μαρία	马利亚
Κλωπᾶ	革罗罢
Κλωπᾶ	的
Μαρία	马利亚
Μαγδαληνή	抹大拉
Ἰησοῦς	耶稣
Ἰησοῦς	耶稣
Ἰησοῦς	耶稣
Πιλᾶτον	彼拉多
Ἰησοῦν	耶稣
Πιλᾶτον	彼拉多
Ἰωσὴφ	约瑟
Ἰωσὴφ	有
Ἁριμαθαίας	亚利马太
Ἁριμαθαίας	人
Ἰησοῦ	耶稣
Ἰησοῦ	的
Ἰησοῦ	耶稣
Ἰησοῦ	的
Πιλᾶτος	彼拉多
Νικόδημος	尼哥迪慕
Νικόδημος	有
Ἰησοῦ	耶稣
Ἰησοῦ	的
Ἰησοῦν	耶稣
Ἰησοῦν	把
Μαρία	马利亚
Μαγδαληνὴ	抹大拉
Σίμωνα	西门
Πέτρον	彼得
Ἰησοῦς	耶稣
Πέτρος	彼得
Πέτρου	彼得
Πέτρου	比
Σίμων	西门
Πέτρος	彼得
Μαρία	马利亚
Ἰησοῦ	耶稣
Ἰησοῦν	耶稣
Ἰησοῦς	耶稣
Ἰησοῦς	耶稣
Ἰησοῦς	耶稣
Μαριάμ	马利亚
Ἰησοῦς	耶稣
Μαριὰμ	马利亚
Μαγδαληνὴ	抹大拉
Ἰησοῦς	耶稣
Ἰησοῦς	耶稣
Θωμᾶς	多马
Δίδυμος	低土马
Ἰησοῦς	耶稣
Θωμᾶς	多马
Ἰησοῦς	耶稣
Θωμᾷ	多马
Θωμᾷ	对
Θωμᾶς	多马
Ἰησοῦς	耶稣
Ἰησοῦς	耶稣
Ἰησοῦς	耶稣
χριστὸς	基督
Ἰησοῦς	耶稣
Τιβεριάδος	提比哩亚
Σίμων	西门
Πέτρος	彼得
Θωμᾶς	多马
Δίδυμος	低土马
Ναθαναὴλ	拿但业
Γαλιλαίας	加利利
Γαλιλαίας	的
Ζεβεδαίου	西庇太
Ζεβεδαίου	的
Σίμων	西门
Πέτρος	彼得
Ἰησοῦς	耶稣
Ἰησοῦς	耶稣
Ἰησοῦς	耶稣
Ἰησοῦς	耶稣
Πέτρῳ	彼得
Πέτρῳ	对
Σίμων	西门
Πέτρος	彼得
Ἰησοῦς	耶稣
Σίμων	西门
Πέτρος	彼得
Ἰησοῦς	耶稣
Ἰησοῦς	耶稣
Ἰησοῦς	耶稣
Σίμωνι	西门
Σίμωνι	对
Πέτρῳ	彼得
Ἰησοῦς	耶稣
Σίμων	西门
Ἰωάννου	约翰
Ἰωάννου	的
Σίμων	西门
Ἰωάννου	约翰
Ἰωάννου	的
Σίμων	西门
Ἰωάννου	约翰
Ἰωάννου	的
Πέτρος	彼得
Ἰησοῦς	耶稣
Πέτρος	彼得
Ἰησοῦς	耶稣
Πέτρος	彼得
Ἰησοῦ	耶稣
Ἰησοῦς	耶稣
Ἰησοῦς	耶稣
Ἰησοῦς	耶稣
Θεόφιλε	提阿非罗
Ἰησοῦς	耶稣
Ἱεροσολύμων	耶路撒冷
Ἰωάννης	约翰
Ἰσραήλ	以色列
Ἰερουσαλὴμ	耶路撒冷
Ἰουδαίᾳ	犹太
Σαμαρείᾳ	撒马利亚
Ἰησοῦς	耶稣
Ἰερουσαλὴμ	耶路撒冷
Ἰερουσαλὴμ	耶路撒冷
Πέτρος	彼得
Ἰωάννης	约翰
Ἰάκωβος	雅各
Ἀνδρέας	安得烈
Φίλιππος	腓力
Θωμᾶς	多马
Βαρθολομαῖος	巴多罗买
Μαθθαῖος	马太
Ἰάκωβος	雅各
Ἁλφαίου	亚勒腓
Ἁλφαίου	的
Σίμων	西门
Ἰούδας	犹大
Ἰακώβου	雅各
Ἰακώβου	的
Μαριὰμ	马利亚
Ἰησοῦ	耶稣
Ἰησοῦ	的
Πέτρος	彼得
Δαυὶδ	大卫
Δαυὶδ	的
Ἰούδα	犹大
Ἰησοῦν	耶稣
Ἰερουσαλήμ	耶路撒冷
Ἁκελδαμάχ	亚革大马
Ἰησοῦς	耶稣
Ἰωάννου	约翰
Ἰωσὴφ	约瑟
Βαρσαββᾶν	巴撒巴
Ἰοῦστος	犹士都
Μαθθίαν	马提亚
Ἰούδας	犹大
Μαθθίαν	马提亚
Ἰερουσαλὴμ	耶路撒冷
Πάρθοι	帕提亚
Πάρθοι	人
Μῆδοι	玛代
Μῆδοι	人
Ἐλαμῖται	以拦
Ἐλαμῖται	人
Μεσοποταμίαν	美索不达米亚
Ἰουδαίαν	犹太
Καππαδοκίαν	加帕多家
Πόντον	本都
Ἀσίαν	亚细亚
Φρυγίαν	弗吕家
Παμφυλίαν	旁非利亚
Αἴγυπτον	埃及
Λιβύης	利比亚
Κυρήνην	古利奈
Κρῆτες	克里特
Ἄραβες	阿拉伯
Ἄραβες	人
Πέτρος	彼得
Ἰερουσαλὴμ	耶路撒冷
Ἰωήλ	约珥
Ἰσραηλῖται	以色列
Ἰσραηλῖται	人
Ἰσραηλῖται	哪
Ἰησοῦν	耶稣
Ναζωραῖον	拿撒勒
Ναζωραῖον	人
Δαυὶδ	大卫
Δαυὶδ	大卫
Χριστοῦ	基督
Ἰησοῦν	耶稣
Δαυὶδ	大卫
Ἰσραὴλ	以色列
χριστὸν	基督
Ἰησοῦν	耶稣
Πέτρον	彼得
Πέτρος	彼得
Ἰησοῦ	耶稣
Χριστοῦ	基督
Χριστοῦ	的
Πέτρος	彼得
Ἰωάννης	约翰
Πέτρον	彼得
Ἰωάννην	约翰
Πέτρος	彼得
Ἰωάννῃ	约翰
Πέτρος	彼得
Ἰησοῦ	耶稣
Χριστοῦ	基督
Χριστοῦ	的
Ναζωραίου	拿撒勒
Ναζωραίου	人
Πέτρον	彼得
Ἰωάννην	约翰
Σολομῶντος	所罗门
Πέτρος	彼得
Ἰσραηλῖται	以色列
Ἰσραηλῖται	人
Ἰσραηλῖται	哪
Ἀβραὰμ	亚伯拉罕
Ἰσαὰκ	以撒
Ἰακώβ	雅各
Ἰακώβ	的
Ἰησοῦν	耶稣
Πιλάτου	彼拉多
χριστὸν	基督
χριστὸν	基督
Ἰησοῦν	耶稣
Μωϋσῆς	摩西
Σαμουὴλ	撒母耳
Ἀβραάμ	亚伯拉罕
Σαδδουκαῖοι	撒都该
Σαδδουκαῖοι	人
Ἰησοῦ	耶稣
Ἰερουσαλήμ	耶路撒冷
Ἅννας	亚那
Καϊάφας	该亚法
Ἰωάννης	约翰
Ἀλέξανδρος	亚历山大
Πέτρος	彼得
Ἰσραὴλ	以色列
Ἰησοῦ	耶稣
Χριστοῦ	基督
Χριστοῦ	的
Ναζωραίου	拿撒勒
Ναζωραίου	人
Πέτρου	彼得
Ἰωάννου	约翰
Ἰωάννου	的
Ἰησοῦ	耶稣
Ἰερουσαλὴμ	耶路撒冷
Ἰησοῦ	耶稣
Ἰησοῦ	的
Πέτρος	彼得
Ἰωάννης	约翰
Δαυὶδ	大卫
Δαυὶδ	的
χριστοῦ	受膏者
Ἰησοῦν	耶稣
Ἡρῴδης	希律
Ἰσραήλ	以色列
Ἰησοῦ	耶稣
Ἰησοῦ	的
Ἰησοῦ	耶稣
Ἰωσὴφ	约瑟
Βαρναβᾶς	巴拿巴
Λευίτης	利未
Λευίτης	有
Λευίτης	一
Λευίτης	个
Λευίτης	人
Κύπριος	塞浦路斯
Ἁνανίας	亚拿尼亚
Σαπφίρῃ	撒非喇
Πέτρος	彼得
Ἁνανία	亚拿尼亚
σατανᾶς	撒旦
Ἁνανίας	亚拿尼亚
Πέτρος	彼得
Πέτρος	彼得
Σολομῶντος	所罗门
Σολομῶντος	的
Πέτρου	彼得
Ἰερουσαλὴμ	耶路撒冷
Ἰερουσαλὴμ	的
Σαδδουκαίων	撒都该
Ἰσραὴλ	以色列
Ἰερουσαλὴμ	耶路撒冷
Πέτρος	彼得
Ἰησοῦν	耶稣
Ἰσραὴλ	以色列
Ἰσραὴλ	人
Φαρισαῖος	法利赛
Φαρισαῖος	有
Φαρισαῖος	人
Γαμαλιήλ	迦玛列
Ἰσραηλῖται	以色列
Ἰσραηλῖται	人
Ἰσραηλῖται	哪
Θευδᾶς	丢大
Ἰούδας	犹大
Ἰούδας	有
Ἰησοῦ	耶稣
Ἰησοῦ	的
χριστὸν	基督
Ἰησοῦν	耶稣
Ἑλληνιστῶν	希腊
Ἑλληνιστῶν	说
Ἑλληνιστῶν	话
Ἑλληνιστῶν	的
Ἑλληνιστῶν	犹太
Ἑλληνιστῶν	人
Φίλιππον	腓利
Πρόχορον	伯罗哥罗
Νικάνορα	尼迦挪
Τίμωνα	提门
Παρμενᾶν	巴米拿
Νικόλαον	尼哥拉
Ἀντιοχέα	安提阿
Ἀντιοχέα	人
Ἰερουσαλὴμ	耶路撒冷
Λιβερτίνων	利百地拿
Κυρηναίων	古利奈
Ἀλεξανδρέων	亚历山大
Κιλικίας	基利家
Ἀσίας	亚细亚
Μωϋσῆν	摩西
Ἰησοῦς	耶稣
Ναζωραῖος	拿撒勒
Ναζωραῖος	人
Μωϋσῆς	摩西
Ἀβραὰμ	亚伯拉罕
Μεσοποταμίᾳ	美索不达米亚
Χαρρὰν	哈兰
Χαλδαίων	迦勒底
Χαλδαίων	人
Χαλδαίων	之
Χαρράν	哈兰
Ἰσαὰκ	以撒
Ἰσαὰκ	以撒
Ἰακώβ	雅各
Ἰακὼβ	雅各
Ἰωσὴφ	约瑟
Αἴγυπτον	埃及
Φαραὼ	法老
Αἰγύπτου	埃及
Αἴγυπτον	埃及
Αἴγυπτον	国
Αἴγυπτον	埃及
Χανάαν	迦南
Ἰακὼβ	雅各
Αἴγυπτον	埃及
Ἰωσὴφ	约瑟
Φαραὼ	法老
Ἰωσήφ	他
Ἰωσήφ	的
Ἰωσὴφ	约瑟
Ἰακὼβ	雅各
Ἰακὼβ	雅各
Αἴγυπτον	埃及
Συχὲμ	示剑
Ἀβραὰμ	亚伯拉罕
Ἐμμὼρ	哈抹
Συχέμ	示剑
Ἀβραάμ	亚伯拉罕
Αἰγύπτῳ	埃及
Ἰωσήφ	约瑟
Μωϋσῆς	摩西
Φαραὼ	法老
Φαραὼ	的
Μωϋσῆς	摩西
Ἰσραήλ	以色列
Μωϋσῆς	摩西
Μαδιάμ	米甸
Σινᾶ	西奈
Μωϋσῆς	摩西
Ἀβραὰμ	亚伯拉罕
Ἀβραὰμ	的
Ἰσαὰκ	以撒
Ἰσαὰκ	的
Ἰακώβ	雅各
Ἰακώβ	的
Μωϋσῆς	摩西
Αἰγύπτῳ	埃及
Αἴγυπτον	埃及
Μωϋσῆν	摩西
Αἰγύπτῳ	埃及
Μωϋσῆς	摩西
Ἰσραήλ	以色列
Σινᾶ	西奈
Αἴγυπτον	埃及
Ἀαρών	亚伦
Ἀαρών	对
Μωϋσῆς	摩西
Αἰγύπτου	埃及
Ἰσραήλ	以色列
Μόλοχ	摩洛
Μόλοχ	的
Ῥαιφάν	理番
Βαβυλῶνος	巴比伦
Μωϋσῇ	摩西
Ἰησοῦ	约书亚
Δαυίδ	大卫
Δαυίδ	的
Ἰακώβ	雅各
Ἰακώβ	的
Σολομὼν	所罗门
Ἰησοῦν	耶稣
Σαύλου	扫罗
Σαύλου	的
Ἰησοῦ	耶稣
Σαῦλος	扫罗
Ἱεροσολύμοις	耶路撒冷
Ἰουδαίας	犹太
Σαμαρείας	撒马利亚
Σαῦλος	扫罗
Φίλιππος	腓利
Σαμαρείας	撒马利亚
Χριστόν	基督
Φιλίππου	腓利
Σίμων	西门
Σαμαρείας	撒马利亚
Σαμαρείας	的
Φιλίππῳ	腓利
Ἰησοῦ	耶稣
Χριστοῦ	基督
Χριστοῦ	的
Σίμων	西门
Φιλίππῳ	腓利
Φιλίππῳ	与
Ἱεροσολύμοις	耶路撒冷
Σαμάρεια	撒马利亚
Σαμάρεια	人
Πέτρον	彼得
Ἰωάννην	约翰
Ἰησοῦ	耶稣
Ἰησοῦ	的
Σίμων	西门
Πέτρος	彼得
Σίμων	西门
Ἱεροσόλυμα	耶路撒冷
Σαμαριτῶν	撒马利亚
Φίλιππον	腓利
Ἰερουσαλὴμ	耶路撒冷
Γάζαν	加沙
Αἰθίοψ	埃塞俄比亚
Κανδάκης	干大基
Αἰθιόπων	埃塞俄比亚
Ἰερουσαλήμ	耶路撒冷
Ἠσαΐαν	以赛亚
Φιλίππῳ	腓利
Φιλίππῳ	对
Φίλιππος	腓利
Ἠσαΐαν	以赛亚
Φίλιππον	腓利
Φιλίππῳ	腓利
Φιλίππῳ	对
Φίλιππος	腓利
Ἰησοῦν	耶稣
Φίλιππος	腓利
Φίλιππον	腓利
Φίλιππον	把
Φίλιππος	腓利
Ἄζωτον	亚锁都
Καισάρειαν	恺撒利亚
Σαῦλος	扫罗
Δαμασκὸν	大马士革
Ἰερουσαλήμ	耶路撒冷
Δαμασκῷ	大马士革
Σαοὺλ	扫罗
Σαούλ	扫罗
Ἰησοῦς	耶稣
Σαῦλος	扫罗
Δαμασκόν	大马士革
Δαμασκῷ	大马士革
Ἁνανίας	亚拿尼亚
Ἁνανία	亚拿尼亚
Ἰούδα	犹大
Ἰούδα	的
Σαῦλον	扫罗
Ταρσέα	大数
Ταρσέα	一
Ταρσέα	个
Ταρσέα	人
Ἁνανίαν	亚拿尼亚
Ἁνανίας	亚拿尼亚
Ἰερουσαλήμ	耶路撒冷
Ἰσραήλ	以色列
Ἁνανίας	亚拿尼亚
Σαοὺλ	扫罗
Ἰησοῦς	耶稣
Δαμασκῷ	大马士革
Ἰησοῦν	耶稣
Ἰερουσαλὴμ	耶路撒冷
Σαῦλος	扫罗
Δαμασκῷ	大马士革
χριστός	基督
Σαύλῳ	扫罗
Ἰερουσαλὴμ	耶路撒冷
Βαρναβᾶς	巴拿巴
Δαμασκῷ	大马士革
Ἰησοῦ	耶稣
Ἰησοῦ	的
Ἰερουσαλήμ	耶路撒冷
Ἑλληνιστάς	希腊
Ἑλληνιστάς	说
Ἑλληνιστάς	话
Ἑλληνιστάς	的
Ἑλληνιστάς	犹太
Ἑλληνιστάς	人
Καισάρειαν	恺撒利亚
Ταρσόν	大数
Ἰουδαίας	犹太
Γαλιλαίας	加利利
Σαμαρείας	撒马利亚
Πέτρον	彼得
Λύδδα	吕大
Αἰνέαν	以尼雅
Πέτρος	彼得
Αἰνέα	以尼雅
Ἰησοῦς	耶稣
Χριστός	基督
Λύδδα	吕大
Σαρῶνα	沙仑
Ἰόππῃ	约帕
Ταβιθά	大比大
Δορκάς	多加
Λύδδας	吕大
Ἰόππῃ	约帕
Ἰόππῃ	与
Πέτρος	彼得
Πέτρος	彼得
Δορκάς	多加
Πέτρος	彼得
Ταβιθά	大比大
Πέτρον	彼得
Ἰόππης	约帕
Ἰόππῃ	约帕
Σίμωνι	西门
Καισαρείᾳ	恺撒利亚
Κορνήλιος	哥尼流
Κορνήλιε	哥尼流
Ἰόππην	约帕
Σίμωνά	西门
Πέτρος	彼得
Σίμωνι	西门
Ἰόππην	约帕
Πέτρος	彼得
Πέτρε	彼得
Πέτρος	彼得
Πέτρος	彼得
Κορνηλίου	哥尼流
Σίμωνος	西门
Σίμωνος	的
Σίμων	西门
Πέτρος	彼得
Πέτρου	彼得
Πέτρος	彼得
Κορνήλιος	哥尼流
Ἰόππης	约帕
Ἰόππης	的
Καισάρειαν	恺撒利亚
Κορνήλιος	哥尼流
Πέτρον	彼得
Κορνήλιος	哥尼流
Πέτρος	彼得
Κορνήλιος	哥尼流
Κορνήλιε	哥尼流
Ἰόππην	约帕
Σίμωνα	西门
Πέτρος	彼得
Σίμωνος	西门
Σίμωνος	的
Πέτρος	彼得
Ἰσραὴλ	以色列
Ἰησοῦ	耶稣
Χριστοῦ	基督
Ἰουδαίας	犹太
Γαλιλαίας	加利利
Ἰωάννης	约翰
Ἰησοῦν	耶稣
Ἰερουσαλήμ	耶路撒冷
Πέτρου	彼得
Πέτρῳ	彼得
Πέτρος	彼得
Ἰησοῦ	耶稣
Χριστοῦ	基督
Χριστοῦ	的
Ἰουδαίαν	犹太
Πέτρος	彼得
Ἰερουσαλήμ	耶路撒冷
Πέτρος	彼得
Ἰόππῃ	约帕
Πέτρε	彼得
Καισαρείας	恺撒利亚
Ἰόππην	约帕
Σίμωνα	西门
Πέτρον	彼得
Ἰωάννης	约翰
Ἰησοῦν	耶稣
Χριστόν	基督
Φοινίκης	腓尼基
Κύπρου	塞浦路斯
Ἀντιοχείας	安提阿
Κύπριοι	塞浦路斯
Κυρηναῖοι	古利奈
Ἀντιόχειαν	安提阿
Ἑλληνιστὰς	希腊
Ἑλληνιστὰς	人
Ἰησοῦν	耶稣
Ἰερουσαλὴμ	耶路撒冷
Βαρναβᾶν	巴拿巴
Ἀντιοχείας	安提阿
Ταρσὸν	大数
Σαῦλον	扫罗
Ἀντιόχειαν	安提阿
Ἀντιοχείᾳ	安提阿
Χριστιανούς	基督徒
Ἱεροσολύμων	耶路撒冷
Ἀντιόχειαν	安提阿
Ἅγαβος	亚迦布
Κλαυδίου	克劳迪
Ἰουδαίᾳ	犹太
Βαρναβᾶ	巴拿巴
Σαύλου	扫罗
Ἡρῴδης	希律
Ἰάκωβον	雅各
Ἰωάννου	约翰
Ἰωάννου	的
Πέτρον	彼得
Πέτρος	彼得
Ἡρῴδης	希律
Πέτρος	彼得
Πέτρου	彼得
Πέτρου	的
Πέτρος	彼得
Ἡρῴδου	希律
Ἡρῴδου	的
Μαρίας	马利亚
Ἰωάννου	约翰
Μάρκου	马可
Ῥόδη	罗大
Πέτρου	彼得
Πέτρου	的
Πέτρον	彼得
Πέτρος	彼得
Ἰακώβῳ	雅各
Πέτρος	彼得
Ἡρῴδης	希律
Ἰουδαίας	犹太
Καισάρειαν	恺撒利亚
Τυρίοις	推罗
Βλάστον	伯拉斯都
Ἡρῴδης	希律
Βαρναβᾶς	巴拿巴
Σαῦλος	扫罗
Ἰερουσαλὴμ	耶路撒冷
Ἰωάννην	约翰
Μᾶρκον	马可
Ἀντιοχείᾳ	安提阿
Βαρναβᾶς	巴拿巴
Συμεὼν	西面
Νίγερ	尼结
Λούκιος	路求
Κυρηναῖος	古利奈
Κυρηναῖος	人
Μαναήν	马念
Ἡρῴδου	希律
Σαῦλος	扫罗
Βαρναβᾶν	巴拿巴
Σαῦλον	扫罗
Σελεύκειαν	西流基
Κύπρον	塞浦路斯
Σαλαμῖνι	撒拉米
Ἰωάννην	约翰
Πάφου	帕弗
Βαριησοῦ	巴耶稣
Βαρναβᾶν	巴拿巴
Σαῦλον	扫罗
Ἐλύμας	以吕马
Σαῦλος	扫罗
Παῦλος	保罗
Πάφου	帕弗
Παῦλον	保罗
Πέργην	别加
Παμφυλίας	旁非利亚
Παμφυλίας	的
Ἰωάννης	约翰
Ἱεροσόλυμα	耶路撒冷
Πέργης	别加
Ἀντιόχειαν	安提阿
Παῦλος	保罗
Ἰσραηλῖται	以色列
Ἰσραηλῖται	人
Ἰσραὴλ	以色列
Αἰγύπτου	埃及
Χανάαν	迦南
Σαμουὴλ	撒母耳
Σαοὺλ	扫罗
Σαοὺλ	将
Κίς	基士
Κίς	的
Βενιαμίν	便雅悯
Δαυὶδ	大卫
Δαυὶδ	大卫
Ἰεσσαί	耶西
Ἰεσσαί	的
Ἰσραὴλ	以色列
Ἰσραὴλ	为
Ἰσραὴλ	人
Ἰησοῦν	耶稣
Ἰωάννου	约翰
Ἰσραήλ	以色列
Ἰωάννης	约翰
Ἀβραὰμ	亚伯拉罕
Ἀβραὰμ	的
Ἰερουσαλὴμ	耶路撒冷
Πιλᾶτον	彼拉多
Γαλιλαίας	加利利
Ἰερουσαλήμ	耶路撒冷
Ἰησοῦν	耶稣
Δαυὶδ	大卫
Δαυὶδ	大卫
Μωϋσέως	摩西
Μωϋσέως	的
Παύλῳ	保罗
Βαρναβᾷ	巴拿巴
Παύλου	保罗
Παῦλος	保罗
Βαρναβᾶς	巴拿巴
Παῦλον	保罗
Βαρναβᾶν	巴拿巴
Ἰκόνιον	以哥念
Ἰκονίῳ	以哥念
Ἑλλήνων	希腊
Ἑλλήνων	人
Λυκαονίας	吕高尼
Λυκαονίας	的
Λύστραν	路司得
Δέρβην	特庇
Λύστροις	路司得
Λύστροις	城
Παύλου	保罗
Παῦλος	保罗
Βαρναβᾶν	巴拿巴
Δία	宙斯
Παῦλον	保罗
Ἑρμῆν	希耳米
Διὸς	宙斯
Διὸς	的
Βαρναβᾶς	巴拿巴
Παῦλος	保罗
Ἀντιοχείας	安提阿
Ἰκονίου	以哥念
Παῦλον	保罗
Βαρναβᾷ	巴拿巴
Δέρβην	特庇
Λύστραν	路司得
Ἰκόνιον	以哥念
Ἀντιόχειαν	安提阿
Πισιδίαν	彼西底
Παμφυλίαν	旁非利亚
Πέργῃ	别加
Ἀττάλειαν	亚大利
Ἀντιόχειαν	安提阿
Ἰουδαίας	犹太
Μωϋσέως	摩西
Μωϋσέως	的
Παύλῳ	保罗
Βαρναβᾷ	巴拿巴
Παῦλον	保罗
Βαρναβᾶν	巴拿巴
Ἰερουσαλὴμ	耶路撒冷
Φοινίκην	腓尼基
Σαμάρειαν	撒马利亚
Ἰερουσαλὴμ	耶路撒冷
Φαρισαίων	法利赛
Μωϋσέως	摩西
Μωϋσέως	的
Πέτρος	彼得
Ἰησοῦ	耶稣
Ἰησοῦ	的
Βαρναβᾶ	巴拿巴
Παύλου	保罗
Ἰάκωβος	雅各
Συμεὼν	西门
Δαυὶδ	大卫
Μωϋσῆς	摩西
Ἀντιόχειαν	安提阿
Παύλῳ	保罗
Βαρναβᾷ	巴拿巴
Ἰούδαν	犹大
Βαρσαββᾶν	巴撒巴
Σιλᾶν	西拉
Ἀντιόχειαν	安提阿
Συρίαν	叙利亚
Κιλικίαν	基利家
Βαρναβᾷ	巴拿巴
Παύλῳ	保罗
Ἰησοῦ	耶稣
Χριστοῦ	基督
Χριστοῦ	的
Ἰούδαν	犹大
Σιλᾶν	西拉
Ἀντιόχειαν	安提阿
Ἰούδας	犹大
Σιλᾶς	西拉
Παῦλος	保罗
Βαρναβᾶς	巴拿巴
Ἀντιοχείᾳ	安提阿
Βαρναβᾶν	巴拿巴
Παῦλος	保罗
Βαρναβᾶς	巴拿巴
Ἰωάννην	约翰
Μᾶρκον	马可
Παῦλος	保罗
Παμφυλίας	旁非利亚
Βαρναβᾶν	巴拿巴
Μᾶρκον	马可
Κύπρον	塞浦路斯
Παῦλος	保罗
Σιλᾶν	西拉
Συρίαν	叙利亚
Κιλικίαν	基利家
Δέρβην	特庇
Λύστραν	路司得
Τιμόθεος	提摩太
Ἕλληνος	希腊
Ἕλληνος	人
Λύστροις	路司得
Ἰκονίῳ	以哥念
Παῦλος	保罗
Ἕλλην	希腊
Ἕλλην	人
Ἱεροσολύμοις	耶路撒冷
Φρυγίαν	弗吕家
Ἀσίᾳ	亚细亚
Μυσίαν	每西亚
Βιθυνίαν	庇推尼
Ἰησοῦ	耶稣
Ἰησοῦ	的
Μυσίαν	每西亚
Τρῳάδα	特罗亚
Παύλῳ	保罗
Παύλῳ	于
Μακεδών	马其顿
Μακεδονίαν	马其顿
Μακεδονίαν	马其顿
Τρῳάδος	特罗亚
Σαμοθρᾴκην	撒摩特喇
Φιλίππους	腓立比
Μακεδονίας	马其顿
Λυδία	吕底亚
Θυατείρων	推雅推喇
Παύλου	保罗
Παύλῳ	保罗
Παῦλος	保罗
Ἰησοῦ	耶稣
Χριστοῦ	基督
Χριστοῦ	的
Παῦλον	保罗
Σιλᾶν	西拉
Παῦλος	保罗
Σιλᾶς	西拉
Παῦλος	保罗
Παύλῳ	保罗
Σιλᾷ	西拉
Ἰησοῦν	耶稣
Παῦλον	保罗
Παῦλος	保罗
Λυδίαν	吕底亚
Ἀμφίπολιν	暗妃波里
Ἀπολλωνίαν	亚波罗尼亚
Θεσσαλονίκην	帖撒罗尼迦
Παύλῳ	保罗
χριστὸν	基督
χριστὸς	基督
Ἰησοῦς	耶稣
Παύλῳ	保罗
Σιλᾷ	西拉
Ἑλλήνων	希腊
Ἑλλήνων	人
Ἰάσονος	耶孙
Ἰάσονος	的
Ἰάσονα	耶孙
Ἰάσονα	把
Ἰάσων	耶孙
Καίσαρος	恺撒
Καίσαρος	的
Ἰησοῦν	耶稣
Ἰάσονος	耶孙
Παῦλον	保罗
Σιλᾶν	西拉
Βέροιαν	庇哩亚
Θεσσαλονίκῃ	帖撒罗尼迦
Ἑλληνίδων	希腊
Θεσσαλονίκης	帖撒罗尼迦
Βεροίᾳ	庇哩亚
Παύλου	保罗
Παῦλον	保罗
Σιλᾶς	西拉
Τιμόθεος	提摩太
Παῦλον	保罗
Ἀθηνῶν	雅典
Σιλᾶν	西拉
Τιμόθεον	提摩太
Ἀθήναις	雅典
Παύλου	保罗
Ἐπικουρείων	伊壁鸠鲁
Ἰησοῦν	耶稣
Παῦλος	保罗
Παῦλος	保罗
Διονύσιος	丢尼修
Ἀρεοπαγίτης	亚略巴古
Ἀρεοπαγίτης	的
Ἀρεοπαγίτης	官
Δάμαρις	大马哩
Ἀθηνῶν	雅典
Κόρινθον	哥林多
Ἀκύλαν	亚居拉
Ἰταλίας	意大利
Πρίσκιλλαν	百基拉
Κλαύδιον	克劳迪
Ῥώμης	罗马
Ἕλληνας	希腊
Ἕλληνας	人
Μακεδονίας	马其顿
Σιλᾶς	西拉
Τιμόθεος	提摩太
Παῦλος	保罗
χριστὸν	基督
Ἰησοῦν	耶稣
Κρίσπος	基利司布
Παύλῳ	保罗
Παύλῳ	对
Γαλλίωνος	迦流
Ἀχαΐας	亚该亚
Παύλῳ	保罗
Παύλου	保罗
Γαλλίων	迦流
Σωσθένην	所提尼
Γαλλίωνι	迦流
Παῦλος	保罗
Συρίαν	叙利亚
Πρίσκιλλα	百基拉
Ἀκύλας	亚居拉
Κεγχρεαῖς	坚革哩
Ἔφεσον	以弗所
Ἐφέσου	以弗所
Καισάρειαν	恺撒利亚
Ἀντιόχειαν	安提阿
Φρυγίαν	弗吕家
Ἀπολλῶς	亚波罗
Ἀλεξανδρεὺς	亚历山大
Ἔφεσον	以弗所
Ἰησοῦ	耶稣
Ἰωάννου	约翰
Ἰωάννου	的
Πρίσκιλλα	百基拉
Ἀκύλας	亚居拉
Ἀχαΐαν	亚该亚
χριστὸν	基督
Ἰησοῦν	耶稣
Ἀπολλῶ	亚波罗
Κορίνθῳ	哥林多
Παῦλον	保罗
Ἔφεσον	以弗所
Ἰωάννου	约翰
Ἰωάννου	的
Παῦλος	保罗
Ἰωάννης	约翰
Ἰησοῦν	耶稣
Ἰησοῦ	耶稣
Ἰησοῦ	的
Παύλου	保罗
Τυράννου	推喇奴
Τυράννου	的
Ἀσίαν	亚细亚
Ἕλληνας	希腊
Ἕλληνας	人
Παύλου	保罗
Παύλου	的
Ἰησοῦ	耶稣
Ἰησοῦ	的
Ἰησοῦν	耶稣
Παῦλος	保罗
Σκευᾶ	士基瓦
Σκευᾶ	的
Ἰησοῦν	耶稣
Παῦλον	保罗
Ἕλλησιν	希腊
Ἕλλησιν	人
Ἔφεσον	以弗所
Ἰησοῦ	耶稣
Ἰησοῦ	的
Παῦλος	保罗
Μακεδονίαν	马其顿
Ἀχαΐαν	亚该亚
Ἱεροσόλυμα	耶路撒冷
Ῥώμην	罗马
Μακεδονίαν	马其顿
Τιμόθεον	提摩太
Ἔραστον	以拉都
Ἀσίαν	亚细亚
Δημήτριος	底米丢
Ἀρτέμιδος	亚底米
Ἀρτέμιδος	神
Ἐφέσου	以弗所
Ἀσίας	亚细亚
Ἀσίας	地
Παῦλος	保罗
Ἀρτέμιδος	亚底米
Ἀρτέμιδος	的
Ἀσία	亚细亚
Ἄρτεμις	亚底米
Ἄρτεμις	啊
Γάϊον	该犹
Ἀρίσταρχον	亚里达古
Μακεδόνας	马其顿
Μακεδόνας	人
Παύλου	保罗
Παύλου	保罗
Ἀσιαρχῶν	亚细亚
Ἀσιαρχῶν	首领
Ἀλέξανδρον	亚历山大
Ἀλέξανδρον	把
Ἀλέξανδρος	亚历山大
Ἄρτεμις	亚底米
Ἄρτεμις	啊
Ἀρτέμιδος	亚底米
Ἀρτέμιδος	的
Δημήτριος	底米丢
Παῦλος	保罗
Μακεδονίαν	马其顿
Ἑλλάδα	希腊
Συρίαν	叙利亚
Μακεδονίας	马其顿
Σώπατρος	所巴特
Πύρρου	毕罗斯
Πύρρου	的
Θεσσαλονικέων	帖撒罗尼迦
Θεσσαλονικέων	人
Ἀρίσταρχος	亚里达古
Σεκοῦνδος	西公都
Γάϊος	该犹
Τιμόθεος	提摩太
Ἀσιανοὶ	亚细亚
Ἀσιανοὶ	人
Τύχικος	推基古
Τρόφιμος	特罗非摩
Τρῳάδι	特罗亚
Φιλίππων	腓立比
Τρῳάδα	特罗亚
Παῦλος	保罗
Εὔτυχος	犹推古
Παύλου	保罗
Παῦλος	保罗
Ἆσσον	亚朔
Παῦλον	保罗
Ἆσσον	亚朔
Μιτυλήνην	米推利尼
Χίου	基阿
Χίου	的
Σάμον	撒摩
Μίλητον	米利都
Παῦλος	保罗
Ἔφεσον	以弗所
Ἀσίᾳ	亚细亚
Ἱεροσόλυμα	耶路撒冷
Μιλήτου	米利都
Ἔφεσον	以弗所
Ἀσίαν	亚细亚
Ἕλλησιν	希腊
Ἕλλησιν	人
Ἰησοῦν	耶稣
Ἰερουσαλὴμ	耶路撒冷
Ἰησοῦ	耶稣
Ἰησοῦ	耶稣
Ἰησοῦ	的
Παύλου	保罗
Παύλου	的
Κῶ	哥士
Ῥόδον	罗底
Πάταρα	帕大喇
Φοινίκην	腓尼基
Κύπρον	塞浦路斯
Συρίαν	叙利亚
Τύρον	推罗
Παύλῳ	保罗
Παύλῳ	对
Ἱεροσόλυμα	耶路撒冷
Τύρου	推罗
Πτολεμαΐδα	多利买
Καισάρειαν	恺撒利亚
Φιλίππου	腓利
Ἰουδαίας	犹太
Ἅγαβος	亚迦布
Παύλου	保罗
Παύλου	的
Ἰερουσαλὴμ	耶路撒冷
Ἰερουσαλήμ	耶路撒冷
Παῦλος	保罗
Ἰερουσαλὴμ	耶路撒冷
Ἰησοῦ	耶稣
Ἰησοῦ	的
Ἱεροσόλυμα	耶路撒冷
Καισαρείας	恺撒利亚
Μνάσωνί	拿孙
Κυπρίῳ	塞浦路斯
Κυπρίῳ	人
Ἱεροσόλυμα	耶路撒冷
Παῦλος	保罗
Ἰάκωβον	雅各
Μωϋσέως	摩西
Παῦλος	保罗
Ἀσίας	亚细亚
Ἰσραηλῖται	以色列
Ἰσραηλῖται	人
Ἕλληνας	希腊
Ἕλληνας	人
Τρόφιμον	特罗非摩
Παῦλος	保罗
Παύλου	保罗
Ἰερουσαλήμ	耶路撒冷
Ἰερουσαλήμ	城
Παῦλον	保罗
Παῦλος	保罗
Παῦλος	保罗
Ταρσεὺς	大数
Κιλικίας	基利家
Κιλικίας	的
Παῦλος	保罗
Ταρσῷ	大数
Κιλικίας	基利家
Κιλικίας	的
Γαμαλιὴλ	迦玛列
Δαμασκὸν	大马士革
Ἰερουσαλὴμ	耶路撒冷
Δαμασκῷ	大马士革
Σαοὺλ	扫罗
Σαούλ	扫罗
Ἰησοῦς	耶稣
Ναζωραῖος	拿撒勒
Ναζωραῖος	人
Δαμασκὸν	大马士革
Δαμασκόν	大马士革
Ἁνανίας	亚拿尼亚
Σαοὺλ	扫罗
Ἰερουσαλὴμ	耶路撒冷
Ἰερουσαλήμ	耶路撒冷
Παῦλος	保罗
Παῦλος	保罗
Παῦλον	保罗
Παῦλον	将
Παῦλος	保罗
Ἁνανίας	亚拿尼亚
Παῦλος	保罗
Παῦλος	保罗
Παῦλος	保罗
Σαδδουκαίων	撒都该
Σαδδουκαίων	人
Φαρισαίων	法利赛
Φαρισαίων	人
Φαρισαῖός	法利赛
Φαρισαῖός	人
Φαρισαίων	法利赛
Φαρισαίων	人
Φαρισαίων	的
Φαρισαίων	法利赛
Φαρισαίων	人
Σαδδουκαίων	撒都该
Σαδδουκαίων	人
Σαδδουκαῖοι	撒都该
Σαδδουκαῖοι	人
Φαρισαῖοι	法利赛
Φαρισαῖοι	人
Φαρισαίων	法利赛
Παῦλος	保罗
Ἰερουσαλήμ	耶路撒冷
Ῥώμην	罗马
Παῦλον	保罗
Παῦλον	保罗
Παύλου	保罗
Παύλου	的
Παύλῳ	保罗
Παῦλος	保罗
Παῦλος	保罗
Παῦλον	保罗
Καισαρείας	恺撒利亚
Παῦλον	保罗
Φήλικα	腓力斯
Φήλικι	腓力斯
Παῦλον	保罗
Παῦλον	将
Ἀντιπατρίδα	安提帕底
Καισάρειαν	恺撒利亚
Παῦλον	保罗
Κιλικίας	基利家
Ἡρῴδου	希律
Ἡρῴδου	的
Ἁνανίας	亚拿尼亚
Τερτύλλου	帖土罗
Παύλου	保罗
Τέρτυλλος	帖土罗
Φῆλιξ	腓力斯
Ναζωραίων	拿撒勒
Παῦλος	保罗
Ἰερουσαλήμ	耶路撒冷
Ἀσίας	亚细亚
Φῆλιξ	腓力斯
Λυσίας	吕西亚
Φῆλιξ	腓力斯
Δρουσίλλῃ	土西拉
Παῦλον	保罗
Χριστὸν	基督
Ἰησοῦν	耶稣
Φῆλιξ	腓力斯
Παύλου	保罗
Φῆλιξ	腓力斯
Φῆλιξ	腓力斯
Παῦλον	保罗
Φῆστος	非斯都
Ἱεροσόλυμα	耶路撒冷
Καισαρείας	恺撒利亚
Παύλου	保罗
Ἰερουσαλήμ	耶路撒冷
Φῆστος	非斯都
Παῦλον	保罗
Καισάρειαν	恺撒利亚
Καισάρειαν	恺撒利亚
Παῦλον	保罗
Παῦλον	将
Ἱεροσολύμων	耶路撒冷
Παύλου	保罗
Καίσαρά	恺撒
Φῆστος	非斯都
Παύλῳ	保罗
Ἱεροσόλυμα	耶路撒冷
Παῦλος	保罗
Καίσαρος	恺撒
Καίσαρος	的
Καίσαρα	恺撒
Φῆστος	非斯都
Καίσαρα	恺撒
Καίσαρα	恺撒
Ἀγρίππας	亚基帕
Βερνίκη	百妮基
Βερνίκη	氏
Καισάρειαν	恺撒利亚
Φῆστον	非斯都
Φῆστος	非斯都
Παῦλον	保罗
Φήλικος	腓力斯
Ἱεροσόλυμα	耶路撒冷
Ἰησοῦ	耶稣
Παῦλος	保罗
Ἱεροσόλυμα	耶路撒冷
Παύλου	保罗
Καίσαρα	恺撒
Ἀγρίππας	亚基帕
Φῆστον	非斯都
Ἀγρίππα	亚基帕
Βερνίκης	百妮基
Φήστου	非斯都
Παῦλος	保罗
Φῆστος	非斯都
Ἀγρίππα	亚基帕
Ἱεροσολύμοις	耶路撒冷
Ἀγρίππα	亚基帕
Ἀγρίππας	亚基帕
Παῦλον	保罗
Παῦλος	保罗
Ἀγρίππα	亚基帕
Ἱεροσολύμοις	耶路撒冷
Φαρισαῖος	法利赛
Φαρισαῖος	人
Ἰησοῦ	耶稣
Ἰησοῦ	的
Ναζωραίου	拿撒勒
Ναζωραίου	人
Ἱεροσολύμοις	耶路撒冷
Δαμασκὸν	大马士革
Σαοὺλ	扫罗
Σαούλ	扫罗
Ἰησοῦς	耶稣
σατανᾶ	撒旦
Ἀγρίππα	亚基帕
Δαμασκῷ	大马士革
Ἱεροσολύμοις	耶路撒冷
Ἱεροσολύμοις	在
Ἰουδαίας	犹太
Μωϋσῆς	摩西
χριστός	基督
Φῆστος	非斯都
Παῦλε	保罗
Παῦλος	保罗
Φῆστε	非斯都
Ἀγρίππα	亚基帕
Ἀγρίππας	亚基帕
Παῦλον	保罗
Χριστιανὸν	基督徒
Παῦλος	保罗
Βερνίκη	百妮基
Ἀγρίππας	亚基帕
Φήστῳ	非斯都
Φήστῳ	对
Καίσαρα	恺撒
Ἰταλίαν	意大利
Παῦλον	保罗
Παῦλον	将
Ἰουλίῳ	犹流
Ἀσίαν	亚细亚
Ἀριστάρχου	亚里达古
Μακεδόνος	马其顿
Μακεδόνος	的
Θεσσαλονικέως	帖撒罗尼迦
Θεσσαλονικέως	人
Σιδῶνα	西顿
Ἰούλιος	犹流
Παύλῳ	保罗
Κύπρον	塞浦路斯
Κιλικίαν	基利家
Παμφυλίαν	旁非利亚
Λυκίας	吕家
Λυκίας	的
Ἰταλίαν	意大利
Κνίδον	革尼土
Κρήτην	克里特
Σαλμώνην	撒摩尼
Λασαία	拉西亚
Παῦλος	保罗
Παύλου	保罗
Φοίνικα	非尼基
Κρήτης	克里特
Κρήτης	的
Κρήτην	克里特
εὐρακύλων	友拉革罗
Καῦδα	高大
Σύρτιν	赛耳底
Σύρτιν	沙滩
Παῦλος	保罗
Κρήτης	克里特
Παῦλε	保罗
Καίσαρί	恺撒
Ἀδρίᾳ	亚得里亚
Ἀδρίᾳ	海
Παῦλος	保罗
Παῦλος	保罗
Παῦλον	保罗
Μελίτη	马耳他
Παύλου	保罗
Ποπλίῳ	部百流
Ποπλίου	部百流
Ποπλίου	的
Παῦλος	保罗
Διοσκούροις	双子
Διοσκούροις	以
Διοσκούροις	宙斯
Συρακούσας	叙拉古
Ῥήγιον	利基翁
Ποτιόλους	部丢利
Ῥώμην	罗马
Ἀππίου	亚比乌
Παῦλος	保罗
Ῥώμην	罗马
Ῥώμην	城
Παύλῳ	保罗
Ἱεροσολύμων	耶路撒冷
Καίσαρα	恺撒
Ἰσραὴλ	以色列
Ἰσραὴλ	人
Ἰουδαίας	犹太
Ἰησοῦ	耶稣
Μωϋσέως	摩西
Μωϋσέως	的
Παύλου	保罗
Ἠσαΐου	以赛亚
Ἰησοῦ	耶稣
Χριστοῦ	基督
Παῦλος	保罗
Χριστοῦ	基督
Χριστοῦ	的
Ἰησοῦ	耶稣
Δαυὶδ	大卫
Ἰησοῦ	耶稣
Χριστοῦ	基督
Ἰησοῦ	耶稣
Ἰησοῦ	属
Χριστοῦ	基督
Ῥώμῃ	罗马
Ἰησοῦ	耶稣
Χριστοῦ	基督
Ἰησοῦ	耶稣
Χριστοῦ	基督
Ἕλλησίν	希腊
Ἕλλησίν	人
Ῥώμῃ	罗马
Ἕλληνι	希腊
Ἕλληνι	人
Ἕλληνος	希腊
Ἕλληνος	人
Ἕλληνι	希腊
Ἕλληνι	人
Χριστοῦ	基督
Ἰησοῦ	耶稣
Ἕλληνας	希腊
Ἕλληνας	人
Ἰησοῦ	耶稣
Χριστοῦ	基督
Χριστῷ	基督
Ἰησοῦ	耶稣
Ἰησοῦ	耶稣
Ἀβραὰμ	亚伯拉罕
Ἀβραὰμ	亚伯拉罕
Ἀβραὰμ	亚伯拉罕
Δαυὶδ	大卫
Ἀβραὰμ	亚伯拉罕
Ἀβραάμ	亚伯拉罕
Ἀβραὰμ	亚伯拉罕
Ἀβραάμ	亚伯拉罕
Ἀβραάμ	之
Σάρρας	撒拉
Σάρρας	的
Ἰησοῦν	耶稣
Ἰησοῦ	耶稣
Χριστοῦ	基督
Χριστὸς	基督
Χριστὸς	基督
Ἰησοῦ	耶稣
Χριστοῦ	基督
Ἀδὰμ	亚当
Μωϋσέως	摩西
Ἀδὰμ	亚当
Ἰησοῦ	耶稣
Χριστοῦ	基督
Ἰησοῦ	耶稣
Χριστοῦ	基督
Ἰησοῦ	耶稣
Χριστοῦ	基督
Χριστὸν	基督
Ἰησοῦν	耶稣
Χριστὸς	基督
Χριστῷ	基督
Χριστὸς	基督
Χριστῷ	基督
Ἰησοῦ	耶稣
Χριστῷ	基督
Ἰησοῦ	耶稣
Χριστοῦ	基督
Χριστοῦ	的
Ἰησοῦ	耶稣
Χριστοῦ	基督
Χριστῷ	基督
Ἰησοῦ	耶稣
Χριστῷ	基督
Ἰησοῦ	耶稣
Χριστοῦ	基督
Χριστοῦ	的
Χριστὸς	基督
Ἰησοῦν	耶稣
Χριστὸν	基督
Χριστοῦ	基督
Χριστὸς	基督
Χριστὸς	有
Ἰησοῦς	耶稣
Χριστοῦ	基督
Χριστοῦ	的
Χριστῷ	基督
Ἰησοῦ	耶稣
Χριστῷ	基督
Χριστοῦ	基督
Ἰσραηλῖται	以色列
Ἰσραηλῖται	人
Χριστὸς	基督
Ἰσραὴλ	以色列
Ἰσραήλ	以色列
Ἰσραήλ	人
Ἀβραὰμ	亚伯拉罕
Ἀβραὰμ	的
Ἰσαὰκ	以撒
Σάρρᾳ	撒拉
Ῥεβέκκα	利百加
Ῥεβέκκα	有
Ἰσαὰκ	以撒
Ἰακὼβ	雅各
Ἠσαῦ	以扫
Μωϋσεῖ	摩西
Μωϋσεῖ	对
Φαραὼ	法老
Φαραὼ	向
Ὡσηὲ	何西阿
Ὡσηὲ	书
Ἠσαΐας	以赛亚
Ἰσραήλ	以色列
Ἰσραήλ	人
Ἰσραὴλ	以色列
Ἠσαΐας	以赛亚
σαβαὼθ	万军
σαβαὼθ	之
Σόδομα	所多玛
Γόμορρα	蛾摩拉
Ἰσραὴλ	以色列
Ἰσραὴλ	人
Σιὼν	锡安
Χριστὸς	基督
Μωϋσῆς	摩西
Χριστὸν	基督
Χριστὸν	基督
Ἰησοῦν	耶稣
Ἕλληνος	希腊
Ἕλληνος	人
Ἠσαΐας	以赛亚
Χριστοῦ	基督
Χριστοῦ	的
Ἰσραὴλ	以色列
Ἰσραὴλ	人
Μωϋσῆς	摩西
Μωϋσῆς	有
Ἠσαΐας	以赛亚
Ἠσαΐας	有
Ἰσραὴλ	以色列
Ἰσραὴλ	人
Ἰσραηλίτης	以色列
Ἰσραηλίτης	人
Ἀβραάμ	亚伯拉罕
Ἀβραάμ	的
Βενιαμίν	便雅悯
Ἠλίᾳ	以利亚
Ἰσραήλ	以色列
Ἰσραήλ	人
Βάαλ	巴力
Ἰσραήλ	以色列
Ἰσραήλ	人
Δαυὶδ	大卫
Ἰσραὴλ	以色列
Ἰσραὴλ	人
Ἰσραὴλ	以色列
Σιὼν	锡安
Ἰακώβ	雅各
Χριστῷ	基督
Ἰησοῦν	耶稣
Χριστὸν	基督
Χριστὸς	基督
Ἰησοῦ	耶稣
Χριστὸς	基督
Χριστῷ	基督
Χριστὸς	基督
Χριστὸν	基督
Ἰησοῦν	耶稣
Ἰησοῦ	耶稣
Χριστοῦ	基督
Χριστοῦ	的
Χριστὸς	基督
Χριστὸν	基督
Ἠσαΐας	以赛亚
Ἠσαΐας	有
Ἰεσσαὶ	耶西
Ἰεσσαὶ	的
Χριστοῦ	基督
Ἰησοῦ	耶稣
Ἰησοῦ	的
Χριστῷ	基督
Ἰησοῦ	耶稣
Χριστὸς	基督
Ἰερουσαλὴμ	耶路撒冷
Ἰλλυρικοῦ	以利哩古
Χριστοῦ	基督
Χριστοῦ	的
Χριστός	基督
Σπανίαν	西班牙
Ἰερουσαλὴμ	耶路撒冷
Μακεδονία	马其顿
Ἀχαΐα	亚该亚
Ἰερουσαλήμ	耶路撒冷
Σπανίαν	西班牙
Χριστοῦ	基督
Ἰησοῦ	耶稣
Χριστοῦ	基督
Ἰουδαίᾳ	犹太
Ἰερουσαλὴμ	耶路撒冷
Φοίβην	非比
Κεγχρεαῖς	坚革哩
Πρίσκαν	百基拉
Ἀκύλαν	亚居拉
Χριστῷ	基督
Ἰησοῦ	耶稣
Ἐπαίνετον	以拜尼土
Ἀσίας	亚细亚
Χριστόν	基督
Μαρίαν	马利亚
Ἀνδρόνικον	安多尼古
Ἰουνίαν	犹尼亚
Χριστῷ	基督
Ἀμπλιᾶτον	暗伯利
Οὐρβανὸν	耳巴奴
Χριστῷ	基督
Ἀπελλῆν	亚比利
Χριστῷ	基督
Ἀριστοβούλου	亚利多布
Ἡρῳδίωνα	希罗天
Ναρκίσσου	拿其数
Τρύφαιναν	土非拿
Τρύφαιναν	氏
Τρυφῶσαν	土富撒
Τρυφῶσαν	氏
Περσίδα	彼息
Περσίδα	氏
Ῥοῦφον	鲁孚
Ἀσύγκριτον	亚逊其土
Φλέγοντα	弗勒干
Ἑρμῆν	黑米
Πατροβᾶν	八罗巴
Ἑρμᾶν	黑马
Φιλόλογον	非罗罗古
Ἰουλίαν	犹利亚
Νηρέα	尼利亚
Ὀλυμπᾶν	阿林巴
Χριστοῦ	基督
Χριστοῦ	的
Χριστῷ	基督
σατανᾶν	撒旦
σατανᾶν	将
Ἰησοῦ	耶稣
Τιμόθεος	提摩太
Λούκιος	路求
Ἰάσων	耶孙
Σωσίπατρος	所西巴德
Τέρτιος	德丢
Γάϊος	该犹
Ἔραστος	以拉都
Κούαρτος	括土
Ἰησοῦ	耶稣
Χριστοῦ	基督
Ἰησοῦ	耶稣
Χριστοῦ	基督
Παῦλος	保罗
Χριστοῦ	基督
Ἰησοῦ	耶稣
Σωσθένης	所提尼
Κορίνθῳ	哥林多
Χριστῷ	基督
Ἰησοῦ	耶稣
Ἰησοῦ	耶稣
Χριστοῦ	基督
Χριστοῦ	之
Ἰησοῦ	耶稣
Χριστοῦ	基督
Χριστῷ	基督
Ἰησοῦ	耶稣
Χριστοῦ	基督
Ἰησοῦ	耶稣
Χριστοῦ	基督
Ἰησοῦ	耶稣
Χριστοῦ	基督
Χριστοῦ	的
Ἰησοῦ	耶稣
Χριστοῦ	基督
Ἰησοῦ	耶稣
Χριστοῦ	基督
Χριστοῦ	的
Χλόης	革来
Χλόης	氏
Παύλου	保罗
Παύλου	属
Ἀπολλῶ	亚波罗
Ἀπολλῶ	属
Κηφᾶ	矶法
Κηφᾶ	属
Χριστοῦ	基督
Χριστοῦ	属
Χριστός	基督
Παῦλος	保罗
Παύλου	保罗
Παύλου	的
Κρίσπον	基利司布
Γάϊον	该犹
Στεφανᾶ	司提反
Χριστὸς	基督
Χριστοῦ	基督
Χριστοῦ	的
Ἕλληνες	希腊
Ἕλληνες	人
Χριστὸν	基督
Ἕλλησιν	希腊
Ἕλλησιν	人
Χριστὸν	基督
Χριστῷ	基督
Ἰησοῦ	耶稣
Ἰησοῦν	耶稣
Χριστὸν	基督
Χριστοῦ	基督
Χριστοῦ	的
Χριστῷ	基督
Παύλου	保罗
Παύλου	属
Ἀπολλῶ	亚波罗
Ἀπολλῶ	属
Ἀπολλῶς	亚波罗
Παῦλος	保罗
Ἀπολλῶς	亚波罗
Ἰησοῦς	耶稣
Χριστός	基督
Παῦλος	保罗
Ἀπολλῶς	亚波罗
Κηφᾶς	矶法
Χριστοῦ	基督
Χριστοῦ	属
Χριστὸς	基督
Χριστοῦ	基督
Χριστοῦ	的
Ἀπολλῶν	亚波罗
Χριστόν	基督
Χριστῷ	基督
Χριστῷ	基督
Χριστῷ	基督
Ἰησοῦ	耶稣
Τιμόθεον	提摩太
Χριστῷ	基督
Ἰησοῦ	耶稣
Ἰησοῦ	的
Ἰησοῦ	耶稣
Ἰησοῦ	的
σατανᾷ	撒旦
Χριστός	基督
Ἰησοῦ	耶稣
Χριστοῦ	基督
Χριστοῦ	的
Χριστοῦ	基督
Χριστοῦ	的
Χριστοῦ	基督
Χριστοῦ	的
σατανᾶς	撒旦
Χριστοῦ	基督
Χριστοῦ	的
Ἰησοῦς	耶稣
Χριστὸς	基督
Χριστὸς	基督
Χριστὸν	基督
Ἰησοῦν	耶稣
Κηφᾶς	矶法
Βαρναβᾶς	巴拿巴
Μωϋσέως	摩西
Μωϋσέως	的
Χριστοῦ	基督
Χριστοῦ	的
Χριστοῦ	基督
Μωϋσῆν	摩西
Χριστός	基督
Χριστόν	主
Χριστοῦ	基督
Χριστοῦ	的
Χριστοῦ	基督
Χριστοῦ	的
Ἰσραὴλ	以色列
Ἰσραὴλ	人
Ἕλλησιν	希腊
Ἕλλησιν	人
Χριστοῦ	基督
Χριστός	基督
Χριστοῦ	基督
Χριστοῦ	的
Ἰησοῦς	耶稣
Ἰησοῦς	耶稣
Ἰησοῦς	耶稣
Χριστός	基督
Ἕλληνες	希腊
Ἕλληνες	人
Χριστοῦ	基督
Χριστοῦ	的
Χριστὸς	基督
Κηφᾷ	矶法
Ἰακώβῳ	雅各
Χριστὸς	基督
Χριστὸς	基督
Χριστὸς	基督
Χριστόν	基督
Χριστὸς	基督
Χριστὸς	基督
Χριστῷ	基督
Χριστῷ	基督
Χριστὸς	基督
Ἀδὰμ	亚当
Χριστῷ	基督
Χριστός	基督
Χριστοῦ	基督
Χριστοῦ	属
Χριστῷ	基督
Ἰησοῦ	耶稣
Ἐφέσῳ	以弗所
Ἀδὰμ	亚当
Ἀδὰμ	亚当
Ἰησοῦ	耶稣
Χριστοῦ	基督
Γαλατίας	加拉太
Γαλατίας	的
Ἰερουσαλήμ	耶路撒冷
Μακεδονίαν	马其顿
Ἐφέσῳ	以弗所
Τιμόθεος	提摩太
Ἀπολλῶ	亚波罗
Στεφανᾶ	司提反
Ἀχαΐας	亚该亚
Στεφανᾶ	司提反
Φορτουνάτου	福徒拿都
Ἀχαϊκοῦ	亚该古
Ἀσίας	亚细亚
Ἀσίας	的
Ἀκύλας	亚居拉
Πρίσκα	百基拉
Παύλου	保罗
Ἰησοῦ	耶稣
Ἰησοῦ	的
Χριστῷ	基督
Ἰησοῦ	耶稣
Παῦλος	保罗
Χριστοῦ	基督
Ἰησοῦ	耶稣
Τιμόθεος	提摩太
Κορίνθῳ	哥林多
Ἀχαΐᾳ	亚该亚
Ἰησοῦ	耶稣
Χριστοῦ	基督
Ἰησοῦ	耶稣
Χριστοῦ	基督
Χριστοῦ	的
Χριστοῦ	基督
Χριστοῦ	的
Χριστοῦ	基督
Ἀσίᾳ	亚细亚
Ἰησοῦ	耶稣
Ἰησοῦ	的
Μακεδονίαν	马其顿
Μακεδονίας	马其顿
Ἰουδαίαν	犹太
Ἰησοῦς	耶稣
Χριστὸς	基督
Σιλουανοῦ	西拉
Τιμοθέου	提摩太
Χριστὸν	基督
Κόρινθον	哥林多
Χριστοῦ	基督
σατανᾶ	撒旦
Τρῳάδα	特罗亚
Χριστοῦ	基督
Χριστοῦ	的
Τίτον	提多
Μακεδονίαν	马其顿
Χριστῷ	基督
Χριστοῦ	基督
Χριστῷ	基督
Χριστοῦ	基督
Χριστοῦ	的
Χριστοῦ	基督
Ἰσραὴλ	以色列
Μωϋσέως	摩西
Μωϋσῆς	摩西
Ἰσραὴλ	以色列
Χριστῷ	基督
Μωϋσῆς	摩西
Χριστοῦ	基督
Ἰησοῦν	耶稣
Χριστὸν	基督
Ἰησοῦν	耶稣
Ἰησοῦ	耶稣
Χριστοῦ	基督
Χριστοῦ	的
Ἰησοῦ	耶稣
Ἰησοῦ	的
Ἰησοῦ	耶稣
Ἰησοῦ	的
Ἰησοῦν	耶稣
Ἰησοῦ	耶稣
Ἰησοῦ	的
Ἰησοῦν	耶稣
Ἰησοῦ	耶稣
Χριστοῦ	基督
Χριστοῦ	基督
Χριστοῦ	的
Χριστόν	基督
Χριστῷ	基督
Χριστοῦ	基督
Χριστῷ	基督
Χριστοῦ	基督
Χριστοῦ	的
Χριστοῦ	基督
Χριστοῦ	基督
Βελιάρ	彼列
Μακεδονίαν	马其顿
Τίτου	提多
Τίτου	提多
Τίτου	提多
Μακεδονίας	马其顿
Τίτον	提多
Ἰησοῦ	耶稣
Χριστοῦ	基督
Χριστοῦ	的
Τίτου	提多
Τίτου	的
Τίτου	提多
Χριστοῦ	基督
Χριστοῦ	的
Μακεδόσιν	马其顿
Μακεδόσιν	对
Μακεδόσιν	人
Ἀχαΐα	亚该亚
Ἀχαΐα	人
Μακεδόνες	马其顿
Μακεδόνες	有
Μακεδόνες	人
Χριστοῦ	基督
Παῦλος	保罗
Χριστοῦ	基督
Χριστοῦ	的
Χριστοῦ	基督
Χριστοῦ	基督
Χριστοῦ	属
Χριστοῦ	基督
Χριστοῦ	属
Χριστοῦ	基督
Χριστοῦ	的
Χριστῷ	基督
Εὕαν	夏娃
Χριστόν	基督
Ἰησοῦν	耶稣
Μακεδονίας	马其顿
Χριστοῦ	基督
Χριστοῦ	的
Ἀχαΐας	亚该亚
Χριστοῦ	基督
σατανᾶς	撒旦
Ἰσραηλῖταί	以色列
Ἰσραηλῖταί	人
Ἀβραάμ	亚伯拉罕
Ἀβραάμ	的
Χριστοῦ	基督
Χριστοῦ	的
Ἰησοῦ	耶稣
Ἰησοῦ	的
Δαμασκῷ	大马士革
Ἁρέτα	亚哩达
Χριστῷ	基督
σατανᾶ	撒旦
σατανᾶ	的
Χριστοῦ	基督
Χριστοῦ	的
Χριστοῦ	基督
Τίτον	提多
Τίτος	提多
Χριστῷ	基督
Χριστοῦ	基督
Ἰησοῦς	耶稣
Ἰησοῦς	有
Χριστὸς	基督
Ἰησοῦ	耶稣
Χριστοῦ	基督
Χριστοῦ	的
Παῦλος	保罗
Ἰησοῦ	耶稣
Χριστοῦ	基督
Γαλατίας	加拉太
Γαλατίας	的
Ἰησοῦ	耶稣
Χριστοῦ	基督
Χριστοῦ	基督
Χριστοῦ	之
Χριστοῦ	基督
Χριστοῦ	的
Χριστοῦ	基督
Χριστοῦ	的
Ἰησοῦ	耶稣
Χριστοῦ	基督
Ἰουδαϊσμῷ	犹太
Ἰουδαϊσμῷ	教
Ἰουδαϊσμῷ	犹太
Ἰουδαϊσμῷ	教
Ἱεροσόλυμα	耶路撒冷
Ἀραβίαν	阿拉伯
Δαμασκόν	大马士革
Ἱεροσόλυμα	耶路撒冷
Κηφᾶν	矶法
Ἰάκωβον	雅各
Συρίας	叙利亚
Κιλικίας	基利家
Ἰουδαίας	犹太
Χριστῷ	基督
Ἱεροσόλυμα	耶路撒冷
Βαρναβᾶ	巴拿巴
Τίτον	提多
Τίτος	提多
Ἕλλην	希腊
Ἕλλην	人
Χριστῷ	基督
Ἰησοῦ	耶稣
Πέτρος	彼得
Πέτρῳ	彼得
Ἰάκωβος	雅各
Κηφᾶς	矶法
Ἰωάννης	约翰
Βαρναβᾷ	巴拿巴
Κηφᾶς	矶法
Ἀντιόχειαν	安提阿
Ἰακώβου	雅各
Βαρναβᾶς	巴拿巴
Κηφᾷ	矶法
Κηφᾷ	对
Ἰησοῦ	耶稣
Χριστοῦ	基督
Χριστὸν	基督
Ἰησοῦν	耶稣
Χριστοῦ	基督
Χριστῷ	基督
Χριστὸς	基督
Χριστῷ	基督
Χριστός	基督
Χριστὸς	基督
Γαλάται	加拉太
Γαλάται	人
Ἰησοῦς	耶稣
Χριστὸς	基督
Ἀβραὰμ	亚伯拉罕
Ἀβραάμ	亚伯拉罕
Ἀβραάμ	的
Ἀβραὰμ	亚伯拉罕
Ἀβραὰμ	给
Ἀβραάμ	亚伯拉罕
Χριστὸς	基督
Ἀβραὰμ	亚伯拉罕
Ἀβραὰμ	的
Χριστῷ	基督
Ἰησοῦ	耶稣
Ἀβραὰμ	亚伯拉罕
Ἀβραὰμ	向
Χριστός	基督
Ἀβραὰμ	亚伯拉罕
Ἰησοῦ	耶稣
Χριστοῦ	基督
Χριστόν	基督
Χριστῷ	基督
Ἰησοῦ	耶稣
Χριστὸν	基督
Χριστὸν	基督
Ἕλλην	希腊
Ἕλλην	人
Χριστῷ	基督
Ἰησοῦ	耶稣
Χριστοῦ	基督
Χριστοῦ	属乎
Ἀβραὰμ	亚伯拉罕
Ἀβραὰμ	的
Χριστὸν	基督
Ἰησοῦν	耶稣
Χριστὸς	基督
Ἀβραὰμ	亚伯拉罕
Σινᾶ	西奈
Ἁγάρ	夏甲
Ἁγὰρ	夏甲
Σινᾶ	西奈
Ἀραβίᾳ	阿拉伯
Ἰερουσαλήμ	耶路撒冷
Ἰερουσαλήμ	与
Ἰερουσαλὴμ	耶路撒冷
Ἰσαὰκ	以撒
Χριστὸς	基督
Παῦλος	保罗
Χριστὸς	基督
Χριστοῦ	基督
Χριστῷ	基督
Ἰησοῦ	耶稣
Χριστοῦ	基督
Χριστοῦ	属
Ἰησοῦ	耶稣
Χριστοῦ	基督
Χριστοῦ	的
Χριστοῦ	基督
Χριστοῦ	的
Ἰησοῦ	耶稣
Χριστοῦ	基督
Χριστοῦ	的
Ἰσραὴλ	以色列
Ἰσραὴλ	民
Ἰησοῦ	耶稣
Ἰησοῦ	的
Ἰησοῦ	耶稣
Χριστοῦ	基督
Χριστοῦ	的
Παῦλος	保罗
Χριστοῦ	基督
Ἰησοῦ	耶稣
Ἐφέσῳ	以弗所
Χριστῷ	基督
Ἰησοῦ	耶稣
Ἰησοῦ	耶稣
Χριστοῦ	基督
Ἰησοῦ	耶稣
Χριστοῦ	基督
Χριστοῦ	的
Χριστῷ	基督
Ἰησοῦ	耶稣
Χριστοῦ	基督
Χριστῷ	基督
Χριστῷ	基督
Ἰησοῦ	耶稣
Ἰησοῦ	耶稣
Χριστοῦ	基督
Χριστοῦ	的
Χριστῷ	基督
Χριστῷ	基督
Χριστῷ	基督
Ἰησοῦ	耶稣
Χριστῷ	基督
Ἰησοῦ	耶稣
Χριστῷ	基督
Ἰησοῦ	耶稣
Χριστοῦ	基督
Ἰσραὴλ	以色列
Χριστῷ	基督
Ἰησοῦ	耶稣
Χριστοῦ	他
Χριστοῦ	的
Χριστοῦ	基督
Ἰησοῦ	耶稣
Παῦλος	保罗
Χριστοῦ	基督
Ἰησοῦ	耶稣
Χριστοῦ	基督
Χριστοῦ	的
Χριστῷ	基督
Ἰησοῦ	耶稣
Χριστοῦ	基督
Χριστῷ	基督
Ἰησοῦ	耶稣
Χριστὸν	基督
Χριστῷ	基督
Ἰησοῦ	耶稣
Χριστοῦ	基督
Χριστοῦ	基督
Χριστοῦ	的
Χριστοῦ	基督
Χριστός	基督
Χριστόν	基督
Ἰησοῦ	他
Χριστῷ	基督
Χριστὸς	基督
Χριστοῦ	基督
Χριστός	基督
Ἰησοῦ	耶稣
Χριστοῦ	基督
Χριστοῦ	的
Χριστοῦ	基督
Χριστὸς	基督
Χριστῷ	基督
Χριστὸς	基督
Χριστὸς	基督
Χριστὸν	基督
Χριστῷ	基督
Χριστοῦ	基督
Χριστοῦ	的
Τύχικος	推基古
Ἰησοῦ	耶稣
Χριστοῦ	基督
Ἰησοῦν	耶稣
Χριστὸν	基督
Παῦλος	保罗
Τιμόθεος	提摩太
Χριστοῦ	基督
Ἰησοῦ	耶稣
Ἰησοῦ	的
Χριστῷ	基督
Ἰησοῦ	耶稣
Φιλίπποις	腓立比
Ἰησοῦ	耶稣
Χριστοῦ	基督
Χριστοῦ	基督
Χριστοῦ	的
Ἰησοῦ	耶稣
Χριστοῦ	基督
Ἰησοῦ	耶稣
Ἰησοῦ	的
Χριστοῦ	基督
Χριστοῦ	的
Ἰησοῦ	耶稣
Χριστοῦ	基督
Χριστῷ	基督
Χριστὸν	基督
Χριστὸν	基督
Χριστὸς	基督
Ἰησοῦ	耶稣
Χριστοῦ	基督
Χριστοῦ	之
Χριστὸς	基督
Χριστὸς	基督
Χριστῷ	基督
Χριστῷ	基督
Ἰησοῦ	耶稣
Χριστοῦ	基督
Χριστοῦ	的
Χριστοῦ	基督
Χριστῷ	基督
Χριστῷ	基督
Ἰησοῦ	耶稣
Ἰησοῦ	耶稣
Ἰησοῦ	的
Ἰησοῦς	耶稣
Χριστὸς	基督
Χριστοῦ	基督
Χριστοῦ	的
Ἰησοῦ	耶稣
Τιμόθεον	提摩太
Ἰησοῦ	耶稣
Χριστοῦ	基督
Χριστοῦ	的
Ἐπαφρόδιτον	以巴弗提
Χριστοῦ	基督
Χριστοῦ	的
Χριστῷ	基督
Ἰησοῦ	耶稣
Ἰσραήλ	以色列
Βενιαμίν	便雅悯
Φαρισαῖος	法利赛
Φαρισαῖος	人
Χριστὸν	基督
Χριστοῦ	基督
Ἰησοῦ	耶稣
Χριστὸν	基督
Χριστοῦ	基督
Χριστοῦ	基督
Ἰησοῦ	耶稣
Χριστῷ	基督
Ἰησοῦ	耶稣
Χριστοῦ	基督
Ἰησοῦν	耶稣
Χριστόν	基督
Εὐοδίαν	尤阿迪娅
Συντύχην	循都基
Χριστῷ	基督
Ἰησοῦ	耶稣
Φιλιππήσιοι	腓立比
Φιλιππήσιοι	人
Φιλιππήσιοι	哪
Μακεδονίας	马其顿
Θεσσαλονίκῃ	帖撒罗尼迦
Ἐπαφροδίτου	以巴弗提
Χριστῷ	基督
Ἰησοῦ	耶稣
Χριστῷ	基督
Ἰησοῦ	耶稣
Καίσαρος	恺撒
Ἰησοῦ	耶稣
Χριστοῦ	基督
Χριστοῦ	的
Παῦλος	保罗
Χριστοῦ	基督
Ἰησοῦ	耶稣
Τιμόθεος	提摩太
Κολοσσαῖς	歌罗西
Χριστῷ	基督
Ἰησοῦ	耶稣
Χριστοῦ	基督
Χριστοῦ	的
Χριστῷ	基督
Ἰησοῦ	耶稣
Ἐπαφρᾶ	以巴弗
Χριστοῦ	基督
Παῦλος	保罗
Χριστοῦ	基督
Χριστὸς	基督
Χριστῷ	基督
Λαοδικείᾳ	老底嘉
Χριστοῦ	基督
Χριστὸν	基督
Χριστὸν	基督
Ἰησοῦν	耶稣
Χριστόν	基督
Χριστοῦ	基督
Χριστοῦ	基督
Χριστῷ	基督
Χριστῷ	基督
Χριστός	基督
Χριστός	有
Χριστῷ	基督
Χριστὸς	基督
Ἕλλην	希腊
Ἕλλην	人
Σκύθης	西古提
Σκύθης	人
Χριστός	基督
Χριστοῦ	基督
Χριστοῦ	的
Χριστοῦ	基督
Χριστοῦ	的
Ἰησοῦ	耶稣
Ἰησοῦ	的
Χριστῷ	基督
Χριστοῦ	基督
Χριστοῦ	的
Τύχικος	推基古
Ὀνησίμῳ	阿尼西慕
Ἀρίσταρχος	亚里达古
Μᾶρκος	马可
Βαρναβᾶ	巴拿巴
Βαρναβᾶ	的
Ἰησοῦς	耶数
Ἰοῦστος	犹士都
Ἐπαφρᾶς	以巴弗
Ἐπαφρᾶς	有
Χριστοῦ	基督
Ἰησοῦ	耶稣
Λαοδικείᾳ	老底嘉
Ἱεραπόλει	希拉波立
Λουκᾶς	路加
Δημᾶς	底马
Λαοδικείᾳ	老底嘉
Νύμφαν	宁法
Λαοδικέων	老底嘉
Λαοδικέων	的
Λαοδικείας	老底嘉
Ἀρχίππῳ	亚基布
Ἀρχίππῳ	对
Παύλου	保罗
Παῦλος	保罗
Σιλουανὸς	西拉
Τιμόθεος	提摩太
Θεσσαλονικέων	帖撒罗尼迦
Ἰησοῦ	耶稣
Χριστῷ	基督
Ἰησοῦ	耶稣
Χριστοῦ	基督
Μακεδονίᾳ	马其顿
Ἀχαΐᾳ	亚该亚
Μακεδονίᾳ	马其顿
Ἀχαΐᾳ	亚该亚
Ἰησοῦν	耶稣
Φιλίπποις	腓立比
Χριστοῦ	基督
Χριστοῦ	的
Ἰουδαίᾳ	犹太
Χριστῷ	基督
Ἰησοῦ	耶稣
Ἰησοῦν	耶稣
Παῦλος	保罗
σατανᾶς	撒旦
Ἰησοῦ	耶稣
Ἀθήναις	雅典
Τιμόθεον	提摩太
Χριστοῦ	基督
Τιμοθέου	提摩太
Ἰησοῦς	耶稣
Ἰησοῦ	耶稣
Ἰησοῦ	耶稣
Ἰησοῦ	耶稣
Μακεδονίᾳ	马其顿
Μακεδονίᾳ	地
Ἰησοῦς	耶稣
Ἰησοῦ	耶稣
Χριστῷ	基督
Ἰησοῦ	耶稣
Χριστοῦ	基督
Χριστῷ	基督
Ἰησοῦ	耶稣
Ἰησοῦ	耶稣
Χριστοῦ	基督
Ἰησοῦ	耶稣
Χριστοῦ	基督
Χριστοῦ	的
Παῦλος	保罗
Σιλουανὸς	西拉
Τιμόθεος	提摩太
Θεσσαλονικέων	帖撒罗尼迦
Ἰησοῦ	耶稣
Χριστῷ	基督
Ἰησοῦ	耶稣
Χριστοῦ	基督
Ἰησοῦ	耶稣
Ἰησοῦ	耶稣
Ἰησοῦ	耶稣
Ἰησοῦ	的
Ἰησοῦ	耶稣
Χριστοῦ	基督
Χριστοῦ	的
Ἰησοῦ	耶稣
Χριστοῦ	基督
Ἰησοῦς	耶稣
σατανᾶ	撒旦
σατανᾶ	的
Ἰησοῦ	耶稣
Χριστοῦ	基督
Χριστοῦ	的
Ἰησοῦς	耶稣
Χριστὸς	基督
Χριστοῦ	基督
Χριστοῦ	的
Ἰησοῦ	耶稣
Χριστοῦ	基督
Χριστοῦ	的
Ἰησοῦ	耶稣
Χριστῷ	基督
Παύλου	保罗
Ἰησοῦ	耶稣
Χριστοῦ	基督
Χριστοῦ	的
Παῦλος	保罗
Χριστοῦ	基督
Ἰησοῦ	耶稣
Χριστοῦ	基督
Ἰησοῦ	耶稣
Ἰησοῦ	之
Τιμοθέῳ	提摩太
Τιμοθέῳ	给
Χριστοῦ	基督
Ἰησοῦ	耶稣
Ἐφέσῳ	以弗所
Μακεδονίαν	马其顿
Χριστῷ	基督
Ἰησοῦ	耶稣
Χριστῷ	基督
Ἰησοῦ	耶稣
Χριστὸς	基督
Ἰησοῦς	耶稣
Χριστὸς	基督
Ἰησοῦς	耶稣
Τιμόθεε	提摩太
Τιμόθεε	啊
Ὑμέναιος	许米乃
Ἀλέξανδρος	亚历山大
σατανᾷ	撒旦
Χριστὸς	基督
Ἰησοῦς	耶稣
Ἀδὰμ	亚当
Εὕα	夏娃
Ἀδὰμ	亚当
Χριστῷ	基督
Ἰησοῦ	耶稣
Χριστοῦ	基督
Ἰησοῦ	耶稣
Ἰησοῦ	的
Χριστοῦ	基督
σατανᾶ	撒旦
Χριστοῦ	基督
Ἰησοῦ	耶稣
Ἰησοῦ	耶稣
Χριστοῦ	基督
Χριστοῦ	基督
Ἰησοῦ	耶稣
Ἰησοῦ	耶稣
Χριστοῦ	基督
Τιμόθεε	提摩太
Παῦλος	保罗
Χριστοῦ	基督
Ἰησοῦ	耶稣
Χριστῷ	基督
Ἰησοῦ	耶稣
Τιμοθέῳ	提摩太
Τιμοθέῳ	给
Χριστοῦ	基督
Ἰησοῦ	耶稣
Λωΐδι	罗以
Εὐνίκῃ	友尼基
Χριστῷ	基督
Ἰησοῦ	耶稣
Χριστοῦ	基督
Ἰησοῦ	耶稣
Ἰησοῦ	的
Χριστῷ	基督
Ἰησοῦ	耶稣
Ἀσίᾳ	亚细亚
Φύγελος	腓吉路
Ἑρμογένης	黑摩其尼
Ὀνησιφόρου	阿尼色弗
Ῥώμῃ	罗马
Ἐφέσῳ	以弗所
Χριστῷ	基督
Ἰησοῦ	耶稣
Χριστοῦ	基督
Ἰησοῦ	耶稣
Ἰησοῦ	的
Ἰησοῦν	耶稣
Χριστὸν	基督
Δαυίδ	大卫
Δαυίδ	的
Χριστῷ	基督
Ἰησοῦ	耶稣
Ὑμέναιος	许米乃
Φίλητος	腓理徒
Ἰάννης	雅尼
Ἰαμβρῆς	佯庇
Μωϋσεῖ	摩西
Ἀντιοχείᾳ	安提阿
Ἰκονίῳ	以哥念
Λύστροις	路司得
Χριστῷ	基督
Ἰησοῦ	耶稣
Χριστῷ	基督
Ἰησοῦ	耶稣
Χριστοῦ	基督
Ἰησοῦ	耶稣
Δημᾶς	底马
Θεσσαλονίκην	帖撒罗尼迦
Κρήσκης	革勒士
Γαλατίαν	加拉太
Τίτος	提多
Δαλματίαν	挞马太
Λουκᾶς	路加
Μᾶρκον	马可
Μᾶρκον	把
Τύχικον	推基古
Ἔφεσον	以弗所
Τρῳάδι	特罗亚
Κάρπῳ	加布
Κάρπῳ	于
Ἀλέξανδρος	亚历山大
Πρίσκαν	百基拉
Ἀκύλαν	亚居拉
Ὀνησιφόρου	阿尼色弗
Ἔραστος	以拉都
Κορίνθῳ	哥林多
Τρόφιμον	特罗非摩
Μιλήτῳ	米利都
Εὔβουλος	友布罗
Εὔβουλος	有
Πούδης	布田
Λίνος	利奴
Κλαυδία	克劳迪娅
Παῦλος	保罗
Ἰησοῦ	耶稣
Χριστοῦ	基督
Χριστοῦ	的
Τίτῳ	提多
Τίτῳ	给
Χριστοῦ	基督
Ἰησοῦ	耶稣
Κρήτῃ	克里特
Κρῆτες	克里特
Κρῆτες	人
Ἰησοῦ	耶稣
Χριστοῦ	基督
Χριστοῦ	的
Ἰησοῦ	耶稣
Χριστοῦ	基督
Ἀρτεμᾶν	亚提马
Τύχικον	推基古
Νικόπολιν	尼哥波立
Ζηνᾶν	西纳
Ἀπολλῶν	亚波罗
Παῦλος	保罗
Χριστοῦ	基督
Ἰησοῦ	耶稣
Τιμόθεος	提摩太
Φιλήμονι	腓利门
Φιλήμονι	给
Ἀπφίᾳ	亚腓亚
Ἀρχίππῳ	亚基布
Ἰησοῦ	耶稣
Χριστοῦ	基督
Ἰησοῦν	耶稣
Χριστόν	基督
Χριστῷ	基督
Παῦλος	保罗
Χριστοῦ	基督
Ἰησοῦ	耶稣
Ὀνήσιμον	阿尼西慕
Παῦλος	保罗
Χριστῷ	基督
Ἐπαφρᾶς	以巴弗
Χριστῷ	基督
Ἰησοῦ	耶稣
Μᾶρκος	马可
Ἀρίσταρχος	亚里达古
Δημᾶς	底马
Λουκᾶς	路加
Ἰησοῦ	耶稣
Χριστοῦ	基督
Χριστοῦ	的
Ἰησοῦν	耶稣
Ἀβραὰμ	亚伯拉罕
Ἀβραὰμ	的
Ἰησοῦν	耶稣
Μωϋσῆς	摩西
Μωϋσῆν	摩西
Μωϋσῆς	摩西
Χριστὸς	基督
Χριστοῦ	基督
Χριστοῦ	在
Χριστοῦ	里
Αἰγύπτου	埃及
Μωϋσέως	摩西
Δαυὶδ	大卫
Ἰησοῦς	约书亚
Ἰησοῦν	耶稣
Ἀαρών	亚伦
Χριστὸς	基督
Μελχισέδεκ	麦基洗德
Μελχισέδεκ	的
Μελχισέδεκ	麦基洗德
Μελχισέδεκ	的
Χριστοῦ	基督
Ἀβραὰμ	亚伯拉罕
Ἰησοῦς	耶稣
Μελχισέδεκ	麦基洗德
Μελχισέδεκ	的
Μελχισέδεκ	麦基洗德
Σαλήμ	撒冷
Ἀβραὰμ	亚伯拉罕
Ἀβραάμ	亚伯拉罕
Σαλήμ	撒冷
Ἀβραὰμ	亚伯拉罕
Λευὶ	利未
Ἀβραάμ	亚伯拉罕
Ἀβραὰμ	亚伯拉罕
Ἀβραὰμ	亚伯拉罕
Λευὶ	利未
Μελχισέδεκ	麦基洗德
Μελχισέδεκ	麦基洗德
Μελχισέδεκ	的
Ἀαρὼν	亚伦
Ἀαρὼν	的
Ἰούδα	犹大
Μωϋσῆς	摩西
Μελχισέδεκ	麦基洗德
Μελχισέδεκ	的
Μελχισέδεκ	麦基洗德
Μελχισέδεκ	的
Ἰησοῦς	耶稣
Μωϋσῆς	摩西
Ἰσραὴλ	以色列
Ἰούδα	犹大
Αἰγύπτου	埃及
Ἰσραὴλ	以色列
Ἀαρὼν	亚伦
Χερουβὶν	基路伯
Χριστὸς	基督
Χριστοῦ	他
Χριστοῦ	的
Μωϋσέως	摩西
Χριστός	基督
Χριστὸς	基督
Ἰησοῦ	耶稣
Χριστοῦ	基督
Ἰησοῦ	耶稣
Ἰησοῦ	的
Μωϋσέως	摩西
Μωϋσέως	的
Ἅβελ	亚伯
Κάϊν	该隐
Ἑνὼχ	以诺
Νῶε	挪亚
Ἀβραὰμ	亚伯拉罕
Ἰσαὰκ	以撒
Ἰακὼβ	雅各
Σάρρα	撒拉
Ἀβραὰμ	亚伯拉罕
Ἰσαὰκ	以撒
Ἰσαὰκ	把
Ἰσαὰκ	以撒
Ἰσαὰκ	以撒
Ἰακὼβ	雅各
Ἠσαῦ	以扫
Ἰακὼβ	雅各
Ἰωσὴφ	约瑟
Ἰωσὴφ	的
Ἰωσὴφ	约瑟
Ἰσραὴλ	以色列
Μωϋσῆς	摩西
Μωϋσῆς	摩西
Φαραώ	法老
Αἰγύπτου	埃及
Αἰγύπτου	的
Χριστοῦ	基督
Αἴγυπτον	埃及
Ἰεριχὼ	耶利哥
Ἰεριχὼ	城
Ῥαὰβ	喇合
Γεδεών	基甸
Βαράκ	巴拉
Σαμψών	参孙
Ἰεφθάε	耶弗他
Δαυίδ	大卫
Σαμουὴλ	撒母耳
Ἰησοῦν	耶稣
Ἠσαῦ	以扫
Μωϋσῆς	摩西
Σιὼν	锡安
Ἰερουσαλὴμ	耶路撒冷
Ἰησοῦ	耶稣
Ἅβελ	亚伯
Ἰησοῦς	耶稣
Χριστὸς	基督
Ἰησοῦς	耶稣
Ἰησοῦν	耶稣
Ἰησοῦ	耶稣
Χριστοῦ	基督
Τιμόθεον	提摩太
Ἰταλίας	意大利
Ἰάκωβος	雅各
Ἰησοῦ	耶稣
Χριστοῦ	基督
Ἰησοῦ	耶稣
Χριστοῦ	基督
Ἀβραὰμ	亚伯拉罕
Ἰσαὰκ	以撒
Ἰσαὰκ	把
Ἀβραὰμ	亚伯拉罕
Ῥαὰβ	喇合
σαβαὼθ	万军
σαβαὼθ	之
Ἰὼβ	约伯
Ἰὼβ	的
Ἠλίας	以利亚
Πέτρος	彼得
Ἰησοῦ	耶稣
Χριστοῦ	基督
Χριστοῦ	的
Πόντου	本都
Γαλατίας	加拉太
Καππαδοκίας	加帕多家
Ἀσίας	亚细亚
Βιθυνίας	庇推尼
Ἰησοῦ	耶稣
Χριστοῦ	基督
Ἰησοῦ	耶稣
Χριστοῦ	基督
Χριστοῦ	的
Ἰησοῦ	耶稣
Χριστοῦ	基督
Ἰησοῦ	耶稣
Χριστοῦ	基督
Χριστοῦ	基督
Χριστοῦ	的
Χριστὸν	基督
Ἰησοῦ	耶稣
Χριστοῦ	基督
Χριστοῦ	基督
Χριστοῦ	的
Ἰησοῦ	耶稣
Χριστοῦ	基督
Σιὼν	锡安
Χριστὸς	基督
Σάρρα	撒拉
Ἀβραὰμ	亚伯拉罕
Χριστὸν	基督
Χριστῷ	基督
Χριστὸς	基督
Νῶε	挪亚
Ἰησοῦ	耶稣
Χριστοῦ	基督
Χριστοῦ	基督
Ἰησοῦ	耶稣
Χριστοῦ	基督
Χριστοῦ	基督
Χριστοῦ	基督
Χριστοῦ	的
χριστιανός	基督徒
Χριστοῦ	基督
Χριστῷ	基督
Σιλουανοῦ	西拉
Βαβυλῶνι	巴比伦
Μᾶρκος	马可
Χριστῷ	基督
Συμεὼν	西门
Πέτρος	彼得
Ἰησοῦ	耶稣
Χριστοῦ	基督
Ἰησοῦ	耶稣
Χριστοῦ	基督
Χριστοῦ	之
Ἰησοῦ	耶稣
Ἰησοῦ	耶稣
Χριστοῦ	基督
Ἰησοῦ	耶稣
Χριστοῦ	基督
Ἰησοῦς	耶稣
Χριστὸς	基督
Ἰησοῦ	耶稣
Χριστοῦ	基督
Χριστοῦ	的
Νῶε	挪亚
Σοδόμων	所多玛
Γομόρρας	蛾摩拉
Λὼτ	罗得
Βαλαὰμ	巴兰
Βαλαὰμ	的
Βοσὸρ	比珥
Βοσὸρ	之
Ἰησοῦ	耶稣
Χριστοῦ	基督
Παῦλος	保罗
Ἰησοῦ	耶稣
Χριστοῦ	基督
Χριστοῦ	的
Ἰησοῦ	耶稣
Χριστοῦ	基督
Ἰησοῦ	耶稣
Ἰησοῦ	的
Ἰησοῦν	耶稣
Χριστὸν	基督
Ἰησοῦς	耶稣
Χριστός	基督
Κάϊν	该隐
Ἰησοῦ	耶稣
Χριστοῦ	基督
Χριστοῦ	的
Ἰησοῦν	耶稣
Χριστὸν	基督
Ἰησοῦν	耶稣
Ἰησοῦς	耶稣
Ἰησοῦς	耶稣
Χριστὸς	基督
Ἰησοῦς	耶稣
Ἰησοῦς	耶稣
Χριστός	基督
Ἰησοῦ	耶稣
Χριστῷ	基督
Ἰησοῦ	耶稣
Χριστοῦ	基督
Ἰησοῦν	耶稣
Χριστὸν	基督
Χριστοῦ	基督
Χριστοῦ	的
Γαΐῳ	该犹
Γαΐῳ	给
Διοτρέφης	丢特腓
Δημητρίῳ	低米丢
Ἰούδας	犹大
Ἰησοῦ	耶稣
Χριστοῦ	基督
Χριστοῦ	的
Ἰακώβου	雅各
Ἰακώβου	的
Ἰησοῦ	耶稣
Ἰησοῦ	为
Χριστῷ	基督
Ἰησοῦν	耶稣
Χριστὸν	基督
Ἰησοῦς	主
Αἰγύπτου	埃及
Σόδομα	所多玛
Γόμορρα	蛾摩拉
Μιχαὴλ	米迦勒
Μωϋσέως	摩西
Μωϋσέως	的
Κάϊν	该隐
Κάϊν	的
Βαλαὰμ	巴兰
Βαλαὰμ	的
Κόρε	可拉
Κόρε	的
Ἀδὰμ	亚当
Ἑνὼχ	以诺
Ἰησοῦ	耶稣
Χριστοῦ	基督
Χριστοῦ	之
Ἰησοῦ	耶稣
Χριστοῦ	基督
Χριστοῦ	的
Ἰησοῦ	耶稣
Χριστοῦ	基督
Ἰησοῦ	耶稣
Χριστοῦ	基督
Χριστοῦ	的
Ἰωάννῃ	约翰
Ἰησοῦ	耶稣
Χριστοῦ	基督
Χριστοῦ	的
Ἰωάννης	约翰
Ἀσίᾳ	亚细亚
Ἰησοῦ	耶稣
Χριστοῦ	基督
ἄλφα	阿拉法
ὦ	俄梅戛
Ἰωάννης	约翰
Ἰησοῦ	耶稣
Πάτμῳ	拔摩
Ἰησοῦ	耶稣
Ἔφεσον	以弗所
Πέργαμον	别迦摩
Θυάτειρα	推雅推喇
Σάρδεις	撒狄
Φιλαδέλφειαν	非拉铁非
Λαοδίκειαν	老底嘉
Ἐφέσῳ	以弗所
Νικολαϊτῶν	尼哥拉
Νικολαϊτῶν	一
Νικολαϊτῶν	党
Νικολαϊτῶν	人
Νικολαϊτῶν	的
Σμύρνῃ	士每拿
σατανᾶ	撒旦
Περγάμῳ	别迦摩
σατανᾶ	撒旦
Ἀντιπᾶς	安提帕
σατανᾶς	撒旦
Βαλαάμ	巴兰
Βαλαάμ	的
Βαλὰκ	巴勒
Ἰσραὴλ	以色列
Νικολαϊτῶν	尼哥拉
Νικολαϊτῶν	一
Νικολαϊτῶν	党
Νικολαϊτῶν	人
Νικολαϊτῶν	的
Θυατείροις	推雅推喇
Ἰεζάβελ	耶洗别
Θυατείροις	推雅推喇
σατανᾶ	撒旦
Σάρδεσιν	撒狄
Σάρδεσιν	撒狄
Φιλαδελφείᾳ	非拉铁非
Δαυίδ	大卫
Δαυίδ	的
σατανᾶ	撒旦
Ἰερουσαλὴμ	耶路撒冷
Λαοδικείᾳ	老底嘉
Ἰούδα	犹大
Δαυίδ	大卫
Δαυίδ	的
Ἰσραήλ	以色列
Ἰούδα	犹大
Ῥουβὴν	鲁本
Γὰδ	迦得
Ἀσὴρ	亚设
Νεφθαλὶμ	拿弗他利
Μανασσῆ	玛拿西
Συμεὼν	西缅
Λευὶ	利未
Ἰσσαχὰρ	以萨迦
Ζαβουλὼν	西布伦
Ἰωσὴφ	约瑟
Βενιαμὶν	便雅悯
Ἀβαδδών	亚巴顿
Ἀπολλύων	亚玻伦
Εὐφράτῃ	幼发拉底
Σόδομα	所多玛
Αἴγυπτος	埃及
χριστοῦ	基督
χριστοῦ	的
Μιχαὴλ	米迦勒
Σατανᾶς	撒旦
χριστοῦ	基督
χριστοῦ	的
Ἰησοῦ	耶稣
Σιὼν	锡安
Βαβυλὼν	巴比伦
Βαβυλὼν	城
Ἰησοῦ	耶稣
Μωϋσέως	摩西
Μωϋσέως	的
Εὐφράτην	幼发拉底
Ἁρμαγεδών	哈米吉多顿
Βαβυλὼν	巴比伦
Βαβυλὼν	城
Βαβυλὼν	巴比伦
Ἰησοῦ	耶稣
Βαβυλὼν	巴比伦
Βαβυλὼν	城
Βαβυλὼν	巴比伦
Βαβυλὼν	巴比伦
Ἰησοῦ	耶稣
Ἰησοῦ	耶稣
Σατανᾶς	撒旦
Ἰησοῦ	耶稣
Χριστοῦ	基督
Χριστοῦ	基督
Χριστοῦ	的
σατανᾶς	撒旦
Γὼγ	歌革
Μαγώγ	玛各
Ἰερουσαλὴμ	耶路撒冷
ἄλφα	阿拉法
ὦ	俄梅戛
Ἰερουσαλὴμ	耶路撒冷
Ἰερουσαλὴμ	将
Ἰσραήλ	以色列
Ἰωάννης	约翰
ἄλφα	阿拉法
ὦ	俄梅戛
Ἰησοῦς	耶稣
Δαυίδ	大卫
Δαυίδ	的
Ἰησοῦ	耶稣
Ἰησοῦ	啊
Ἰησοῦ	耶稣
Ἰησοῦ	的
