NA27	LEB
Ἰησοῦ	Jesus
Ἰησοῦ	of
Χριστοῦ	Christ
Δαυὶδ	David
Δαυὶδ	of
Ἀβραάμ	Abraham
Ἀβραάμ	of
Ἀβραὰμ	Abraham
Ἰσαάκ	Isaac
Ἰσαὰκ	Isaac
Ἰακώβ	Jacob
Ἰακὼβ	Jacob
Ἰούδαν	Judah
Ἰούδας	Judah
Φάρες	Perez
Ζάρα	Zerah
Θαμάρ	Tamar
Φάρες	Perez
Ἑσρώμ	Hezron
Ἑσρὼμ	Hezron
Ἀράμ	Aram
Ἀρὰμ	Aram
Ἀμιναδάβ	Amminadab
Ἀμιναδὰβ	Amminadab
Ναασσών	Nahshon
Ναασσὼν	Nahshon
Σαλμών	Salmon
Σαλμὼν	Salmon
Βόες	Boaz
Ῥαχάβ	Rahab
Βόες	Boaz
Ἰωβὴδ	Obed
Ῥούθ	Ruth
Ἰωβὴδ	Obed
Ἰεσσαί	Jesse
Ἰεσσαὶ	Jesse
Δαυὶδ	David
Δαυὶδ	David
Σολομῶνα	Solomon
Οὐρίου	Uriah
Οὐρίου	of
Σολομὼν	Solomon
Ῥοβοάμ	Rehoboam
Ῥοβοὰμ	Rehoboam
Ἀβιά	Abijah
Ἀβιὰ	Abijah
Ἀσάφ	Asa
Ἀσὰφ	Asa
Ἰωσαφάτ	Jehoshaphat
Ἰωσαφὰτ	Jehoshaphat
Ἰωράμ	Joram
Ἰωρὰμ	Joram
Ὀζίαν	Uzziah
Ὀζίας	Uzziah
Ἰωαθάμ	Jotham
Ἰωαθὰμ	Jotham
Ἀχάζ	Ahaz
Ἀχὰζ	Ahaz
Ἑζεκίαν	Hezekiah
Ἑζεκίας	Hezekiah
Μανασσῆ	Manasseh
Μανασσῆς	Manasseh
Ἀμώς	Amon
Ἀμὼς	Amon
Ἰωσίαν	Josiah
Ἰωσίας	Josiah
Ἰεχονίαν	Jechoniah
Βαβυλῶνος	Babylon
Βαβυλῶνος	to
Βαβυλῶνος	Babylon
Βαβυλῶνος	to
Ἰεχονίας	Jechoniah
Σαλαθιήλ	Shealtiel
Σαλαθιὴλ	Shealtiel
Ζοροβαβέλ	Zerubbabel
Ζοροβαβὲλ	Zerubbabel
Ἀβιούδ	Abiud
Ἀβιοὺδ	Abiud
Ἐλιακίμ	Eliakim
Ἐλιακὶμ	Eliakim
Ἀζώρ	Azor
Ἀζὼρ	Azor
Σαδώκ	Zadok
Σαδὼκ	Zadok
Ἀχίμ	Achim
Ἀχὶμ	Achim
Ἐλιούδ	Eliud
Ἐλιοὺδ	Eliud
Ἐλεάζαρ	Eleazar
Ἐλεάζαρ	Eleazar
Ματθάν	Matthan
Ματθὰν	Matthan
Ἰακώβ	Jacob
Ἰακὼβ	Jacob
Ἰωσὴφ	Joseph
Μαρίας	Mary
Μαρίας	of
Ἰησοῦς	Jesus
Χριστός	Christ
Ἀβραὰμ	Abraham
Δαυὶδ	David
Δαυὶδ	David
Βαβυλῶνος	Babylon
Βαβυλῶνος	to
Βαβυλῶνος	Babylon
Βαβυλῶνος	to
Χριστοῦ	Christ
Ἰησοῦ	Jesus
Ἰησοῦ	of
Χριστοῦ	Christ
Μαρίας	Mary
Ἰωσήφ	Joseph
Ἰωσήφ	to
Ἰωσὴφ	Joseph
Ἰωσὴφ	Joseph
Δαυίδ	David
Δαυίδ	of
Μαρίαν	Mary
Ἰησοῦν	Jesus
Ἐμμανουήλ	Emmanuel
Ἰωσὴφ	Joseph
Ἰησοῦν	Jesus
Ἰησοῦ	Jesus
Βηθλέεμ	Bethlehem
Ἰουδαίας	Judea
Ἰουδαίας	of
Ἡρῴδου	Herod
Ἡρῴδου	of
Ἱεροσόλυμα	Jerusalem
Ἡρῴδης	Herod
Ἱεροσόλυμα	Jerusalem
χριστὸς	Christ
Βηθλέεμ	Bethlehem
Ἰουδαίας	Judea
Ἰουδαίας	of
Βηθλέεμ	Bethlehem
Ἰούδα	Judah
Ἰούδα	of
Ἰούδα	Judah
Ἰούδα	of
Ἰσραήλ	Israel
Ἡρῴδης	Herod
Βηθλέεμ	Bethlehem
Μαρίας	Mary
Ἡρῴδην	Herod
Ἰωσὴφ	Joseph
Ἰωσὴφ	to
Αἴγυπτον	Egypt
Ἡρῴδης	Herod
Αἴγυπτον	Egypt
Ἡρῴδου	Herod
Ἡρῴδου	of
Αἰγύπτου	Egypt
Ἡρῴδης	Herod
Βηθλέεμ	Bethlehem
Ἰερεμίου	Jeremiah
Ῥαμὰ	Ramah
Ῥαχὴλ	Rachel
Ἡρῴδου	Herod
Ἰωσὴφ	Joseph
Ἰωσὴφ	to
Αἰγύπτῳ	Egypt
Ἰσραήλ	Israel
Ἰσραήλ	of
Ἰσραήλ	Israel
Ἰσραήλ	of
Ἀρχέλαος	Archelaus
Ἰουδαίας	Judea
Ἡρῴδου	Herod
Γαλιλαίας	Galilee
Γαλιλαίας	of
Ναζαρέτ	Nazareth
Ναζωραῖος	Nazarene
Ναζωραῖος	a
Ἰωάννης	John
Ἰουδαίας	Judean
Ἠσαΐου	Isaiah
Ἰωάννης	John
Ἱεροσόλυμα	Jerusalem
Ἰουδαία	Judea
Ἰορδάνου	Jordan
Ἰορδάνῃ	Jordan
Φαρισαίων	Pharisees
Φαρισαίων	of
Σαδδουκαίων	Sadducees
Ἀβραάμ	Abraham
Ἀβραάμ	Abraham
Ἀβραάμ	for
Ἰησοῦς	Jesus
Γαλιλαίας	Galilee
Ἰορδάνην	Jordan
Ἰωάννην	John
Ἰωάννης	John
Ἰησοῦς	Jesus
Ἰησοῦς	Jesus
Ἰησοῦς	Jesus
Ἰησοῦς	Jesus
Ἰησοῦς	Jesus
σατανᾶ	Satan
Ἰωάννης	John
Γαλιλαίαν	Galilee
Ναζαρὰ	Nazareth
Καφαρναοὺμ	Capernaum
Ζαβουλὼν	Zebulun
Ζαβουλὼν	of
Νεφθαλίμ	Naphtali
Ἠσαΐου	Isaiah
Ζαβουλὼν	Zebulun
Ζαβουλὼν	of
Νεφθαλίμ	Naphtali
Νεφθαλίμ	of
Ἰορδάνου	Jordan
Ἰορδάνου	of
Γαλιλαία	Galilee
Ἰησοῦς	Jesus
Γαλιλαίας	Galilee
Γαλιλαίας	of
Σίμωνα	Simon
Πέτρον	Peter
Ἀνδρέαν	Andrew
Ἰάκωβον	James
Ζεβεδαίου	Zebedee
Ζεβεδαίου	of
Ἰωάννην	John
Ζεβεδαίου	Zebedee
Γαλιλαίᾳ	Galilee
Γαλιλαίᾳ	of
Συρίαν	Syria
Γαλιλαίας	Galilee
Δεκαπόλεως	Decapolis
Ἱεροσολύμων	Jerusalem
Ἰουδαίας	Judea
Ἰορδάνου	Jordan
Ἰορδάνου	of
Φαρισαίων	Pharisees
Ἱεροσόλυμα	Jerusalem
Σολομὼν	Solomon
Ἰησοῦς	Jesus
Ἰησοῦς	Jesus
Μωϋσῆς	Moses
Καφαρναοὺμ	Capernaum
Ἰησοῦς	Jesus
Ἰσραὴλ	Israel
Ἀβραὰμ	Abraham
Ἰσαὰκ	Isaac
Ἰακὼβ	Jacob
Ἰησοῦς	Jesus
Ἰησοῦς	Jesus
Πέτρου	Peter’s
Ἠσαΐου	Isaiah
Ἰησοῦς	Jesus
Ἰησοῦς	Jesus
Ἰησοῦς	Jesus
Ἰησοῦ	Jesus
Ἰησοῦς	Jesus
Ἰησοῦς	Jesus
Ἰησοῦς	Jesus
Μαθθαῖον	Matthew
Ἰησοῦ	Jesus
Φαρισαῖοι	Pharisees
Ἰωάννου	John
Ἰωάννου	of
Φαρισαῖοι	Pharisees
Ἰησοῦς	Jesus
Ἰησοῦς	Jesus
Ἰησοῦς	Jesus
Ἰησοῦς	Jesus
Ἰησοῦ	Jesus
Δαυίδ	David
Δαυίδ	of
Ἰησοῦς	Jesus
Ἰησοῦς	Jesus
Ἰσραήλ	Israel
Φαρισαῖοι	Pharisees
Ἰησοῦς	Jesus
Σίμων	Simon
Πέτρος	Peter
Ἀνδρέας	Andrew
Ἰάκωβος	James
Ζεβεδαίου	Zebedee
Ζεβεδαίου	of
Ἰωάννης	John
Φίλιππος	Philip
Βαρθολομαῖος	Bartholomew
Θωμᾶς	Thomas
Μαθθαῖος	Matthew
Ἰάκωβος	James
Ἁλφαίου	Alphaeus
Ἁλφαίου	of
Θαδδαῖος	Thaddaeus
Σίμων	Simon
Καναναῖος	Zealot
Ἰούδας	Judas
Ἰσκαριώτης	Iscariot
Ἰησοῦς	Jesus
Σαμαριτῶν	Samaritans
Σαμαριτῶν	of
Ἰσραήλ	Israel
Ἰσραήλ	of
Σοδόμων	Sodom
Σοδόμων	of
Γομόρρων	Gomorrah
Ἰσραὴλ	Israel
Ἰσραὴλ	of
Βεελζεβοὺλ	Beelzebul
Ἰησοῦς	Jesus
Ἰωάννης	John
Χριστοῦ	Christ
Χριστοῦ	of
Ἰησοῦς	Jesus
Ἰωάννῃ	John
Ἰησοῦς	Jesus
Ἰωάννου	John
Ἰωάννου	John
Ἰωάννου	than
Ἰωάννου	John
Ἰωάννου	of
Ἰωάννου	John
Ἠλίας	Elijah
Ἰωάννης	John
Χοραζίν	Chorazin
Βηθσαϊδά	Bethsaida
Τύρῳ	Tyre
Σιδῶνι	Sidon
Τύρῳ	Tyre
Τύρῳ	for
Σιδῶνι	Sidon
Σιδῶνι	for
Καφαρναούμ	Capernaum
Σοδόμοις	Sodom
Σοδόμων	Sodom
Σοδόμων	of
Ἰησοῦς	Jesus
Ἰησοῦς	Jesus
Φαρισαῖοι	Pharisees
Δαυὶδ	David
Φαρισαῖοι	Pharisees
Ἰησοῦς	Jesus
Ἠσαΐου	Isaiah
Δαυίδ	David
Δαυίδ	of
Φαρισαῖοι	Pharisees
Βεελζεβοὺλ	Beelzebul
σατανᾶς	Satan
σατανᾶν	Satan
Βεελζεβοὺλ	Beelzebul
Φαρισαίων	Pharisees
Ἰωνᾶ	Jonah
Ἰωνᾶ	of
Ἰωνᾶς	Jonah
Νινευῖται	Nineveh
Νινευῖται	of
Ἰωνᾶ	Jonah
Ἰωνᾶ	of
Ἰωνᾶ	Jonah
Ἰωνᾶ	than
Σολομῶνος	Solomon
Σολομῶνος	of
Σολομῶνος	Solomon
Σολομῶνος	than
Ἰησοῦς	Jesus
Ἠσαΐου	Isaiah
Ἠσαΐου	of
Ἰησοῦς	Jesus
Ἰησοῦς	Jesus
Μαριὰμ	Mary
Ἰάκωβος	James
Ἰωσὴφ	Joseph
Σίμων	Simon
Ἰούδας	Judas
Ἰησοῦς	Jesus
Ἡρῴδης	Herod
Ἰησοῦ	Jesus
Ἰησοῦ	about
Ἰωάννης	John
Ἡρῴδης	Herod
Ἰωάννην	John
Ἡρῳδιάδα	Herodias
Φιλίππου	Philip
Φιλίππου	of
Ἰωάννης	John
Ἡρῴδου	Herod’s
Ἡρῳδιάδος	Herodias
Ἡρῳδιάδος	of
Ἡρῴδῃ	Herod
Ἰωάννου	John
Ἰωάννου	of
Ἰωάννην	John
Ἰησοῦ	Jesus
Ἰησοῦς	Jesus
Ἰησοῦς	Jesus
Ἰησοῦς	Jesus
Πέτρος	Peter
Πέτρος	Peter
Ἰησοῦν	Jesus
Ἰησοῦς	Jesus
Γεννησαρέτ	Gennesaret
Ἰησοῦ	Jesus
Ἰησοῦ	to
Ἱεροσολύμων	Jerusalem
Φαρισαῖοι	Pharisees
Ἠσαΐας	Isaiah
Φαρισαῖοι	Pharisees
Πέτρος	Peter
Ἰησοῦς	Jesus
Τύρου	Tyre
Τύρου	of
Σιδῶνος	Sidon
Δαυίδ	David
Δαυίδ	of
Ἰσραήλ	Israel
Ἰσραήλ	of
Ἰησοῦς	Jesus
Ἰησοῦς	Jesus
Γαλιλαίας	Galilee
Γαλιλαίας	of
Ἰσραήλ	Israel
Ἰσραήλ	of
Ἰησοῦς	Jesus
Ἰησοῦς	Jesus
Μαγαδάν	Magadan
Μαγαδάν	of
Φαρισαῖοι	Pharisees
Σαδδουκαῖοι	Sadducees
Ἰωνᾶ	Jonah
Ἰωνᾶ	of
Ἰησοῦς	Jesus
Φαρισαίων	Pharisees
Φαρισαίων	of
Σαδδουκαίων	Sadducees
Ἰησοῦς	Jesus
Φαρισαίων	Pharisees
Φαρισαίων	of
Σαδδουκαίων	Sadducees
Φαρισαίων	Pharisees
Φαρισαίων	of
Σαδδουκαίων	Sadducees
Ἰησοῦς	Jesus
Καισαρείας	Caesarea
Καισαρείας	of
Φιλίππου	Philippi
Ἰωάννην	John
Ἠλίαν	Elijah
Ἰερεμίαν	Jeremiah
Σίμων	Simon
Πέτρος	Peter
χριστὸς	Christ
Ἰησοῦς	Jesus
Σίμων	Simon
Βαριωνᾶ	son
Βαριωνᾶ	of
Βαριωνᾶ	Jonah
Πέτρος	Peter
χριστός	Christ
Ἰησοῦς	Jesus
Ἱεροσόλυμα	Jerusalem
Πέτρος	Peter
Πέτρῳ	Peter
Πέτρῳ	to
σατανᾶ	Satan
Ἰησοῦς	Jesus
Ἰησοῦς	Jesus
Πέτρον	Peter
Ἰάκωβον	James
Ἰωάννην	John
Μωϋσῆς	Moses
Ἠλίας	Elijah
Πέτρος	Peter
Ἰησοῦ	Jesus
Ἰησοῦ	to
Μωϋσεῖ	Moses
Μωϋσεῖ	for
Ἠλίᾳ	Elijah
Ἠλίᾳ	for
Ἰησοῦς	Jesus
Ἰησοῦν	Jesus
Ἰησοῦς	Jesus
Ἠλίαν	Elijah
Ἠλίας	Elijah
Ἠλίας	Elijah
Ἰωάννου	John
Ἰησοῦς	Jesus
Ἰησοῦς	Jesus
Ἰησοῦ	Jesus
Γαλιλαίᾳ	Galilee
Ἰησοῦς	Jesus
Καφαρναοὺμ	Capernaum
Πέτρῳ	Peter
Πέτρῳ	to
Ἰησοῦς	Jesus
Σίμων	Simon
Ἰησοῦς	Jesus
Ἰησοῦ	Jesus
Ἰησοῦ	to
Πέτρος	Peter
Ἰησοῦς	Jesus
Ἰησοῦς	Jesus
Γαλιλαίας	Galilee
Ἰουδαίας	Judea
Ἰουδαίας	of
Ἰορδάνου	Jordan
Ἰορδάνου	of
Φαρισαῖοι	Pharisees
Μωϋσῆς	Moses
Μωϋσῆς	Moses
Ἰησοῦς	Jesus
Ἰησοῦς	Jesus
Ἰησοῦς	Jesus
Ἰησοῦς	Jesus
Ἰησοῦς	Jesus
Πέτρος	Peter
Ἰησοῦς	Jesus
Ἰσραήλ	Israel
Ἰσραήλ	of
Ἰησοῦς	Jesus
Ἱεροσόλυμα	Jerusalem
Ἱεροσόλυμα	Jerusalem
Ζεβεδαίου	Zebedee
Ζεβεδαίου	of
Ἰησοῦς	Jesus
Ἰησοῦς	Jesus
Ἰεριχὼ	Jericho
Ἰεριχὼ	of
Ἰησοῦς	Jesus
Δαυίδ	David
Δαυίδ	of
Δαυίδ	David
Δαυίδ	of
Ἰησοῦς	Jesus
Ἰησοῦς	Jesus
Ἱεροσόλυμα	Jerusalem
Βηθφαγὴ	Bethphage
Ἰησοῦς	Jesus
Σιών	Zion
Σιών	of
Ἰησοῦς	Jesus
Δαυίδ	David
Δαυίδ	of
Ἱεροσόλυμα	Jerusalem
Ἰησοῦς	Jesus
Ναζαρὲθ	Nazareth
Γαλιλαίας	Galilee
Γαλιλαίας	of
Ἰησοῦς	Jesus
Δαυίδ	David
Δαυίδ	of
Ἰησοῦς	Jesus
Βηθανίαν	Bethany
Ἰησοῦς	Jesus
Ἰησοῦς	Jesus
Ἰωάννου	John
Ἰωάννου	of
Ἰωάννην	John
Ἰησοῦ	Jesus
Ἰησοῦ	to
Ἰησοῦς	Jesus
Ἰωάννης	John
Ἰησοῦς	Jesus
Φαρισαῖοι	Pharisees
Ἰησοῦς	Jesus
Φαρισαῖοι	Pharisees
Ἡρῳδιανῶν	Herodians
Καίσαρι	Caesar
Καίσαρι	to
Ἰησοῦς	Jesus
Καίσαρος	Caesar’s
Καίσαρος	Caesar
Καίσαρος	of
Καίσαρι	Caesar
Καίσαρι	to
Σαδδουκαῖοι	Sadducees
Μωϋσῆς	Moses
Ἰησοῦς	Jesus
Ἀβραὰμ	Abraham
Ἀβραὰμ	of
Ἰσαὰκ	Isaac
Ἰσαὰκ	of
Ἰακώβ	Jacob
Ἰακώβ	of
Φαρισαῖοι	Pharisees
Σαδδουκαίους	Sadducees
Φαρισαίων	Pharisees
Ἰησοῦς	Jesus
χριστοῦ	Christ
Δαυίδ	David’s
Δαυὶδ	David
Δαυὶδ	David
Ἰησοῦς	Jesus
Μωϋσέως	Moses
Μωϋσέως	of
Φαρισαῖοι	Pharisees
Χριστός	Christ
Φαρισαῖοι	Pharisees
Φαρισαῖοι	Pharisees
Φαρισαῖοι	Pharisees
Φαρισαῖοι	Pharisees
Φαρισαῖε	Pharisee
Φαρισαῖοι	Pharisees
Φαρισαῖοι	Pharisees
Ἅβελ	Abel
Ἅβελ	of
Ζαχαρίου	Zechariah
Ζαχαρίου	of
Βαραχίου	Barachiah
Βαραχίου	of
Ἰερουσαλὴμ	Jerusalem
Ἰερουσαλήμ	Jerusalem
Ἰησοῦς	Jesus
Ἰησοῦς	Jesus
χριστός	Christ
Δανιὴλ	Daniel
Ἰουδαίᾳ	Judea
χριστός	Christ
Νῶε	Noah
Νῶε	of
Νῶε	Noah
Ἰησοῦς	Jesus
Καϊάφα	Caiaphas
Ἰησοῦν	Jesus
Ἰησοῦ	Jesus
Βηθανίᾳ	Bethany
Σίμωνος	Simon
Σίμωνος	of
Ἰησοῦς	Jesus
Ἰούδας	Judas
Ἰσκαριώτης	Iscariot
Ἰησοῦ	Jesus
Ἰησοῦ	to
Ἰησοῦς	Jesus
Ἰούδας	Judas
Ἰησοῦς	Jesus
Ἰησοῦς	Jesus
Γαλιλαίαν	Galilee
Πέτρος	Peter
Ἰησοῦς	Jesus
Πέτρος	Peter
Ἰησοῦς	Jesus
Γεθσημανὶ	Gethsemane
Πέτρον	Peter
Ζεβεδαίου	Zebedee
Ζεβεδαίου	of
Πέτρῳ	Peter
Πέτρῳ	to
Ἰούδας	Judas
Ἰησοῦ	Jesus
Ἰησοῦ	to
Ἰησοῦς	Jesus
Ἰησοῦν	Jesus
Ἰησοῦ	Jesus
Ἰησοῦς	Jesus
Ἰησοῦς	Jesus
Ἰησοῦν	Jesus
Καϊάφαν	Caiaphas
Πέτρος	Peter
Ἰησοῦ	Jesus
Ἰησοῦς	Jesus
χριστὸς	Christ
Ἰησοῦς	Jesus
χριστέ	Christ
Πέτρος	Peter
Ἰησοῦ	Jesus
Ἰησοῦ	Jesus
Ναζωραίου	Nazarene
Πέτρῳ	Peter
Πέτρῳ	to
Πέτρος	Peter
Ἰησοῦ	Jesus
Ἰησοῦ	Jesus
Πιλάτῳ	Pilate
Πιλάτῳ	to
Ἰούδας	Judas
Ἰερεμίου	Jeremiah
Ἰσραήλ	Israel
Ἰσραήλ	of
Ἰησοῦς	Jesus
Ἰησοῦς	Jesus
Πιλᾶτος	Pilate
Ἰησοῦν	Jesus
Βαραββᾶν	Barabbas
Πιλᾶτος	Pilate
Ἰησοῦν	Jesus
Βαραββᾶν	Barabbas
Ἰησοῦν	Jesus
χριστόν	Christ
Βαραββᾶν	Barabbas
Ἰησοῦν	Jesus
Βαραββᾶν	Barabbas
Πιλᾶτος	Pilate
Ἰησοῦν	Jesus
χριστόν	Christ
Πιλᾶτος	Pilate
Βαραββᾶν	Barabbas
Ἰησοῦν	Jesus
Ἰησοῦν	Jesus
Κυρηναῖον	Cyrene
Κυρηναῖον	of
Σίμωνα	Simon
Γολγοθᾶ	Golgotha
Ἰησοῦς	Jesus
Ἰσραήλ	Israel
Ἰσραήλ	of
Ἰησοῦς	Jesus
ηλι	/Eli
ηλι	Eli
Ἠλίαν	Elijah
Ἠλίας	Elijah
Ἰησοῦς	Jesus
Ἰησοῦν	Jesus
Ἰησοῦ	Jesus
Γαλιλαίας	Galilee
Μαρία	Mary
Μαγδαληνὴ	Magdalene
Μαρία	Mary
Ἰακώβου	James
Ἰακώβου	of
Ἰωσὴφ	Joseph
Ζεβεδαίου	Zebedee
Ζεβεδαίου	of
Ἁριμαθαίας	Arimathea
Ἰωσήφ	Joseph
Ἰησοῦ	Jesus
Ἰησοῦ	of
Πιλάτῳ	Pilate
Ἰησοῦ	Jesus
Ἰησοῦ	of
Πιλᾶτος	Pilate
Ἰωσὴφ	Joseph
Μαριὰμ	Mary
Μαγδαληνὴ	Magdalene
Μαρία	Mary
Φαρισαῖοι	Pharisees
Πιλᾶτον	Pilate
Πιλᾶτος	Pilate
Μαριὰμ	Mary
Μαγδαληνὴ	Magdalene
Μαρία	Mary
Ἰησοῦν	Jesus
Γαλιλαίαν	Galilee
Ἰησοῦς	Jesus
Ἰησοῦς	Jesus
Γαλιλαίαν	Galilee
Γαλιλαίαν	Galilee
Ἰησοῦς	Jesus
Ἰησοῦς	Jesus
Ἰησοῦ	Jesus
Ἰησοῦ	of
Χριστοῦ	Christ
Ἠσαΐᾳ	Isaiah
Ἰωάννης	John
Ἱεροσολυμῖται	Jerusalem
Ἱεροσολυμῖται	inhabitants
Ἱεροσολυμῖται	of
Ἰορδάνῃ	Jordan
Ἰωάννης	John
Ἰησοῦς	Jesus
Ναζαρὲτ	Nazareth
Γαλιλαίας	Galilee
Γαλιλαίας	in
Ἰορδάνην	Jordan
Ἰωάννου	John
σατανᾶ	Satan
Ἰωάννην	John
Ἰησοῦς	Jesus
Γαλιλαίαν	Galilee
Γαλιλαίας	Galilee
Γαλιλαίας	of
Σίμωνα	Simon
Ἀνδρέαν	Andrew
Σίμωνος	Simon’s
Ἰησοῦς	Jesus
Ἰάκωβον	James
Ζεβεδαίου	Zebedee
Ζεβεδαίου	of
Ἰωάννην	John
Ζεβεδαῖον	Zebedee
Καφαρναούμ	Capernaum
Ἰησοῦ	Jesus
Ἰησοῦς	Jesus
Γαλιλαίας	Galilee
Γαλιλαίας	of
Σίμωνος	Simon
Σίμωνος	of
Ἀνδρέου	Andrew
Ἰακώβου	James
Ἰωάννου	John
Σίμωνος	Simon’s
Σίμων	Simon
Γαλιλαίαν	Galilee
Μωϋσῆς	Moses
Καφαρναοὺμ	Capernaum
Ἰησοῦς	Jesus
Ἰησοῦς	Jesus
Λευὶν	Levi
Ἁλφαίου	Alphaeus
Ἁλφαίου	of
Ἰησοῦ	Jesus
Φαρισαίων	Pharisees
Φαρισαίων	of
Ἰησοῦς	Jesus
Ἰωάννου	John’s
Φαρισαῖοι	Pharisees
Ἰωάννου	John
Ἰωάννου	of
Φαρισαίων	Pharisees
Φαρισαίων	of
Ἰησοῦς	Jesus
Φαρισαῖοι	Pharisees
Δαυὶδ	David
Ἀβιαθὰρ	Abiathar
Φαρισαῖοι	Pharisees
Ἡρῳδιανῶν	Herodians
Ἰησοῦς	Jesus
Γαλιλαίας	Galilee
Ἰουδαίας	Judea
Ἱεροσολύμων	Jerusalem
Ἰδουμαίας	Idumea
Ἰορδάνου	Jordan
Ἰορδάνου	of
Τύρον	Tyre
Σιδῶνα	Sidon
Σίμωνι	Simon
Σίμωνι	to
Πέτρον	Peter
Ἰάκωβον	James
Ζεβεδαίου	Zebedee
Ζεβεδαίου	of
Ἰωάννην	John
Ἰακώβου	James
Ἰακώβου	of
Ἀνδρέαν	Andrew
Φίλιππον	Philip
Βαρθολομαῖον	Bartholomew
Μαθθαῖον	Matthew
Θωμᾶν	Thomas
Ἰάκωβον	James
Ἁλφαίου	Alphaeus
Ἁλφαίου	of
Θαδδαῖον	Thaddaeus
Σίμωνα	Simon
Καναναῖον	Zealot
Ἰούδαν	Judas
Ἰσκαριώθ	Iscariot
Ἱεροσολύμων	Jerusalem
Βεελζεβοὺλ	Beelzebul
Βεελζεβοὺλ	by
σατανᾶς	Satan
σατανᾶν	Satan
σατανᾶς	Satan
σατανᾶς	Satan
Ἰησοῦν	Jesus
Ἰησοῦ	Jesus
Ἰησοῦν	Jesus
Δεκαπόλει	Decapolis
Ἰησοῦς	Jesus
Ἰησοῦ	Jesus
Ἰάϊρος	Jairus
Ἰησοῦ	Jesus
Ἰησοῦς	Jesus
Ἰησοῦς	Jesus
Πέτρον	Peter
Ἰάκωβον	James
Ἰωάννην	John
Ἰακώβου	James
Ἰακώβου	of
Μαρίας	Mary
Μαρίας	of
Ἰακώβου	James
Ἰακώβου	of
Ἰωσῆτος	Joses
Ἰούδα	Judas
Σίμωνος	Simon
Ἰησοῦς	Jesus
Ἡρῴδης	Herod
Ἰωάννης	John
Ἠλίας	Elijah
Ἡρῴδης	Herod
Ἰωάννην	John
Ἡρῴδης	Herod
Ἰωάννην	John
Ἡρῳδιάδα	Herodias
Φιλίππου	Philip
Φιλίππου	of
Ἰωάννης	John
Ἡρῴδῃ	Herod
Ἡρῴδῃ	to
Ἡρῳδιὰς	Herodias
Ἡρῴδης	Herod
Ἰωάννην	John
Ἡρῴδης	Herod
Γαλιλαίας	Galilee
Γαλιλαίας	of
Ἡρῳδιάδος	Herodias
Ἡρῳδιάδος	of
Ἡρῴδῃ	Herod
Ἰωάννου	John
Ἰωάννου	of
Ἰωάννου	John
Ἰωάννου	of
Ἰησοῦν	Jesus
Βηθσαϊδάν	Bethsaida
Γεννησαρὲτ	Gennesaret
Φαρισαῖοι	Pharisees
Ἱεροσολύμων	Jerusalem
Φαρισαῖοι	Pharisees
Φαρισαῖοι	Pharisees
Ἠσαΐας	Isaiah
Μωϋσῆς	Moses
κορβᾶν	corban
Τύρου	Tyre
Τύρου	of
Ἑλληνίς	Greek
Ἑλληνίς	a
Συροφοινίκισσα	Syrophoenician
Συροφοινίκισσα	a
Τύρου	Tyre
Τύρου	of
Σιδῶνος	Sidon
Γαλιλαίας	Galilee
Γαλιλαίας	of
Δεκαπόλεως	Decapolis
Δεκαπόλεως	of
Δαλμανουθά	Dalmanutha
Δαλμανουθά	of
Φαρισαῖοι	Pharisees
Φαρισαίων	Pharisees
Φαρισαίων	of
Ἡρῴδου	Herod
Ἡρῴδου	of
Βηθσαϊδάν	Bethsaida
Ἰησοῦς	Jesus
Καισαρείας	Caesarea
Καισαρείας	of
Φιλίππου	Philippi
Ἰωάννην	John
Ἠλίαν	Elijah
Πέτρος	Peter
χριστός	Christ
Πέτρος	Peter
Πέτρῳ	Peter
σατανᾶ	Satan
Ἰησοῦς	Jesus
Πέτρον	Peter
Ἰάκωβον	James
Ἰωάννην	John
Ἠλίας	Elijah
Μωϋσεῖ	Moses
Ἰησοῦ	Jesus
Πέτρος	Peter
Ἰησοῦ	Jesus
Ἰησοῦ	to
Μωϋσεῖ	Moses
Μωϋσεῖ	for
Ἠλίᾳ	Elijah
Ἠλίᾳ	for
Ἰησοῦν	Jesus
Ἠλίαν	Elijah
Ἠλίας	Elijah
Ἠλίας	Elijah
Ἰησοῦς	Jesus
Ἰησοῦς	Jesus
Ἰησοῦς	Jesus
Γαλιλαίας	Galilee
Καφαρναούμ	Capernaum
Ἰωάννης	John
Ἰησοῦς	Jesus
Χριστοῦ	Christ’s
Ἰουδαίας	Judea
Ἰουδαίας	of
Ἰορδάνου	Jordan
Ἰορδάνου	of
Φαρισαῖοι	they
Μωϋσῆς	Moses
Μωϋσῆς	Moses
Ἰησοῦς	Jesus
Ἰησοῦς	Jesus
Ἰησοῦς	Jesus
Ἰησοῦς	Jesus
Ἰησοῦς	Jesus
Ἰησοῦς	Jesus
Ἰησοῦς	Jesus
Πέτρος	Peter
Ἰησοῦς	Jesus
Ἱεροσόλυμα	Jerusalem
Ἰησοῦς	Jesus
Ἱεροσόλυμα	Jerusalem
Ἰάκωβος	James
Ἰωάννης	John
Ζεβεδαίου	Zebedee
Ζεβεδαίου	of
Ἰησοῦς	Jesus
Ἰησοῦς	Jesus
Ἰακώβου	James
Ἰωάννου	John
Ἰησοῦς	Jesus
Ἰεριχώ	Jericho
Ἰεριχὼ	Jericho
Τιμαίου	Timaeus
Τιμαίου	of
Βαρτιμαῖος	Bartimaeus
Ἰησοῦς	Jesus
Δαυὶδ	David
Δαυὶδ	of
Ἰησοῦ	Jesus
Δαυίδ	David
Δαυίδ	of
Ἰησοῦς	Jesus
Ἰησοῦν	Jesus
Ἰησοῦς	Jesus
Ἰησοῦς	Jesus
Ἱεροσόλυμα	Jerusalem
Βηθφαγὴ	Bethphage
Βηθανίαν	Bethany
Ἰησοῦς	Jesus
Ἰησοῦν	Jesus
Δαυίδ	David
Ἱεροσόλυμα	Jerusalem
Βηθανίαν	Bethany
Βηθανίας	Bethany
Ἱεροσόλυμα	Jerusalem
Πέτρος	Peter
Ἰησοῦς	Jesus
Ἱεροσόλυμα	Jerusalem
Ἰησοῦς	Jesus
Ἰωάννου	John
Ἰωάννου	of
Ἰωάννην	John
Ἰησοῦ	Jesus
Ἰησοῦ	to
Ἰησοῦς	Jesus
Φαρισαίων	Pharisees
Φαρισαίων	of
Ἡρῳδιανῶν	Herodians
Καίσαρι	Caesar
Καίσαρι	to
Καίσαρος	Caesar’s
Ἰησοῦς	Jesus
Καίσαρος	Caesar
Καίσαρος	of
Καίσαρι	Caesar
Καίσαρι	to
Σαδδουκαῖοι	Sadducees
Μωϋσῆς	Moses
Ἰησοῦς	Jesus
Μωϋσέως	Moses
Μωϋσέως	of
Ἀβραὰμ	Abraham
Ἀβραὰμ	of
Ἰσαὰκ	Isaac
Ἰσαὰκ	of
Ἰακώβ	Jacob
Ἰακώβ	of
Ἰησοῦς	Jesus
Ἰσραήλ	Israel
Ἰησοῦς	Jesus
Ἰησοῦς	Jesus
χριστὸς	Christ
Δαυίδ	David’s
Δαυὶδ	David
Δαυὶδ	David
Ἰησοῦς	Jesus
Πέτρος	Peter
Ἰάκωβος	James
Ἰωάννης	John
Ἀνδρέας	Andrew
Ἰησοῦς	Jesus
Ἰουδαίᾳ	Judea
χριστός	Christ
Βηθανίᾳ	Bethany
Σίμωνος	Simon
Σίμωνος	of
Ἰησοῦς	Jesus
Ἰούδας	Judas
Ἰσκαριὼθ	Iscariot
Ἰησοῦς	Jesus
Ἰησοῦς	Jesus
Γαλιλαίαν	Galilee
Πέτρος	Peter
Ἰησοῦς	Jesus
Γεθσημανὶ	Gethsemane
Πέτρον	Peter
Ἰάκωβον	James
Ἰωάννην	John
Πέτρῳ	Peter
Πέτρῳ	to
Σίμων	Simon
Ἰούδας	Judas
Ἰησοῦς	Jesus
Ἰησοῦν	Jesus
Πέτρος	Peter
Ἰησοῦ	Jesus
Ἰησοῦν	Jesus
χριστὸς	Christ
Ἰησοῦς	Jesus
Πέτρου	Peter
Πέτρον	Peter
Ἰησοῦ	Jesus
Πέτρῳ	Peter
Πέτρῳ	to
Πέτρος	Peter
Ἰησοῦς	Jesus
Ἰησοῦν	Jesus
Πιλάτῳ	Pilate
Πιλάτῳ	to
Πιλᾶτος	Pilate
Πιλᾶτος	Pilate
Ἰησοῦς	Jesus
Πιλᾶτον	Pilate
Βαραββᾶς	Barabbas
Πιλᾶτος	Pilate
Βαραββᾶν	Barabbas
Πιλᾶτος	Pilate
Πιλᾶτος	Pilate
Πιλᾶτος	Pilate
Βαραββᾶν	Barabbas
Ἰησοῦν	Jesus
Σίμωνα	Simon
Κυρηναῖον	Cyrene
Κυρηναῖον	of
Γολγοθᾶν	Golgotha
χριστὸς	Christ
Ἰσραὴλ	Israel
Ἰσραὴλ	of
Ἰησοῦς	Jesus
Ἠλίαν	Elijah
Ἠλίας	Elijah
Ἰησοῦς	Jesus
Μαρία	Mary
Μαγδαληνὴ	Magdalene
Μαρία	Mary
Ἰακώβου	James
Ἰακώβου	of
Ἰωσῆτος	Joses
Σαλώμη	Salome
Γαλιλαίᾳ	Galilee
Ἱεροσόλυμα	Jerusalem
Ἰωσὴφ	Joseph
Ἁριμαθαίας	Arimathea
Πιλᾶτον	Pilate
Ἰησοῦ	Jesus
Ἰησοῦ	of
Πιλᾶτος	Pilate
Ἰωσήφ	Joseph
Ἰωσήφ	to
Μαρία	Mary
Μαγδαληνὴ	Magdalene
Μαρία	Mary
Ἰωσῆτος	Joses
Ἰωσῆτος	of
Μαρία	Mary
Μαγδαληνὴ	Magdalene
Μαρία	Mary
Ἰακώβου	James
Ἰακώβου	of
Σαλώμη	Salome
Ἰησοῦν	Jesus
Πέτρῳ	Peter
Γαλιλαίαν	Galilee
Πέτρον	Peter
Ἰησοῦς	Jesus
Μαρίᾳ	Mary
Μαρίᾳ	to
Μαγδαληνῇ	Magdalene
Ἰησοῦς	Jesus
Θεόφιλε	Theophilus
Ἡρῴδου	Herod
Ἡρῴδου	of
Ἰουδαίας	Judea
Ἰουδαίας	of
Ζαχαρίας	Zechariah
Ἀβιά	Abijah
Ἀβιά	of
Ἀαρὼν	Aaron
Ἀαρὼν	of
Ἐλισάβετ	Elizabeth
Ἐλισάβετ	Elizabeth
Ζαχαρίας	Zechariah
Ζαχαρία	Zechariah
Ἐλισάβετ	Elizabeth
Ἰωάννην	John
Ἰσραὴλ	Israel
Ἰσραὴλ	of
Ἠλίου	Elijah
Ἠλίου	of
Ζαχαρίας	Zechariah
Γαβριὴλ	Gabriel
Ζαχαρίαν	Zechariah
Ἐλισάβετ	Elizabeth
Γαβριὴλ	Gabriel
Γαλιλαίας	Galilee
Γαλιλαίας	of
Ναζαρὲθ	Nazareth
Ἰωσὴφ	Joseph
Δαυὶδ	David
Δαυὶδ	of
Μαριάμ	Mary
Μαριάμ	Mary
Ἰησοῦν	Jesus
Δαυὶδ	David
Ἰακὼβ	Jacob
Ἰακὼβ	of
Μαριὰμ	Mary
Ἐλισάβετ	Elizabeth
Μαριάμ	Mary
Μαριὰμ	Mary
Ἰούδα	Judah
Ἰούδα	of
Ζαχαρίου	Zechariah
Ζαχαρίου	of
Ἐλισάβετ	Elizabeth
Μαρίας	Mary
Μαρίας	of
Ἐλισάβετ	Elizabeth
Ἐλισάβετ	Elizabeth
Μαριάμ	Mary
Ἰσραὴλ	Israel
Ἀβραὰμ	Abraham
Ἀβραὰμ	to
Μαριὰμ	Mary
Ἐλισάβετ	Elizabeth
Ἐλισάβετ	for
Ζαχαρίαν	Zechariah
Ἰωάννης	John
Ἰωάννης	John
Ἰουδαίας	Judea
Ἰουδαίας	of
Ζαχαρίας	Zechariah
Ἰσραήλ	Israel
Ἰσραήλ	of
Δαυὶδ	David
Δαυὶδ	of
Ἀβραὰμ	Abraham
Ἰσραήλ	Israel
Καίσαρος	Caesar
Αὐγούστου	Augustus
Συρίας	Syria
Συρίας	of
Κυρηνίου	Quirinius
Ἰωσὴφ	Joseph
Γαλιλαίας	Galilee
Ναζαρὲθ	Nazareth
Ναζαρὲθ	of
Ἰουδαίαν	Judea
Δαυὶδ	David
Δαυὶδ	of
Βηθλέεμ	Bethlehem
Δαυίδ	David
Δαυίδ	of
Μαριὰμ	Mary
χριστὸς	Christ
Δαυίδ	David
Δαυίδ	of
Βηθλέεμ	Bethlehem
Μαριὰμ	Mary
Ἰωσὴφ	Joseph
Μαριὰμ	Mary
Ἰησοῦς	Jesus
Μωϋσέως	Moses
Μωϋσέως	of
Ἱεροσόλυμα	Jerusalem
Ἰερουσαλὴμ	Jerusalem
Συμεὼν	Simeon
Ἰσραήλ	Israel
Ἰσραήλ	of
χριστὸν	Christ
Ἰησοῦν	Jesus
Ἰσραήλ	Israel
Συμεὼν	Simeon
Μαριὰμ	Mary
Ἰσραὴλ	Israel
Ἅννα	Anna
Φανουήλ	Phanuel
Φανουήλ	of
Ἀσήρ	Asher
Ἀσήρ	of
Ἰερουσαλήμ	Jerusalem
Ἰερουσαλήμ	of
Γαλιλαίαν	Galilee
Ναζαρέθ	Nazareth
Ναζαρέθ	of
Ἰερουσαλὴμ	Jerusalem
Ἰησοῦς	Jesus
Ἰερουσαλήμ	Jerusalem
Ἰερουσαλὴμ	Jerusalem
Ναζαρὲθ	Nazareth
Ἰησοῦς	Jesus
Τιβερίου	Tiberius
Τιβερίου	of
Καίσαρος	Caesar
Ποντίου	Pontius
Πιλάτου	Pilate
Ἰουδαίας	Judea
Ἰουδαίας	of
Γαλιλαίας	Galilee
Γαλιλαίας	of
Ἡρῴδου	Herod
Φιλίππου	Philip
Λυσανίου	Lysanias
Ἀβιληνῆς	Abilene
Ἀβιληνῆς	of
Ἅννα	Annas
Καϊάφα	Caiaphas
Ἰωάννην	John
Ζαχαρίου	Zechariah
Ζαχαρίου	of
Ἰορδάνου	Jordan
Ἰορδάνου	of
Ἠσαΐου	Isaiah
Ἀβραάμ	Abraham
Ἀβραάμ	Abraham
Ἀβραάμ	for
Ἰωάννου	John
χριστός	Christ
Ἰωάννης	John
Ἡρῴδης	Herod
Ἡρῳδιάδος	Herodias
Ἡρῴδης	Herod
Ἰωάννην	John
Ἰησοῦ	Jesus
Ἰησοῦς	Jesus
Ἰωσὴφ	Joseph
Ἰωσὴφ	of
Ἠλὶ	Eli
Ἠλὶ	of
Μαθθὰτ	Matthat
Μαθθὰτ	of
Λευὶ	Levi
Λευὶ	of
Μελχὶ	Melchi
Μελχὶ	of
Ἰανναὶ	Jannai
Ἰανναὶ	of
Ἰωσὴφ	Joseph
Ἰωσὴφ	of
Ματταθίου	Mattathias
Ματταθίου	of
Ἀμὼς	Amos
Ἀμὼς	of
Ναοὺμ	Nahum
Ναοὺμ	of
Ἑσλὶ	Esli
Ἑσλὶ	of
Ναγγαὶ	Naggai
Ναγγαὶ	of
Μάαθ	Maath
Μάαθ	of
Ματταθίου	Mattathias
Ματταθίου	of
Σεμεῒν	Semein
Σεμεῒν	of
Ἰωσὴχ	Josech
Ἰωσὴχ	of
Ἰωδὰ	Joda
Ἰωδὰ	of
Ἰωανὰν	Joanan
Ἰωανὰν	of
Ῥησὰ	Rhesa
Ῥησὰ	of
Ζοροβαβὲλ	Zerubbabel
Ζοροβαβὲλ	of
Σαλαθιὴλ	Shealtiel
Σαλαθιὴλ	of
Νηρὶ	Neri
Νηρὶ	of
Μελχὶ	Melchi
Μελχὶ	of
Ἀδδὶ	Addi
Ἀδδὶ	of
Κωσὰμ	Cosam
Κωσὰμ	of
Ἐλμαδὰμ	Elmadam
Ἐλμαδὰμ	of
Ἢρ	Er
Ἢρ	of
Ἰησοῦ	Joshua
Ἰησοῦ	of
Ἐλιέζερ	Eliezer
Ἐλιέζερ	of
Ἰωρὶμ	Jorim
Ἰωρὶμ	of
Μαθθὰτ	Matthat
Μαθθὰτ	of
Λευὶ	Levi
Λευὶ	of
Συμεὼν	Simeon
Συμεὼν	of
Ἰούδα	Judah
Ἰούδα	of
Ἰωσὴφ	Joseph
Ἰωσὴφ	of
Ἰωνὰμ	Jonam
Ἰωνὰμ	of
Ἐλιακὶμ	Eliakim
Ἐλιακὶμ	of
Μελεὰ	Melea
Μελεὰ	of
Μεννὰ	Menna
Μεννὰ	of
Ματταθὰ	Mattatha
Ματταθὰ	of
Ναθὰμ	Nathan
Ναθὰμ	of
Δαυὶδ	David
Δαυὶδ	of
Ἰεσσαὶ	Jesse
Ἰεσσαὶ	of
Ἰωβὴδ	Obed
Ἰωβὴδ	of
Βόος	Boaz
Βόος	of
Σαλὰ	Sala
Σαλὰ	of
Ναασσὼν	Nahshon
Ναασσὼν	of
Ἀμιναδὰβ	Amminadab
Ἀμιναδὰβ	of
Ἀρνὶ	Arni
Ἀρνὶ	of
Ἑσρὼμ	Hezron
Ἑσρὼμ	of
Φάρες	Perez
Φάρες	of
Ἰούδα	Judah
Ἰούδα	of
Ἰακὼβ	Jacob
Ἰακὼβ	of
Ἰσαὰκ	Isaac
Ἰσαὰκ	of
Ἀβραὰμ	Abraham
Ἀβραὰμ	of
Θάρα	Terah
Θάρα	of
Ναχὼρ	Nahor
Ναχὼρ	of
Σεροὺχ	Serug
Σεροὺχ	of
Ῥαγαὺ	Reu
Ῥαγαὺ	of
Φάλεκ	Peleg
Φάλεκ	of
Ἔβερ	Eber
Ἔβερ	of
Σαλὰ	Shelah
Σαλὰ	of
Καϊνὰμ	Cainan
Καϊνὰμ	of
Ἀρφαξὰδ	Arphaxad
Ἀρφαξὰδ	of
Σὴμ	Shem
Σὴμ	of
Νῶε	Noah
Νῶε	of
Λάμεχ	Lamech
Λάμεχ	of
Μαθουσαλὰ	Methuselah
Μαθουσαλὰ	of
Ἑνὼχ	Enoch
Ἑνὼχ	of
Ἰάρετ	Jared
Ἰάρετ	of
Μαλελεὴλ	Mahalaleel
Μαλελεὴλ	of
Καϊνὰμ	Cainan
Καϊνὰμ	of
Ἐνὼς	Enosh
Ἐνὼς	of
Σὴθ	Seth
Σὴθ	of
Ἀδὰμ	Adam
Ἀδὰμ	of
Ἰησοῦς	Jesus
Ἰορδάνου	Jordan
Ἰησοῦς	Jesus
Ἰησοῦς	Jesus
Ἰερουσαλὴμ	Jerusalem
Ἰησοῦς	Jesus
Ἰησοῦς	Jesus
Γαλιλαίαν	Galilee
Ναζαρά	Nazareth
Ἠσαΐου	Isaiah
Ἰωσὴφ	Joseph
Ἰωσὴφ	of
Καφαρναοὺμ	Capernaum
Ἠλίου	Elijah
Ἠλίου	of
Ἰσραήλ	Israel
Ἠλίας	Elijah
Σάρεπτα	Zarephath
Ἰσραὴλ	Israel
Ἐλισαίου	Elisha
Ναιμὰν	Naaman
Σύρος	Syrian
Καφαρναοὺμ	Capernaum
Γαλιλαίας	Galilee
Γαλιλαίας	of
Ἰησοῦ	Jesus
Ἰησοῦς	Jesus
Σίμωνος	Simon’s
Σίμωνος	Simon’s
χριστὸν	Christ
Ἰουδαίας	Judea
Ἰουδαίας	of
Γεννησαρὲτ	Gennesaret
Γεννησαρὲτ	of
Σίμωνος	Simon’s
Σίμωνα	Simon
Σίμων	Simon
Σίμων	Simon
Πέτρος	Peter
Ἰησοῦ	Jesus’
Ἰάκωβον	James
Ἰωάννην	John
Ζεβεδαίου	Zebedee
Ζεβεδαίου	of
Σίμωνι	Simon
Σίμωνι	with
Σίμωνα	Simon
Ἰησοῦς	Jesus
Ἰησοῦν	Jesus
Μωϋσῆς	Moses
Φαρισαῖοι	Pharisees
Γαλιλαίας	Galilee
Γαλιλαίας	of
Ἰουδαίας	Judea
Ἰερουσαλήμ	Jerusalem
Ἰησοῦ	Jesus
Φαρισαῖοι	Pharisees
Ἰησοῦς	Jesus
Λευὶν	Levi
Λευὶς	Levi
Φαρισαῖοι	Pharisees
Ἰησοῦς	Jesus
Ἰωάννου	John
Ἰωάννου	of
Φαρισαίων	Pharisees
Φαρισαίων	of
Ἰησοῦς	he
Φαρισαίων	Pharisees
Φαρισαίων	of
Ἰησοῦς	Jesus
Δαυὶδ	David
Φαρισαῖοι	Pharisees
Ἰησοῦς	Jesus
Ἰησοῦ	Jesus
Ἰησοῦ	to
Σίμωνα	Simon
Ἀνδρέαν	Andrew
Ἰάκωβον	James
Ἰωάννην	John
Φίλιππον	Philip
Βαρθολομαῖον	Bartholomew
Μαθθαῖον	Matthew
Θωμᾶν	Thomas
Ἰάκωβον	James
Ἁλφαίου	Alphaeus
Ἁλφαίου	of
Σίμωνα	Simon
Ἰούδαν	Judas
Ἰακώβου	James
Ἰακώβου	of
Ἰούδαν	Judas
Ἰσκαριώθ	Iscariot
Ἰουδαίας	Judea
Ἰουδαίας	of
Ἰερουσαλὴμ	Jerusalem
Τύρου	Tyre
Τύρου	of
Σιδῶνος	Sidon
Καφαρναούμ	Capernaum
Ἰησοῦ	Jesus
Ἰησοῦν	Jesus
Ἰησοῦς	Jesus
Ἰησοῦς	Jesus
Ἰσραὴλ	Israel
Ναῒν	Nain
Ἰουδαίᾳ	Judea
Ἰουδαίᾳ	of
Ἰωάννῃ	John
Ἰωάννῃ	to
Ἰωάννης	John
Ἰωάννης	John
Ἰωάννῃ	John
Ἰωάννου	John
Ἰωάννου	of
Ἰωάννου	John
Ἰωάννου	John
Ἰωάννου	John
Ἰωάννου	of
Φαρισαῖοι	Pharisees
Ἰωάννης	John
Φαρισαίων	Pharisees
Φαρισαίων	of
Φαρισαίου	Pharisee
Φαρισαίου	of
Φαρισαίου	Pharisee’s
Φαρισαῖος	Pharisee
Ἰησοῦς	Jesus
Σίμων	Simon
Σίμων	Simon
Σίμωνι	Simon
Σίμωνι	to
Μαρία	Mary
Ἰωάννα	Joanna
Χουζᾶ	Chuza
Χουζᾶ	of
Σουσάννα	Susanna
Γαλιλαίας	Galilee
Ἰησοῦν	Jesus
Ἰησοῦ	Jesus
Ἰησοῦς	Jesus
Ἰησοῦν	Jesus
Ἰησοῦ	Jesus
Ἰησοῦ	of
Ἰησοῦς	Jesus
Ἰησοῦν	Jesus
Ἰάϊρος	Jairus
Ἰησοῦ	Jesus
Ἰησοῦ	of
Ἰησοῦς	Jesus
Πέτρος	Peter
Ἰησοῦς	Jesus
Ἰησοῦς	Jesus
Πέτρον	Peter
Ἰωάννην	John
Ἰάκωβον	James
Ἡρῴδης	Herod
Ἰωάννης	John
Ἠλίας	Elijah
Ἡρῴδης	Herod
Ἰωάννην	John
Βηθσαϊδά	Bethsaida
Ἰωάννην	John
Ἠλίαν	Elijah
Πέτρος	Peter
χριστὸν	Christ
Πέτρον	Peter
Ἰωάννην	John
Ἰάκωβον	James
Μωϋσῆς	Moses
Ἠλίας	Elijah
Ἰερουσαλήμ	Jerusalem
Πέτρος	Peter
Πέτρος	Peter
Ἰησοῦν	Jesus
Μωϋσεῖ	Moses
Μωϋσεῖ	for
Ἠλίᾳ	Elijah
Ἠλίᾳ	for
Ἰησοῦς	Jesus
Ἰησοῦς	Jesus
Ἰησοῦς	Jesus
Ἰησοῦς	Jesus
Ἰωάννης	John
Ἰησοῦς	Jesus
Ἰερουσαλήμ	Jerusalem
Σαμαριτῶν	Samaritans
Σαμαριτῶν	of
Ἰερουσαλήμ	Jerusalem
Ἰάκωβος	James
Ἰωάννης	John
Ἰησοῦς	Jesus
Ἰησοῦς	Jesus
Σοδόμοις	Sodom
Σοδόμοις	for
Χοραζίν	Chorazin
Βηθσαϊδά	Bethsaida
Τύρῳ	Tyre
Σιδῶνι	Sidon
Τύρῳ	Tyre
Τύρῳ	for
Σιδῶνι	Sidon
Σιδῶνι	for
Καφαρναούμ	Capernaum
σατανᾶν	Satan
Ἰησοῦν	Jesus
Ἰησοῦς	Jesus
Ἰερουσαλὴμ	Jerusalem
Ἰεριχὼ	Jericho
Λευίτης	Levite
Λευίτης	a
Σαμαρίτης	Samaritan
Ἰησοῦς	Jesus
Μάρθα	Martha
Μαριάμ	Mary
Μάρθα	Martha
Μάρθα	Martha
Μάρθα	Martha
Μαριὰμ	Mary
Ἰωάννης	John
Βεελζεβοὺλ	Beelzebul
σατανᾶς	Satan
Βεελζεβοὺλ	Beelzebul
Βεελζεβοὺλ	Beelzebul
Ἰωνᾶ	Jonah
Ἰωνᾶ	of
Ἰωνᾶς	Jonah
Νινευίταις	Ninevites
Νινευίταις	to
Σολομῶνος	Solomon
Σολομῶνος	of
Σολομῶνος	Solomon
Σολομῶνος	than
Νινευῖται	Nineveh
Ἰωνᾶ	Jonah
Ἰωνᾶ	of
Ἰωνᾶ	Jonah
Ἰωνᾶ	than
Φαρισαῖος	Pharisee
Φαρισαῖος	a
Φαρισαῖος	Pharisee
Φαρισαῖοι	Pharisees
Φαρισαίοις	Pharisees
Φαρισαίοις	Pharisees
Ἅβελ	Abel
Ἅβελ	of
Ζαχαρίου	Zechariah
Ζαχαρίου	of
Φαρισαῖοι	Pharisees
Φαρισαίων	Pharisees
Φαρισαίων	of
Σολομὼν	Solomon
Πέτρος	Peter
Πιλᾶτος	Pilate
Σιλωὰμ	Siloam
Ἰερουσαλήμ	Jerusalem
Ἰησοῦς	Jesus
Ἰησοῦς	Jesus
Ἀβραὰμ	Abraham
Ἀβραὰμ	of
σατανᾶς	Satan
Ἱεροσόλυμα	Jerusalem
Ἀβραὰμ	Abraham
Ἰσαὰκ	Isaac
Ἰακὼβ	Jacob
Φαρισαῖοι	Pharisees
Ἡρῴδης	Herod
Ἰερουσαλήμ	Jerusalem
Ἰερουσαλὴμ	Jerusalem
Ἰερουσαλήμ	Jerusalem
Φαρισαίων	Pharisees
Φαρισαίων	of
Ἰησοῦς	Jesus
Φαρισαίους	Pharisees
Φαρισαῖοι	Pharisees
Φαρισαῖοι	Pharisees
Ἰωάννου	John
Λάζαρος	Lazarus
Ἀβραάμ	Abraham’s
Ἀβραὰμ	Abraham
Λάζαρον	Lazarus
Ἀβραάμ	Abraham
Λάζαρον	Lazarus
Ἀβραάμ	Abraham
Λάζαρος	Lazarus
Ἀβραάμ	Abraham
Μωϋσέα	Moses
Ἀβραάμ	Abraham
Μωϋσέως	Moses
Ἰερουσαλὴμ	Jerusalem
Σαμαρείας	Samaria
Γαλιλαίας	Galilee
Ἰησοῦ	Jesus
Σαμαρίτης	Samaritan
Σαμαρίτης	a
Ἰησοῦς	Jesus
Φαρισαίων	Pharisees
Νῶε	Noah
Νῶε	of
Νῶε	Noah
Λώτ	Lot
Λώτ	of
Λὼτ	Lot
Σοδόμων	Sodom
Λώτ	Lot’s
Φαρισαῖος	Pharisee
Φαρισαῖος	a
Φαρισαῖος	Pharisee
Ἰησοῦς	Jesus
Ἰησοῦς	Jesus
Ἰησοῦς	Jesus
Ἰησοῦς	Jesus
Πέτρος	Peter
Ἰερουσαλήμ	Jerusalem
Ἰεριχὼ	Jericho
Ἰησοῦς	Jesus
Ναζωραῖος	Nazarene
Ἰησοῦ	Jesus
Δαυίδ	David
Δαυίδ	of
Δαυίδ	David
Δαυίδ	of
Ἰησοῦς	Jesus
Ἰησοῦς	Jesus
Ἰεριχώ	Jericho
Ζακχαῖος	Zacchaeus
Ἰησοῦν	Jesus
Ἰησοῦς	Jesus
Ζακχαῖε	Zacchaeus
Ζακχαῖος	Zacchaeus
Ἰησοῦς	Jesus
Ἀβραάμ	Abraham
Ἀβραάμ	of
Ἰερουσαλὴμ	Jerusalem
Ἱεροσόλυμα	Jerusalem
Βηθφαγὴ	Bethphage
Βηθανία[ν]	Bethany
Ἰησοῦν	Jesus
Ἰησοῦν	Jesus
Φαρισαίων	Pharisees
Φαρισαίων	of
Ἰωάννου	John
Ἰωάννου	of
Ἰωάννην	John
Ἰησοῦς	Jesus
Καίσαρι	Caesar
Καίσαρι	to
Καίσαρος	Caesar’s
Καίσαρος	Caesar
Καίσαρος	of
Καίσαρι	Caesar
Καίσαρι	to
Σαδδουκαίων	Sadducees
Σαδδουκαίων	of
Μωϋσῆς	Moses
Ἰησοῦς	Jesus
Μωϋσῆς	Moses
Ἀβραὰμ	Abraham
Ἀβραὰμ	of
Ἰσαὰκ	Isaac
Ἰσαὰκ	of
Ἰακώβ	Jacob
Ἰακώβ	of
χριστὸν	Christ
Δαυὶδ	David’s
Δαυὶδ	David
Δαυὶδ	David
Ἰερουσαλήμ	Jerusalem
Ἰουδαίᾳ	Judea
Ἰερουσαλὴμ	Jerusalem
σατανᾶς	Satan
Ἰούδαν	Judas
Ἰσκαριώτην	Iscariot
Πέτρον	Peter
Ἰωάννην	John
Ἰσραήλ	Israel
Ἰσραήλ	of
Σίμων	Simon
Σίμων	Simon
σατανᾶς	Satan
Πέτρε	Peter
Ἰούδας	Judas
Ἰησοῦ	Jesus
Ἰησοῦς	Jesus
Ἰούδα	Judas
Ἰησοῦς	Jesus
Ἰησοῦς	Jesus
Πέτρος	Peter
Πέτρος	Peter
Πέτρος	Peter
Πέτρος	Peter
Πέτρῳ	Peter
Πέτρῳ	at
Πέτρος	Peter
χριστός	Christ
Πιλᾶτον	Pilate
Καίσαρι	Caesar
Καίσαρι	to
χριστὸν	Christ
Πιλᾶτος	Pilate
Πιλᾶτος	Pilate
Ἰουδαίας	Judea
Ἰουδαίας	of
Γαλιλαίας	Galilee
Πιλᾶτος	Pilate
Ἡρῴδου	Herod
Ἡρῴδου	of
Ἡρῴδην	Herod
Ἱεροσολύμοις	Jerusalem
Ἡρῴδης	Herod
Ἰησοῦν	Jesus
Ἡρῴδης	Herod
Πιλάτῳ	Pilate
Πιλάτῳ	to
Ἡρῴδης	Herod
Πιλᾶτος	Pilate
Πιλᾶτος	Pilate
Ἡρῴδης	Herod
Βαραββᾶν	Barabbas
Πιλᾶτος	Pilate
Ἰησοῦν	Jesus
Πιλᾶτος	Pilate
Ἰησοῦν	Jesus
Σίμωνά	Simon
Κυρηναῖον	Cyrene
Κυρηναῖον	of
Ἰησοῦ	Jesus
Ἰησοῦς	Jesus
Ἰερουσαλήμ	Jerusalem
Ἰερουσαλήμ	of
Ἰησοῦς	Jesus
χριστὸς	Christ
χριστός	Christ
Ἰησοῦ	Jesus
Ἰησοῦς	Jesus
Γαλιλαίας	Galilee
Ἰωσὴφ	Joseph
Ἁριμαθαίας	Arimathea
Πιλάτῳ	Pilate
Ἰησοῦ	Jesus
Ἰησοῦ	of
Γαλιλαίας	Galilee
Γαλιλαίᾳ	Galilee
Μαγδαληνὴ	Magdalene
Μαρία	Mary
Ἰωάννα	Joanna
Μαρία	Mary
Ἰακώβου	James
Ἰακώβου	of
Πέτρος	Peter
Ἰερουσαλήμ	Jerusalem
Ἐμμαοῦς	Emmaus
Ἰησοῦς	Jesus
Κλεοπᾶς	Cleopas
Ἰερουσαλὴμ	Jerusalem
Ἰησοῦ	Jesus
Ἰσραήλ	Israel
χριστὸν	Christ
Μωϋσέως	Moses
Ἰερουσαλὴμ	Jerusalem
Σίμωνι	Simon
Σίμωνι	to
Μωϋσέως	Moses
Μωϋσέως	of
χριστὸν	Christ
Ἰερουσαλὴμ	Jerusalem
Βηθανίαν	Bethany
Ἰερουσαλὴμ	Jerusalem
Ἰωάννης	John
Ἰωάννης	John
Μωϋσέως	Moses
Ἰησοῦ	Jesus
Χριστοῦ	Christ
Ἰωάννου	John
Ἰωάννου	of
Ἱεροσολύμων	Jerusalem
Λευίτας	Levites
χριστός	Christ
Ἠλίας	Elijah
Ἠσαΐας	Isaiah
Φαρισαίων	Pharisees
χριστὸς	Christ
Ἠλίας	Elijah
Ἰωάννης	John
Βηθανίᾳ	Bethany
Ἰορδάνου	Jordan
Ἰορδάνου	of
Ἰωάννης	John
Ἰησοῦν	Jesus
Ἰσραὴλ	Israel
Ἰσραὴλ	to
Ἰωάννης	John
Ἰωάννης	John
Ἰησοῦ	Jesus
Ἰησοῦ	at
Ἰησοῦ	Jesus
Ἰησοῦς	Jesus
Ἀνδρέας	Andrew
Σίμωνος	Simon
Πέτρου	Peter
Πέτρου	of
Ἰωάννου	John
Σίμωνα	Simon
Μεσσίαν	Messiah
Ἰησοῦν	Jesus
Ἰησοῦς	Jesus
Σίμων	Simon
Ἰωάννου	John
Ἰωάννου	of
Κηφᾶς	Cephas
Γαλιλαίαν	Galilee
Φίλιππον	Philip
Ἰησοῦς	Jesus
Φίλιππος	Philip
Βηθσαϊδά	Bethsaida
Ἀνδρέου	Andrew
Ἀνδρέου	of
Πέτρου	Peter
Φίλιππος	Philip
Ναθαναὴλ	Nathanael
Μωϋσῆς	Moses
Ἰησοῦν	Jesus
Ἰωσὴφ	Joseph
Ἰωσὴφ	of
Ναζαρέτ	Nazareth
Ναθαναήλ	Nathanael
Ναζαρὲτ	Nazareth
Φίλιππος	Philip
Ἰησοῦς	Jesus
Ναθαναὴλ	Nathanael
Ἰσραηλίτης	Israelite
Ἰσραηλίτης	A
Ναθαναήλ	Nathanael
Ἰησοῦς	Jesus
Φίλιππον	Philip
Ναθαναήλ	Nathanael
Ἰσραήλ	Israel
Ἰσραήλ	of
Ἰησοῦς	Jesus
Κανὰ	Cana
Γαλιλαίας	Galilee
Γαλιλαίας	in
Ἰησοῦ	Jesus
Ἰησοῦ	of
Ἰησοῦς	Jesus
Ἰησοῦ	Jesus
Ἰησοῦ	of
Ἰησοῦς	Jesus
Ἰησοῦς	Jesus
Ἰησοῦς	Jesus
Κανὰ	Cana
Γαλιλαίας	Galilee
Γαλιλαίας	in
Καφαρναοὺμ	Capernaum
Ἱεροσόλυμα	Jerusalem
Ἰησοῦς	Jesus
Ἰησοῦς	Jesus
Ἰησοῦς	Jesus
Ἱεροσολύμοις	Jerusalem
Ἰησοῦς	Jesus
Φαρισαίων	Pharisees
Νικόδημος	Nicodemus
Ἰησοῦς	Jesus
Νικόδημος	Nicodemus
Ἰησοῦς	Jesus
Νικόδημος	Nicodemus
Ἰησοῦς	Jesus
Ἰσραὴλ	Israel
Ἰσραὴλ	of
Μωϋσῆς	Moses
Ἰησοῦς	Jesus
Ἰωάννης	John
Αἰνὼν	Aenon
Σαλείμ	Salim
Ἰωάννης	John
Ἰωάννου	John’s
Ἰωάννην	John
Ἰορδάνου	Jordan
Ἰορδάνου	of
Ἰωάννης	John
χριστός	Christ
Ἰησοῦς	Jesus
Φαρισαῖοι	Pharisees
Ἰησοῦς	Jesus
Ἰωάννης	John
Ἰησοῦς	Jesus
Ἰουδαίαν	Judea
Γαλιλαίαν	Galilee
Σαμαρείας	Samaria
Σαμαρείας	Samaria
Σαμαρείας	of
Συχὰρ	Sychar
Ἰακὼβ	Jacob
Ἰωσὴφ	Joseph
Ἰωσὴφ	to
Ἰακώβ	Jacob’s
Ἰησοῦς	Jesus
Σαμαρείας	Samaria
Ἰησοῦς	Jesus
Σαμαρῖτις	Samaritan
Σαμαρίτιδος	Samaritan
Ἰησοῦς	Jesus
Ἰακώβ	Jacob
Ἰησοῦς	Jesus
Ἰησοῦς	Jesus
Ἱεροσολύμοις	Jerusalem
Ἰησοῦς	Jesus
Ἱεροσολύμοις	Jerusalem
Μεσσίας	Messiah
Ἰησοῦς	Jesus
χριστός	Christ
Ἰησοῦς	Jesus
Σαμαριτῶν	Samaritans
Σαμαριτῶν	of
Σαμαρῖται	Samaritans
Γαλιλαίαν	Galilee
Ἰησοῦς	Jesus
Γαλιλαίαν	Galilee
Ἱεροσολύμοις	Jerusalem
Κανὰ	Cana
Γαλιλαίας	Galilee
Γαλιλαίας	in
Καφαρναούμ	Capernaum
Ἰησοῦς	Jesus
Ἰουδαίας	Judea
Γαλιλαίαν	Galilee
Ἰησοῦς	Jesus
Ἰησοῦς	Jesus
Ἰησοῦς	Jesus
Ἰησοῦς	Jesus
Ἰησοῦς	Jesus
Ἰουδαίας	Judea
Γαλιλαίαν	Galilee
Ἰησοῦς	Jesus
Ἱεροσόλυμα	Jerusalem
Ἱεροσολύμοις	Jerusalem
Βηθζαθὰ	Bethzatha
Ἰησοῦς	Jesus
Ἰησοῦς	Jesus
Ἰησοῦς	Jesus
Ἰησοῦς	Jesus
Ἰησοῦς	Jesus
Ἰησοῦν	Jesus
Ἰησοῦς	he
Ἰησοῦς	Jesus
Ἰωάννην	John
Ἰωάννου	John’s
Ἰωάννου	than
Μωϋσῆς	Moses
Μωϋσεῖ	Moses
Ἰησοῦς	Jesus
Γαλιλαίας	Galilee
Γαλιλαίας	of
Ἰησοῦς	Jesus
Ἰησοῦς	Jesus
Φίλιππον	Philip
Φίλιππος	Philip
Ἀνδρέας	Andrew
Σίμωνος	Simon
Πέτρου	Peter
Πέτρου	of
Ἰησοῦς	Jesus
Ἰησοῦς	Jesus
Ἰησοῦς	Jesus
Καφαρναούμ	Capernaum
Ἰησοῦς	Jesus
Ἰησοῦν	Jesus
Ἰησοῦς	Jesus
Τιβεριάδος	Tiberias
Ἰησοῦς	Jesus
Καφαρναοὺμ	Capernaum
Ἰησοῦν	Jesus
Ἰησοῦς	Jesus
Ἰησοῦς	Jesus
Ἰησοῦς	Jesus
Μωϋσῆς	Moses
Ἰησοῦς	Jesus
Ἰησοῦς	Jesus
Ἰωσήφ	Joseph
Ἰωσήφ	of
Ἰησοῦς	Jesus
Ἰησοῦς	Jesus
Καφαρναούμ	Capernaum
Ἰησοῦς	Jesus
Ἰησοῦς	Jesus
Σίμων	Simon
Πέτρος	Peter
Ἰησοῦς	Jesus
Ἰούδαν	Judas
Σίμωνος	Simon
Σίμωνος	of
Ἰσκαριώτου	Iscariot
Ἰησοῦς	Jesus
Γαλιλαίᾳ	Galilee
Ἰουδαίᾳ	Judea
Ἰουδαίαν	Judea
Ἰησοῦς	Jesus
Γαλιλαίᾳ	Galilee
Ἰησοῦς	Jesus
Ἰησοῦς	Jesus
Μωϋσῆς	Moses
Ἰησοῦς	Jesus
Μωϋσῆς	Moses
Μωϋσέως	Moses
Μωϋσέως	of
Ἱεροσολυμιτῶν	Jerusalem
Ἱεροσολυμιτῶν	of
χριστός	Christ
χριστὸς	Christ
Ἰησοῦς	Jesus
χριστὸς	Christ
Φαρισαῖοι	Pharisees
Φαρισαῖοι	Pharisees
Ἰησοῦς	Jesus
Ἑλλήνων	Greeks
Ἑλλήνων	among
Ἕλληνας	Greeks
Ἰησοῦς	Jesus
Ἰησοῦς	Jesus
χριστός	Christ
Γαλιλαίας	Galilee
χριστὸς	Christ
Δαυὶδ	David
Δαυὶδ	of
Βηθλέεμ	Bethlehem
Δαυὶδ	David
χριστός	Christ
Φαρισαίους	Pharisees
Φαρισαῖοι	Pharisees
Φαρισαίων	Pharisees
Νικόδημος	Nicodemus
Γαλιλαίας	Galilee
Γαλιλαίας	Galilee
Ἰησοῦς	Jesus
Φαρισαῖοι	Pharisees
Μωϋσῆς	Moses
Ἰησοῦς	Jesus
Ἰησοῦς	Jesus
Ἰησοῦς	Jesus
Ἰησοῦς	Jesus
Φαρισαῖοι	Pharisees
Ἰησοῦς	Jesus
Ἰησοῦς	Jesus
Ἰησοῦς	Jesus
Ἰησοῦς	Jesus
Ἰησοῦς	Jesus
Ἀβραάμ	Abraham
Ἀβραάμ	of
Ἰησοῦς	Jesus
Ἀβραάμ	Abraham
Ἀβραάμ	of
Ἀβραάμ	Abraham
Ἰησοῦς	Jesus
Ἀβραάμ	Abraham
Ἀβραάμ	of
Ἀβραὰμ	Abraham
Ἀβραὰμ	of
Ἀβραὰμ	Abraham
Ἰησοῦς	Jesus
Σαμαρίτης	Samaritan
Σαμαρίτης	a
Ἰησοῦς	Jesus
Ἀβραὰμ	Abraham
Ἀβραάμ	Abraham
Ἰησοῦς	Jesus
Ἀβραὰμ	Abraham
Ἀβραὰμ	Abraham
Ἰησοῦς	Jesus
Ἀβραὰμ	Abraham
Ἰησοῦς	Jesus
Ἰησοῦς	Jesus
Σιλωάμ	Siloam
Σιλωάμ	of
Ἰησοῦς	Jesus
Σιλωὰμ	Siloam
Φαρισαίους	Pharisees
Ἰησοῦς	Jesus
Φαρισαῖοι	Pharisees
Φαρισαίων	Pharisees
χριστόν	Christ
Μωϋσέως	Moses
Μωϋσέως	of
Μωϋσεῖ	Moses
Μωϋσεῖ	to
Ἰησοῦς	Jesus
Ἰησοῦς	Jesus
Ἰησοῦς	Jesus
Φαρισαίων	Pharisees
Ἰησοῦς	Jesus
Ἰησοῦς	Jesus
Ἰησοῦς	Jesus
Ἱεροσολύμοις	Jerusalem
Ἰησοῦς	Jesus
Σολομῶνος	Solomon
Σολομῶνος	of
χριστός	Christ
Ἰησοῦς	Jesus
Ἰησοῦς	Jesus
Ἰησοῦς	Jesus
Ἰορδάνου	Jordan
Ἰορδάνου	of
Ἰωάννης	John
Ἰωάννης	John
Ἰωάννης	John
Λάζαρος	Lazarus
Βηθανίας	Bethany
Μαρίας	Mary
Μαρίας	of
Μάρθας	Martha
Μαριὰμ	Mary
Λάζαρος	Lazarus
Ἰησοῦς	Jesus
Ἰησοῦς	Jesus
Μάρθαν	Martha
Λάζαρον	Lazarus
Ἰουδαίαν	Judea
Ἰησοῦς	Jesus
Λάζαρος	Lazarus
Ἰησοῦς	Jesus
Ἰησοῦς	Jesus
Λάζαρος	Lazarus
Θωμᾶς	Thomas
Ἰησοῦς	Jesus
Βηθανία	Bethany
Ἱεροσολύμων	Jerusalem
Μάρθαν	Martha
Μαριὰμ	Mary
Μάρθα	Martha
Ἰησοῦς	Jesus
Μαριὰμ	Mary
Μάρθα	Martha
Ἰησοῦν	Jesus
Ἰησοῦς	Jesus
Μάρθα	Martha
Ἰησοῦς	Jesus
χριστὸς	Christ
Μαριὰμ	Mary
Ἰησοῦς	Jesus
Μάρθα	Martha
Μαριὰμ	Mary
Μαριὰμ	Mary
Ἰησοῦς	Jesus
Ἰησοῦς	Jesus
Ἰησοῦς	Jesus
Ἰησοῦς	Jesus
Ἰησοῦς	Jesus
Μάρθα	Martha
Ἰησοῦς	Jesus
Ἰησοῦς	Jesus
Λάζαρε	Lazarus
Ἰησοῦς	Jesus
Μαριὰμ	Mary
Φαρισαίους	Pharisees
Ἰησοῦς	Jesus
Φαρισαῖοι	Pharisees
Καϊάφας	Caiaphas
Ἰησοῦς	Jesus
Ἰησοῦς	Jesus
Ἐφραὶμ	Ephraim
Ἱεροσόλυμα	Jerusalem
Ἰησοῦν	Jesus
Φαρισαῖοι	Pharisees
Βηθανίαν	Bethany
Λάζαρος	Lazarus
Ἰησοῦς	Jesus
Μάρθα	Martha
Λάζαρος	Lazarus
Μαριὰμ	Mary
Ἰησοῦ	Jesus
Ἰησοῦ	of
Ἰούδας	Judas
Ἰσκαριώτης	Iscariot
Ἰησοῦς	Jesus
Ἰησοῦν	Jesus
Λάζαρον	Lazarus
Λάζαρον	Lazarus
Ἰησοῦν	Jesus
Ἰησοῦς	Jesus
Ἱεροσόλυμα	Jerusalem
Ἰσραήλ	Israel
Ἰσραήλ	of
Ἰησοῦς	Jesus
Σιών	Zion
Σιών	of
Ἰησοῦς	Jesus
Λάζαρον	Lazarus
Φαρισαῖοι	Pharisees
Ἕλληνές	Greeks
Φιλίππῳ	Philip
Βηθσαϊδὰ	Bethsaida
Γαλιλαίας	Galilee
Γαλιλαίας	in
Ἰησοῦν	Jesus
Φίλιππος	Philip
Ἀνδρέᾳ	Andrew
Ἀνδρέας	Andrew
Φίλιππος	Philip
Ἰησοῦ	Jesus
Ἰησοῦς	Jesus
Ἰησοῦς	Jesus
χριστὸς	Christ
Ἰησοῦς	Jesus
Ἰησοῦς	Jesus
Ἠσαΐου	Isaiah
Ἠσαΐας	Isaiah
Ἠσαΐας	Isaiah
Φαρισαίους	Pharisees
Ἰησοῦς	Jesus
Ἰησοῦς	Jesus
Ἰούδας	Judas
Ἰούδας	of
Σίμωνος	Simon
Σίμωνος	of
Ἰσκαριώτου	Iscariot
Σίμωνα	Simon
Πέτρον	Peter
Ἰησοῦς	Jesus
Πέτρος	Peter
Ἰησοῦς	Jesus
Σίμων	Simon
Πέτρος	Peter
Ἰησοῦς	Jesus
Ἰησοῦς	Jesus
Ἰησοῦ	Jesus
Ἰησοῦς	Jesus
Σίμων	Simon
Πέτρος	Peter
Ἰησοῦ	Jesus’
Ἰησοῦς	Jesus
Ἰούδᾳ	Judas
Ἰούδᾳ	to
Σίμωνος	Simon
Σίμωνος	of
Ἰσκαριώτου	Iscariot
σατανᾶς	Satan
Ἰησοῦς	Jesus
Ἰούδας	Judas
Ἰησοῦς	Jesus
Ἰησοῦς	Jesus
Σίμων	Simon
Πέτρος	Peter
Ἰησοῦς	Jesus
Πέτρος	Peter
Ἰησοῦς	Jesus
Θωμᾶς	Thomas
Ἰησοῦς	Jesus
Φίλιππος	Philip
Ἰησοῦς	Jesus
Φίλιππε	Philip
Ἰούδας	Judas
Ἰησοῦς	Jesus
Ἰησοῦς	Jesus
Ἰησοῦς	Jesus
Ἰησοῦς	Jesus
Ἰησοῦν	Jesus
Χριστόν	Christ
Ἰησοῦς	Jesus
Κεδρὼν	Kidron
Κεδρὼν	of
Ἰούδας	Judas
Ἰησοῦς	Jesus
Ἰούδας	Judas
Φαρισαίων	Pharisees
Ἰησοῦς	Jesus
Ἰησοῦν	Jesus
Ναζωραῖον	Nazarene
Ἰησοῦν	Jesus
Ναζωραῖον	Nazarene
Ἰησοῦς	Jesus
Σίμων	Simon
Πέτρος	Peter
Ἰησοῦς	Jesus
Πέτρῳ	Peter
Πέτρῳ	to
Ἰησοῦν	Jesus
Ἅνναν	Annas
Καϊάφα	Caiaphas
Καϊάφα	of
Καϊάφας	Caiaphas
Ἰησοῦ	Jesus
Σίμων	Simon
Πέτρος	Peter
Πέτρος	Peter
Πέτρον	Peter
Πέτρῳ	Peter
Πέτρῳ	to
Πέτρος	Peter
Ἰησοῦν	Jesus
Ἰησοῦς	Jesus
Ἰησοῦ	Jesus
Ἰησοῦ	to
Ἰησοῦς	Jesus
Ἅννας	Annas
Καϊάφαν	Caiaphas
Σίμων	Simon
Πέτρος	Peter
Πέτρος	Peter
Πέτρος	Peter
Ἰησοῦν	Jesus
Καϊάφα	Caiaphas
Πιλᾶτος	Pilate
Πιλᾶτος	Pilate
Ἰησοῦ	Jesus
Ἰησοῦ	of
Πιλᾶτος	Pilate
Ἰησοῦν	Jesus
Ἰησοῦς	Jesus
Πιλᾶτος	Pilate
Ἰησοῦς	Jesus
Πιλᾶτος	Pilate
Ἰησοῦς	Jesus
Πιλᾶτος	Pilate
Βαραββᾶν	Barabbas
Πιλᾶτος	Pilate
Ἰησοῦν	Jesus
Πιλᾶτος	Pilate
Ἰησοῦς	Jesus
Πιλᾶτος	Pilate
Πιλᾶτος	Pilate
Ἰησοῦ	Jesus
Ἰησοῦ	to
Ἰησοῦς	Jesus
Πιλᾶτος	Pilate
Ἰησοῦς	Jesus
Πιλᾶτος	Pilate
Καίσαρος	Caesar
Καίσαρος	of
Καίσαρι	Caesar
Πιλᾶτος	Pilate
Ἰησοῦν	Jesus
Πιλᾶτος	Pilate
Καίσαρα	Caesar
Ἰησοῦν	Jesus
Ἰησοῦν	Jesus
Πιλᾶτος	Pilate
Ἰησοῦς	Jesus
Ναζωραῖος	Nazarene
Ἰησοῦς	Jesus
Πιλάτῳ	Pilate
Πιλάτῳ	to
Πιλᾶτος	Pilate
Ἰησοῦν	Jesus
Ἰησοῦ	Jesus
Ἰησοῦ	of
Μαρία	Mary
Κλωπᾶ	Clopas
Κλωπᾶ	of
Μαρία	Mary
Μαγδαληνή	Magdalene
Ἰησοῦς	Jesus
Ἰησοῦς	Jesus
Ἰησοῦς	Jesus
Πιλᾶτον	Pilate
Ἰησοῦν	Jesus
Πιλᾶτον	Pilate
Ἰωσὴφ	Joseph
Ἁριμαθαίας	Arimathea
Ἰησοῦ	Jesus
Ἰησοῦ	of
Ἰησοῦ	Jesus
Ἰησοῦ	of
Πιλᾶτος	Pilate
Νικόδημος	Nicodemus
Ἰησοῦ	Jesus
Ἰησοῦ	of
Ἰησοῦν	Jesus
Μαρία	Mary
Μαγδαληνὴ	Magdalene
Σίμωνα	Simon
Πέτρον	Peter
Ἰησοῦς	Jesus
Πέτρος	Peter
Πέτρου	Peter
Πέτρου	than
Σίμων	Simon
Πέτρος	Peter
Μαρία	Mary
Ἰησοῦ	Jesus
Ἰησοῦ	of
Ἰησοῦν	Jesus
Ἰησοῦς	Jesus
Ἰησοῦς	Jesus
Ἰησοῦς	Jesus
Μαριάμ	Mary
Ἰησοῦς	Jesus
Μαριὰμ	Mary
Μαγδαληνὴ	Magdalene
Ἰησοῦς	Jesus
Ἰησοῦς	Jesus
Θωμᾶς	Thomas
Δίδυμος	Didymus
Ἰησοῦς	Jesus
Θωμᾶς	Thomas
Ἰησοῦς	Jesus
Θωμᾷ	Thomas
Θωμᾷ	to
Θωμᾶς	Thomas
Ἰησοῦς	Jesus
Ἰησοῦς	Jesus
Ἰησοῦς	Jesus
χριστὸς	Christ
Ἰησοῦς	Jesus
Τιβεριάδος	Tiberias
Τιβεριάδος	of
Σίμων	Simon
Πέτρος	Peter
Θωμᾶς	Thomas
Ναθαναὴλ	Nathanael
Κανὰ	Cana
Γαλιλαίας	Galilee
Γαλιλαίας	in
Ζεβεδαίου	Zebedee
Ζεβεδαίου	of
Σίμων	Simon
Πέτρος	Peter
Ἰησοῦς	Jesus
Ἰησοῦς	Jesus
Ἰησοῦς	Jesus
Ἰησοῦς	Jesus
Πέτρῳ	Peter
Πέτρῳ	to
Σίμων	Simon
Πέτρος	Peter
Ἰησοῦς	Jesus
Σίμων	Simon
Πέτρος	Peter
Ἰησοῦς	Jesus
Ἰησοῦς	Jesus
Ἰησοῦς	Jesus
Σίμωνι	Simon
Σίμωνι	to
Πέτρῳ	Peter
Ἰησοῦς	Jesus
Σίμων	Simon
Ἰωάννου	John
Ἰωάννου	of
Σίμων	Simon
Ἰωάννου	John
Ἰωάννου	of
Σίμων	Simon
Ἰωάννου	John
Ἰωάννου	of
Πέτρος	Peter
Ἰησοῦς	Jesus
Πέτρος	Peter
Ἰησοῦς	Jesus
Πέτρος	Peter
Ἰησοῦ	Jesus
Ἰησοῦ	to
Ἰησοῦς	Jesus
Ἰησοῦς	Jesus
Ἰησοῦς	Jesus
Θεόφιλε	Theophilus
Ἰησοῦς	Jesus
Ἱεροσολύμων	Jerusalem
Ἰωάννης	John
Ἰσραήλ	Israel
Ἰσραήλ	to
Ἰερουσαλὴμ	Jerusalem
Ἰουδαίᾳ	Judea
Σαμαρείᾳ	Samaria
Ἰησοῦς	Jesus
Ἰερουσαλὴμ	Jerusalem
Ἰερουσαλὴμ	Jerusalem
Πέτρος	Peter
Ἰωάννης	John
Ἰάκωβος	James
Ἀνδρέας	Andrew
Φίλιππος	Philip
Θωμᾶς	Thomas
Βαρθολομαῖος	Bartholomew
Μαθθαῖος	Matthew
Ἰάκωβος	James
Ἁλφαίου	Alphaeus
Ἁλφαίου	of
Σίμων	Simon
Ἰούδας	Judas
Ἰακώβου	James
Ἰακώβου	of
Μαριὰμ	Mary
Ἰησοῦ	Jesus
Ἰησοῦ	of
Πέτρος	Peter
Δαυὶδ	David
Δαυὶδ	of
Ἰούδα	Judas
Ἰησοῦν	Jesus
Ἰερουσαλήμ	Jerusalem
Ἰερουσαλήμ	in
Ἁκελδαμάχ	Akeldama
Ἰησοῦς	Jesus
Ἰωάννου	John
Ἰωάννου	of
Ἰωσὴφ	Joseph
Βαρσαββᾶν	Barsabbas
Μαθθίαν	Matthias
Ἰούδας	Judas
Μαθθίαν	Matthias
Ἰερουσαλὴμ	Jerusalem
Πάρθοι	Parthians
Μῆδοι	Medes
Ἐλαμῖται	Elamites
Μεσοποταμίαν	Mesopotamia
Ἰουδαίαν	Judea
Καππαδοκίαν	Cappadocia
Πόντον	Pontus
Ἀσίαν	Asia
Φρυγίαν	Phrygia
Παμφυλίαν	Pamphylia
Αἴγυπτον	Egypt
Λιβύης	Libya
Λιβύης	of
Κυρήνην	Cyrene
Κρῆτες	Cretans
Ἄραβες	Arabs
Πέτρος	Peter
Ἰερουσαλὴμ	Jerusalem
Ἰωήλ	Joel
Ἰσραηλῖται	Israelite
Ἰησοῦν	Jesus
Ναζωραῖον	Nazarene
Δαυὶδ	David
Δαυὶδ	David
Χριστοῦ	Christ
Χριστοῦ	of
Ἰησοῦν	Jesus
Δαυὶδ	David
Ἰσραὴλ	Israel
Ἰσραὴλ	of
χριστὸν	Christ
Ἰησοῦν	Jesus
Πέτρον	Peter
Πέτρος	Peter
Ἰησοῦ	Jesus
Ἰησοῦ	of
Χριστοῦ	Christ
Πέτρος	Peter
Ἰωάννης	John
Πέτρον	Peter
Ἰωάννην	John
Πέτρος	Peter
Ἰωάννῃ	John
Πέτρος	Peter
Ἰησοῦ	Jesus
Ἰησοῦ	of
Χριστοῦ	Christ
Ναζωραίου	Nazarene
Πέτρον	Peter
Ἰωάννην	John
Σολομῶντος	Solomon’s
Πέτρος	Peter
Ἰσραηλῖται	Israelites
Ἀβραὰμ	Abraham
Ἀβραὰμ	of
Ἰσαὰκ	Isaac
Ἰσαὰκ	of
Ἰακώβ	Jacob
Ἰακώβ	of
Ἰησοῦν	Jesus
Πιλάτου	Pilate
Πιλάτου	of
χριστὸν	Christ
χριστὸν	Christ
Ἰησοῦν	Jesus
Μωϋσῆς	Moses
Σαμουὴλ	Samuel
Ἀβραάμ	Abraham
Σαδδουκαῖοι	Sadducees
Ἰησοῦ	Jesus
Ἰερουσαλήμ	Jerusalem
Ἅννας	Annas
Καϊάφας	Caiaphas
Ἰωάννης	John
Ἀλέξανδρος	Alexander
Πέτρος	Peter
Ἰσραὴλ	Israel
Ἰσραὴλ	of
Ἰησοῦ	Jesus
Ἰησοῦ	of
Χριστοῦ	Christ
Ναζωραίου	Nazarene
Πέτρου	Peter
Πέτρου	of
Ἰωάννου	John
Ἰησοῦ	Jesus
Ἰερουσαλὴμ	Jerusalem
Ἰησοῦ	Jesus
Ἰησοῦ	of
Πέτρος	Peter
Ἰωάννης	John
Δαυὶδ	David
Δαυὶδ	of
χριστοῦ	Christ
Ἰησοῦν	Jesus
Ἡρῴδης	Herod
Πόντιος	Pontius
Πιλᾶτος	Pilate
Ἰσραήλ	Israel
Ἰσραήλ	of
Ἰησοῦ	Jesus
Ἰησοῦ	Jesus
Ἰησοῦ	of
Ἰωσὴφ	Joseph
Βαρναβᾶς	Barnabas
Λευίτης	Levite
Λευίτης	a
Κύπριος	Cyprus
Κύπριος	of
Ἁνανίας	Ananias
Σαπφίρῃ	Sapphira
Πέτρος	Peter
Ἁνανία	Ananias
σατανᾶς	Satan
Ἁνανίας	Ananias
Πέτρος	Peter
Πέτρος	Peter
Σολομῶντος	Solomon’s
Πέτρου	Peter
Ἰερουσαλὴμ	Jerusalem
Ἰσραὴλ	Israel
Ἰσραὴλ	of
Ἰερουσαλὴμ	Jerusalem
Πέτρος	Peter
Ἰησοῦν	Jesus
Ἰσραὴλ	Israel
Ἰσραὴλ	to
Φαρισαῖος	Pharisee
Φαρισαῖος	a
Γαμαλιήλ	Gamaliel
Ἰσραηλῖται	Israelites
Θευδᾶς	Theudas
Ἰούδας	Judas
Ἰησοῦ	Jesus
Ἰησοῦ	of
χριστὸν	Christ
Ἰησοῦν	Jesus
Ἑλληνιστῶν	Greek-speaking
Ἑλληνιστῶν	by
Ἑλληνιστῶν	Jews
Φίλιππον	Philip
Πρόχορον	Prochorus
Νικάνορα	Nicanor
Τίμωνα	Timon
Παρμενᾶν	Parmenas
Νικόλαον	Nicolaus
Ἰερουσαλὴμ	Jerusalem
Λιβερτίνων	Freedmen
Λιβερτίνων	of
Κυρηναίων	Cyrenians
Ἀλεξανδρέων	Alexandrians
Κιλικίας	Cilicia
Ἀσίας	Asia
Μωϋσῆν	Moses
Ἰησοῦς	Jesus
Ναζωραῖος	Nazarene
Μωϋσῆς	Moses
Ἀβραὰμ	Abraham
Μεσοποταμίᾳ	Mesopotamia
Χαρρὰν	Haran
Χαλδαίων	Chaldeans
Χαλδαίων	of
Χαρράν	Haran
Ἰσαὰκ	Isaac
Ἰσαὰκ	Isaac
Ἰακώβ	Jacob
Ἰακὼβ	Jacob
Ἰωσὴφ	Joseph
Ἰωσὴφ	of
Αἴγυπτον	Egypt
Φαραὼ	Pharaoh
Αἰγύπτου	Egypt
Αἰγύπτου	of
Αἴγυπτον	Egypt
Αἴγυπτον	Egypt
Χανάαν	Canaan
Ἰακὼβ	Jacob
Αἴγυπτον	Egypt
Ἰωσὴφ	Joseph
Φαραὼ	Pharaoh
Φαραὼ	to
Ἰωσήφ	Joseph
Ἰωσήφ	of
Ἰωσὴφ	Joseph
Ἰακὼβ	Jacob
Ἰακὼβ	Jacob
Αἴγυπτον	Egypt
Συχὲμ	Shechem
Ἀβραὰμ	Abraham
Ἐμμὼρ	Hamor
Ἐμμὼρ	of
Συχέμ	Shechem
Ἀβραάμ	Abraham
Ἀβραάμ	to
Αἰγύπτῳ	Egypt
Αἴγυπτον	Egypt
Ἰωσήφ	Joseph
Μωϋσῆς	Moses
Φαραὼ	Pharaoh
Φαραὼ	of
Μωϋσῆς	Moses
Ἰσραήλ	Israel
Ἰσραήλ	of
Μωϋσῆς	Moses
Μαδιάμ	Midian
Μαδιάμ	of
Σινᾶ	Sinai
Μωϋσῆς	Moses
Ἀβραὰμ	Abraham
Ἀβραὰμ	of
Ἰσαὰκ	Isaac
Ἰσαὰκ	of
Ἰακώβ	Jacob
Ἰακώβ	of
Μωϋσῆς	Moses
Αἰγύπτῳ	Egypt
Αἴγυπτον	Egypt
Μωϋσῆν	Moses
Αἰγύπτῳ	Egypt
Αἰγύπτῳ	of
Μωϋσῆς	Moses
Ἰσραήλ	Israel
Ἰσραήλ	of
Σινᾶ	Sinai
Αἴγυπτον	Egypt
Ἀαρών	Aaron
Ἀαρών	to
Μωϋσῆς	Moses
Αἰγύπτου	Egypt
Αἰγύπτου	of
Ἰσραήλ	Israel
Ἰσραήλ	of
Μόλοχ	Moloch
Μόλοχ	of
Ῥαιφάν	Rephan
Βαβυλῶνος	Babylon
Μωϋσῇ	Moses
Μωϋσῇ	to
Ἰησοῦ	Joshua
Δαυίδ	David
Δαυίδ	of
Ἰακώβ	Jacob
Ἰακώβ	of
Σολομὼν	Solomon
Ἰησοῦν	Jesus
Σαύλου	Saul
Ἰησοῦ	Jesus
Σαῦλος	Saul
Ἱεροσολύμοις	Jerusalem
Ἰουδαίας	Judea
Ἰουδαίας	of
Σαμαρείας	Samaria
Σαῦλος	Saul
Φίλιππος	Philip
Σαμαρείας	Samaria
Σαμαρείας	of
Χριστόν	Christ
Φιλίππου	Philip
Σίμων	Simon
Σαμαρείας	Samaria
Σαμαρείας	of
Φιλίππῳ	Philip
Ἰησοῦ	Jesus
Ἰησοῦ	of
Χριστοῦ	Christ
Σίμων	Simon
Φιλίππῳ	Philip
Ἱεροσολύμοις	Jerusalem
Σαμάρεια	Samaria
Πέτρον	Peter
Ἰωάννην	John
Ἰησοῦ	Jesus
Σίμων	Simon
Πέτρος	Peter
Σίμων	Simon
Ἱεροσόλυμα	Jerusalem
Σαμαριτῶν	Samaritans
Σαμαριτῶν	of
Φίλιππον	Philip
Ἰερουσαλὴμ	Jerusalem
Γάζαν	Gaza
Αἰθίοψ	Ethiopian
Αἰθίοψ	an
Ἰερουσαλήμ	Jerusalem
Ἠσαΐαν	Isaiah
Φιλίππῳ	Philip
Φιλίππῳ	to
Φίλιππος	Philip
Ἠσαΐαν	Isaiah
Φίλιππον	Philip
Φιλίππῳ	Philip
Φιλίππῳ	to
Φίλιππος	Philip
Ἰησοῦν	Jesus
Φίλιππος	Philip
Φίλιππον	Philip
Φίλιππος	Philip
Ἄζωτον	Azotus
Καισάρειαν	Caesarea
Σαῦλος	Saul
Δαμασκὸν	Damascus
Ἰερουσαλήμ	Jerusalem
Δαμασκῷ	Damascus
Σαοὺλ	Saul
Σαούλ	Saul
Ἰησοῦς	Jesus
Σαῦλος	Saul
Δαμασκόν	Damascus
Δαμασκῷ	Damascus
Ἁνανίας	Ananias
Ἁνανία	Ananias
Ἰούδα	Judas
Ἰούδα	of
Σαῦλον	Saul
Ταρσέα	Tarsus
Ταρσέα	from
Ἁνανίαν	Ananias
Ἁνανίας	Ananias
Ἰερουσαλήμ	Jerusalem
Ἰσραήλ	Israel
Ἰσραήλ	of
Ἁνανίας	Ananias
Σαοὺλ	Saul
Ἰησοῦς	Jesus
Δαμασκῷ	Damascus
Ἰησοῦν	Jesus
Ἰερουσαλὴμ	Jerusalem
Σαῦλος	Saul
Δαμασκῷ	Damascus
χριστός	Christ
Σαύλῳ	Saul
Σαύλῳ	to
Ἰερουσαλὴμ	Jerusalem
Βαρναβᾶς	Barnabas
Δαμασκῷ	Damascus
Ἰησοῦ	Jesus
Ἰησοῦ	of
Ἰερουσαλήμ	Jerusalem
Ἑλληνιστάς	Greek-speaking
Ἑλληνιστάς	Jews
Καισάρειαν	Caesarea
Ταρσόν	Tarsus
Ἰουδαίας	Judea
Ἰουδαίας	of
Γαλιλαίας	Galilee
Σαμαρείας	Samaria
Πέτρον	Peter
Λύδδα	Lydda
Αἰνέαν	Aeneas
Πέτρος	Peter
Αἰνέα	Aeneas
Ἰησοῦς	Jesus
Χριστός	Christ
Λύδδα	Lydda
Σαρῶνα	Sharon
Ἰόππῃ	Joppa
Ταβιθά	Tabitha
Λύδδας	Lydda
Ἰόππῃ	Joppa
Πέτρος	Peter
Πέτρος	Peter
Δορκάς	Dorcas
Πέτρος	Peter
Ταβιθά	Tabitha
Πέτρον	Peter
Ἰόππης	Joppa
Ἰόππῃ	Joppa
Σίμωνι	Simon
Καισαρείᾳ	Caesarea
Κορνήλιος	Cornelius
Κορνήλιε	Cornelius
Ἰόππην	Joppa
Σίμωνά	Simon
Πέτρος	Peter
Σίμωνι	Simon
Ἰόππην	Joppa
Πέτρος	Peter
Πέτρε	Peter
Πέτρος	Peter
Πέτρος	Peter
Κορνηλίου	Cornelius
Σίμωνος	Simon
Σίμωνος	of
Σίμων	Simon
Πέτρος	Peter
Πέτρου	Peter
Πέτρος	Peter
Κορνήλιος	Cornelius
Ἰόππης	Joppa
Καισάρειαν	Caesarea
Κορνήλιος	Cornelius
Πέτρον	Peter
Κορνήλιος	Cornelius
Πέτρος	Peter
Κορνήλιος	Cornelius
Κορνήλιε	Cornelius
Ἰόππην	Joppa
Σίμωνα	Simon
Πέτρος	Peter
Σίμωνος	Simon
Σίμωνος	of
Πέτρος	Peter
Ἰσραὴλ	Israel
Ἰσραὴλ	of
Ἰησοῦ	Jesus
Χριστοῦ	Christ
Ἰουδαίας	Judea
Γαλιλαίας	Galilee
Ἰωάννης	John
Ἰησοῦν	Jesus
Ναζαρέθ	Nazareth
Ἰερουσαλήμ	Jerusalem
Πέτρου	Peter
Πέτρῳ	Peter
Πέτρος	Peter
Ἰησοῦ	Jesus
Ἰησοῦ	of
Χριστοῦ	Christ
Ἰουδαίαν	Judea
Πέτρος	Peter
Ἰερουσαλήμ	Jerusalem
Πέτρος	Peter
Ἰόππῃ	Joppa
Ἰόππῃ	of
Πέτρε	Peter
Καισαρείας	Caesarea
Ἰόππην	Joppa
Σίμωνα	Simon
Πέτρον	Peter
Ἰωάννης	John
Ἰησοῦν	Jesus
Χριστόν	Christ
Φοινίκης	Phoenicia
Κύπρου	Cyprus
Ἀντιοχείας	Antioch
Κύπριοι	Cyprus
Κυρηναῖοι	Cyrene
Ἀντιόχειαν	Antioch
Ἑλληνιστὰς	Hellenists
Ἑλληνιστὰς	Greek-speaking
Ἰησοῦν	Jesus
Ἰησοῦν	about
Ἰερουσαλὴμ	Jerusalem
Βαρναβᾶν	Barnabas
Ἀντιοχείας	Antioch
Ταρσὸν	Tarsus
Σαῦλον	Saul
Ἀντιόχειαν	Antioch
Ἀντιοχείᾳ	Antioch
Χριστιανούς	Christians
Ἱεροσολύμων	Jerusalem
Ἀντιόχειαν	Antioch
Ἅγαβος	Agabus
Ἰουδαίᾳ	Judea
Βαρναβᾶ	Barnabas
Βαρναβᾶ	of
Σαύλου	Saul
Ἡρῴδης	Herod
Ἰάκωβον	James
Ἰωάννου	John
Ἰωάννου	of
Πέτρον	Peter
Πέτρος	Peter
Ἡρῴδης	Herod
Πέτρος	Peter
Πέτρου	Peter’s
Πέτρος	Peter
Ἡρῴδου	Herod
Ἡρῴδου	of
Μαρίας	Mary
Μαρίας	of
Ἰωάννου	John
Ἰωάννου	of
Ῥόδη	Rhoda
Πέτρου	Peter’s
Πέτρον	Peter
Πέτρος	Peter
Ἰακώβῳ	James
Ἰακώβῳ	to
Πέτρος	Peter
Ἡρῴδης	Herod
Ἰουδαίας	Judea
Καισάρειαν	Caesarea
Τυρίοις	Tyrians
Τυρίοις	with
Βλάστον	Blastus
Ἡρῴδης	Herod
Βαρναβᾶς	Barnabas
Σαῦλος	Saul
Ἰερουσαλὴμ	Jerusalem
Ἰωάννην	John
Ἀντιοχείᾳ	Antioch
Βαρναβᾶς	Barnabas
Συμεὼν	Simeon
Λούκιος	Lucius
Κυρηναῖος	Cyrenian
Μαναήν	Manaen
Σαῦλος	Saul
Βαρναβᾶν	Barnabas
Σαῦλον	Saul
Σελεύκειαν	Seleucia
Κύπρον	Cyprus
Σαλαμῖνι	Salamis
Ἰωάννην	John
Πάφου	Paphos
Βαριησοῦ	Bar-Jesus
Σεργίῳ	Sergius
Παύλῳ	Paulus
Βαρναβᾶν	Barnabas
Σαῦλον	Saul
Ἐλύμας	Elymas
Σαῦλος	Saul
Πάφου	Paphos
Παῦλον	Paul
Πέργην	Perga
Παμφυλίας	Pamphylia
Παμφυλίας	in
Ἰωάννης	John
Ἱεροσόλυμα	Jerusalem
Πέργης	Perga
Ἀντιόχειαν	Antioch
Παῦλος	Paul
Ἰσραηλῖται	Israelite
Ἰσραὴλ	Israel
Αἰγύπτου	Egypt
Αἰγύπτου	of
Χανάαν	Canaan
Χανάαν	of
Σαμουὴλ	Samuel
Σαοὺλ	Saul
Κίς	Kish
Κίς	of
Βενιαμίν	Benjamin
Βενιαμίν	of
Δαυὶδ	David
Δαυὶδ	David
Ἰεσσαί	Jesse
Ἰεσσαί	of
Ἰσραὴλ	Israel
Ἰσραὴλ	to
Ἰησοῦν	Jesus
Ἰωάννου	John
Ἰσραήλ	Israel
Ἰσραήλ	of
Ἰωάννης	John
Ἀβραὰμ	Abraham
Ἀβραὰμ	of
Ἰερουσαλὴμ	Jerusalem
Πιλᾶτον	Pilate
Γαλιλαίας	Galilee
Ἰερουσαλήμ	Jerusalem
Ἰησοῦν	Jesus
Δαυὶδ	David
Δαυὶδ	of
Δαυὶδ	David
Μωϋσέως	Moses
Μωϋσέως	of
Παύλῳ	Paul
Βαρναβᾷ	Barnabas
Παύλου	Paul
Παῦλος	Paul
Βαρναβᾶς	Barnabas
Παῦλον	Paul
Βαρναβᾶν	Barnabas
Ἰκόνιον	Iconium
Ἰκονίῳ	Iconium
Ἑλλήνων	Greeks
Λυκαονίας	Lycaonian
Λύστραν	Lystra
Δέρβην	Derbe
Λύστροις	Lystra
Παύλου	Paul
Παῦλος	Paul
Βαρναβᾶν	Barnabas
Δία	Zeus
Παῦλον	Paul
Ἑρμῆν	Hermes
Διὸς	Zeus
Διὸς	of
Βαρναβᾶς	Barnabas
Παῦλος	Paul
Ἀντιοχείας	Antioch
Ἰκονίου	Iconium
Παῦλον	Paul
Βαρναβᾷ	Barnabas
Δέρβην	Derbe
Λύστραν	Lystra
Ἰκόνιον	Iconium
Ἀντιόχειαν	Antioch
Πισιδίαν	Pisidia
Παμφυλίαν	Pamphylia
Πέργῃ	Perga
Ἀττάλειαν	Attalia
Ἀντιόχειαν	Antioch
Ἰουδαίας	Judea
Μωϋσέως	Moses
Μωϋσέως	by
Παύλῳ	Paul
Παύλῳ	by
Βαρναβᾷ	Barnabas
Παῦλον	Paul
Βαρναβᾶν	Barnabas
Ἰερουσαλὴμ	Jerusalem
Φοινίκην	Phoenicia
Σαμάρειαν	Samaria
Ἰερουσαλὴμ	Jerusalem
Φαρισαίων	Pharisees
Φαρισαίων	of
Μωϋσέως	Moses
Μωϋσέως	of
Πέτρος	Peter
Ἰησοῦ	Jesus
Βαρναβᾶ	Barnabas
Παύλου	Paul
Ἰάκωβος	James
Συμεὼν	Simeon
Δαυὶδ	David
Δαυὶδ	of
Μωϋσῆς	Moses
Ἀντιόχειαν	Antioch
Παύλῳ	Paul
Βαρναβᾷ	Barnabas
Ἰούδαν	Judas
Βαρσαββᾶν	Barsabbas
Σιλᾶν	Silas
Ἀντιόχειαν	Antioch
Συρίαν	Syria
Κιλικίαν	Cilicia
Βαρναβᾷ	Barnabas
Παύλῳ	Paul
Ἰησοῦ	Jesus
Χριστοῦ	Christ
Ἰούδαν	Judas
Σιλᾶν	Silas
Ἀντιόχειαν	Antioch
Ἰούδας	Judas
Σιλᾶς	Silas
Παῦλος	Paul
Βαρναβᾶς	Barnabas
Ἀντιοχείᾳ	Antioch
Βαρναβᾶν	Barnabas
Παῦλος	Paul
Βαρναβᾶς	Barnabas
Ἰωάννην	John
Μᾶρκον	Mark
Παῦλος	Paul
Παμφυλίας	Pamphylia
Βαρναβᾶν	Barnabas
Μᾶρκον	Mark
Κύπρον	Cyprus
Παῦλος	Paul
Σιλᾶν	Silas
Συρίαν	Syria
Κιλικίαν	Cilicia
Δέρβην	Derbe
Λύστραν	Lystra
Τιμόθεος	Timothy
Ἕλληνος	Greek
Λύστροις	Lystra
Ἰκονίῳ	Iconium
Παῦλος	Paul
Ἕλλην	Greek
Ἱεροσολύμοις	Jerusalem
Φρυγίαν	Phrygian
Ἀσίᾳ	Asia
Μυσίαν	Mysia
Βιθυνίαν	Bithynia
Ἰησοῦ	Jesus
Ἰησοῦ	of
Μυσίαν	Mysia
Τρῳάδα	Troas
Παύλῳ	Paul
Παύλῳ	to
Μακεδών	Macedonian
Μακεδονίαν	Macedonia
Μακεδονίαν	Macedonia
Τρῳάδος	Troas
Σαμοθρᾴκην	Samothrace
Φιλίππους	Philippi
Μακεδονίας	Macedonia
Μακεδονίας	of
Λυδία	Lydia
Θυατείρων	Thyatira
Θυατείρων	of
Παύλου	Paul
Παύλῳ	Paul
Παῦλος	Paul
Ἰησοῦ	Jesus
Ἰησοῦ	of
Χριστοῦ	Christ
Παῦλον	Paul
Σιλᾶν	Silas
Παῦλος	Paul
Σιλᾶς	Silas
Παῦλος	Paul
Παύλῳ	Paul
Παύλῳ	of
Σιλᾷ	Silas
Ἰησοῦν	Jesus
Παῦλον	Paul
Παῦλος	Paul
Λυδίαν	Lydia
Ἀμφίπολιν	Amphipolis
Ἀπολλωνίαν	Apollonia
Θεσσαλονίκην	Thessalonica
Παύλῳ	Paul
χριστὸν	Christ
χριστὸς	Christ
Ἰησοῦς	Jesus
Παύλῳ	Paul
Σιλᾷ	Silas
Ἑλλήνων	Greeks
Ἰάσονος	Jason’s
Ἰάσονα	Jason
Ἰάσων	Jason
Καίσαρος	Caesar
Καίσαρος	of
Ἰησοῦν	Jesus
Ἰάσονος	Jason
Παῦλον	Paul
Σιλᾶν	Silas
Βέροιαν	Berea
Θεσσαλονίκῃ	Thessalonica
Ἑλληνίδων	Greek
Ἑλληνίδων	of
Θεσσαλονίκης	Thessalonica
Βεροίᾳ	Berea
Παύλου	Paul
Παῦλον	Paul
Σιλᾶς	Silas
Τιμόθεος	Timothy
Παῦλον	Paul
Ἀθηνῶν	Athens
Σιλᾶν	Silas
Τιμόθεον	Timothy
Ἀθήναις	Athens
Παύλου	Paul
Ἐπικουρείων	Epicurean
Ἐπικουρείων	of
Ἰησοῦν	Jesus
Παῦλος	Paul
Παῦλος	Paul
Διονύσιος	Dionysius
Ἀρεοπαγίτης	Areopagite
Δάμαρις	Damaris
Ἀθηνῶν	Athens
Κόρινθον	Corinth
Ἀκύλαν	Aquila
Ἰταλίας	Italy
Πρίσκιλλαν	Priscilla
Κλαύδιον	Claudius
Ῥώμης	Rome
Ἕλληνας	Greeks
Μακεδονίας	Macedonia
Σιλᾶς	Silas
Τιμόθεος	Timothy
Παῦλος	Paul
χριστὸν	Christ
Ἰησοῦν	Jesus
Τιτίου	Titius
Ἰούστου	Justus
Κρίσπος	Crispus
Παύλῳ	Paul
Παύλῳ	to
Γαλλίωνος	Gallio
Ἀχαΐας	Achaia
Ἀχαΐας	of
Παύλῳ	Paul
Παύλου	Paul
Γαλλίων	Gallio
Σωσθένην	Sosthenes
Γαλλίωνι	Gallio
Γαλλίωνι	to
Παῦλος	Paul
Συρίαν	Syria
Πρίσκιλλα	Priscilla
Ἀκύλας	Aquila
Κεγχρεαῖς	Cenchrea
Ἔφεσον	Ephesus
Ἐφέσου	Ephesus
Καισάρειαν	Caesarea
Ἀντιόχειαν	Antioch
Φρυγίαν	Phrygia
Ἀπολλῶς	Apollos
Ἀλεξανδρεὺς	Alexandrian
Ἔφεσον	Ephesus
Ἰησοῦ	Jesus
Ἰωάννου	John
Ἰωάννου	of
Πρίσκιλλα	Priscilla
Ἀκύλας	Aquila
Ἀχαΐαν	Achaia
χριστὸν	Christ
Ἰησοῦν	Jesus
Ἀπολλῶ	Apollos
Κορίνθῳ	Corinth
Παῦλον	Paul
Ἔφεσον	Ephesus
Ἰωάννου	John
Ἰωάννου	of
Παῦλος	Paul
Ἰωάννης	John
Ἰησοῦν	Jesus
Ἰησοῦ	Jesus
Παύλου	Paul
Τυράννου	Tyrannus
Τυράννου	of
Ἀσίαν	Asia
Ἕλληνας	Greeks
Παύλου	Paul
Παύλου	of
Ἰησοῦ	Jesus
Ἰησοῦν	Jesus
Ἰησοῦν	by
Παῦλος	Paul
Σκευᾶ	Sceva
Σκευᾶ	of
Ἰησοῦν	Jesus
Παῦλον	Paul
Ἕλλησιν	Greeks
Ἔφεσον	Ephesus
Ἔφεσον	in
Ἰησοῦ	Jesus
Παῦλος	Paul
Μακεδονίαν	Macedonia
Ἀχαΐαν	Achaia
Ἱεροσόλυμα	Jerusalem
Ῥώμην	Rome
Μακεδονίαν	Macedonia
Τιμόθεον	Timothy
Ἔραστον	Erastus
Ἀσίαν	Asia
Δημήτριος	Demetrius
Ἀρτέμιδος	Artemis
Ἀρτέμιδος	of
Ἐφέσου	Ephesus
Ἐφέσου	in
Ἀσίας	Asia
Ἀσίας	of
Παῦλος	Paul
Ἀρτέμιδος	Artemis
Ἀσία	Asia
Ἄρτεμις	Artemis
Γάϊον	Gaius
Ἀρίσταρχον	Aristarchus
Μακεδόνας	Macedonians
Παύλου	Paul
Παύλου	of
Παύλου	Paul
Ἀσιαρχῶν	Asiarchs
Ἀσιαρχῶν	of
Ἀλέξανδρον	Alexander
Ἀλέξανδρος	Alexander
Ἄρτεμις	Artemis
Ἀρτέμιδος	Artemis
Ἀρτέμιδος	of
Δημήτριος	Demetrius
Παῦλος	Paul
Μακεδονίαν	Macedonia
Ἑλλάδα	Greece
Συρίαν	Syria
Μακεδονίας	Macedonia
Σώπατρος	Sopater
Θεσσαλονικέων	Thessalonica
Θεσσαλονικέων	from
Ἀρίσταρχος	Aristarchus
Σεκοῦνδος	Secundus
Γάϊος	Gaius
Τιμόθεος	Timothy
Ἀσιανοὶ	Asia
Ἀσιανοὶ	from
Τύχικος	Tychicus
Τρόφιμος	Trophimus
Τρῳάδι	Troas
Φιλίππων	Philippi
Τρῳάδα	Troas
Παῦλος	Paul
Εὔτυχος	Eutychus
Παύλου	Paul
Παῦλος	Paul
Ἆσσον	Assos
Παῦλον	Paul
Ἆσσον	Assos
Μιτυλήνην	Mitylene
Χίου	Chios
Σάμον	Samos
Μίλητον	Miletus
Παῦλος	Paul
Ἔφεσον	Ephesus
Ἀσίᾳ	Asia
Ἱεροσόλυμα	Jerusalem
Μιλήτου	Miletus
Ἔφεσον	Ephesus
Ἀσίαν	Asia
Ἕλλησιν	Greeks
Ἕλλησιν	to
Ἰησοῦν	Jesus
Ἰερουσαλὴμ	Jerusalem
Ἰησοῦ	Jesus
Ἰησοῦ	Jesus
Παύλου	Paul
Κῶ	Cos
Ῥόδον	Rhodes
Πάταρα	Patara
Φοινίκην	Phoenicia
Κύπρον	Cyprus
Συρίαν	Syria
Τύρον	Tyre
Παύλῳ	Paul
Ἱεροσόλυμα	Jerusalem
Τύρου	Tyre
Πτολεμαΐδα	Ptolemais
Καισάρειαν	Caesarea
Φιλίππου	Philip
Φιλίππου	of
Ἰουδαίας	Judea
Ἅγαβος	Agabus
Παύλου	Paul’s
Ἰερουσαλὴμ	Jerusalem
Ἰερουσαλήμ	Jerusalem
Παῦλος	Paul
Ἰερουσαλὴμ	Jerusalem
Ἰησοῦ	Jesus
Ἱεροσόλυμα	Jerusalem
Καισαρείας	Caesarea
Μνάσωνί	Mnason
Μνάσωνί	to
Κυπρίῳ	Cyprus
Κυπρίῳ	of
Ἱεροσόλυμα	Jerusalem
Παῦλος	Paul
Ἰάκωβον	James
Μωϋσέως	Moses
Παῦλος	Paul
Ἀσίας	Asia
Ἰσραηλῖται	Israelite
Ἕλληνας	Greeks
Τρόφιμον	Trophimus
Παῦλος	Paul
Παύλου	Paul
Ἰερουσαλήμ	Jerusalem
Παῦλον	Paul
Παῦλος	Paul
Παῦλος	Paul
Ταρσεὺς	Tarsus
Ταρσεὺς	from
Κιλικίας	Cilicia
Κιλικίας	in
Παῦλος	Paul
Ταρσῷ	Tarsus
Κιλικίας	Cilicia
Κιλικίας	in
Γαμαλιὴλ	Gamaliel
Γαμαλιὴλ	of
Δαμασκὸν	Damascus
Ἰερουσαλὴμ	Jerusalem
Δαμασκῷ	Damascus
Σαοὺλ	Saul
Σαούλ	Saul
Ἰησοῦς	Jesus
Ναζωραῖος	Nazarene
Δαμασκὸν	Damascus
Δαμασκόν	Damascus
Ἁνανίας	Ananias
Σαοὺλ	Saul
Ἰερουσαλὴμ	Jerusalem
Ἰερουσαλήμ	Jerusalem
Παῦλος	Paul
Παῦλος	Paul
Παῦλον	Paul
Παῦλος	Paul
Ἁνανίας	Ananias
Παῦλος	Paul
Παῦλος	Paul
Παῦλος	Paul
Σαδδουκαίων	Sadducees
Φαρισαίων	Pharisees
Φαρισαῖός	Pharisee
Φαρισαῖός	a
Φαρισαίων	Pharisees
Φαρισαίων	of
Φαρισαίων	Pharisees
Σαδδουκαίων	Sadducees
Σαδδουκαῖοι	Sadducees
Φαρισαῖοι	Pharisees
Φαρισαίων	Pharisees
Φαρισαίων	of
Παῦλος	Paul
Ἰερουσαλήμ	Jerusalem
Ῥώμην	Rome
Παῦλον	Paul
Παῦλον	Paul
Παύλου	Paul’s
Παύλῳ	Paul
Παύλῳ	to
Παῦλος	Paul
Παῦλος	Paul
Παῦλον	Paul
Καισαρείας	Caesarea
Παῦλον	Paul
Φήλικα	Felix
Κλαύδιος	Claudius
Λυσίας	Lysias
Φήλικι	Felix
Παῦλον	Paul
Ἀντιπατρίδα	Antipatris
Καισάρειαν	Caesarea
Παῦλον	Paul
Κιλικίας	Cilicia
Ἡρῴδου	Herod
Ἡρῴδου	of
Ἁνανίας	Ananias
Τερτύλλου	Tertullus
Παύλου	Paul
Τέρτυλλος	Tertullus
Φῆλιξ	Felix
Ναζωραίων	Nazarenes
Ναζωραίων	of
Παῦλος	Paul
Ἰερουσαλήμ	Jerusalem
Ἀσίας	Asia
Φῆλιξ	Felix
Λυσίας	Lysias
Φῆλιξ	Felix
Δρουσίλλῃ	Drusilla
Παῦλον	Paul
Χριστὸν	Christ
Ἰησοῦν	Jesus
Φῆλιξ	Felix
Παύλου	Paul
Φῆλιξ	Felix
Πόρκιον	Porcius
Φῆστον	Festus
Φῆλιξ	Felix
Παῦλον	Paul
Φῆστος	Festus
Ἱεροσόλυμα	Jerusalem
Καισαρείας	Caesarea
Παύλου	Paul
Ἰερουσαλήμ	Jerusalem
Φῆστος	Festus
Παῦλον	Paul
Καισάρειαν	Caesarea
Καισάρειαν	Caesarea
Παῦλον	Paul
Ἱεροσολύμων	Jerusalem
Παύλου	Paul
Καίσαρά	Caesar
Φῆστος	Festus
Παύλῳ	Paul
Παύλῳ	to
Ἱεροσόλυμα	Jerusalem
Παῦλος	Paul
Καίσαρος	Caesar
Καίσαρος	of
Καίσαρα	Caesar
Καίσαρα	to
Φῆστος	Festus
Καίσαρα	Caesar
Καίσαρα	to
Καίσαρα	Caesar
Ἀγρίππας	Agrippa
Βερνίκη	Bernice
Καισάρειαν	Caesarea
Φῆστον	Festus
Φῆστος	Festus
Παῦλον	Paul
Παῦλον	against
Φήλικος	Felix
Ἱεροσόλυμα	Jerusalem
Ἰησοῦ	Jesus
Παῦλος	Paul
Ἱεροσόλυμα	Jerusalem
Παύλου	Paul
Καίσαρα	Caesar
Ἀγρίππας	Agrippa
Φῆστον	Festus
Ἀγρίππα	Agrippa
Βερνίκης	Bernice
Φήστου	Festus
Παῦλος	Paul
Φῆστος	Festus
Ἀγρίππα	Agrippa
Ἱεροσολύμοις	Jerusalem
Ἀγρίππα	Agrippa
Ἀγρίππας	Agrippa
Παῦλον	Paul
Παῦλος	Paul
Ἀγρίππα	Agrippa
Ἱεροσολύμοις	Jerusalem
Φαρισαῖος	Pharisee
Φαρισαῖος	a
Ἰησοῦ	Jesus
Ἰησοῦ	of
Ναζωραίου	Nazarene
Ἱεροσολύμοις	Jerusalem
Δαμασκὸν	Damascus
Σαοὺλ	Saul
Σαούλ	Saul
Ἰησοῦς	Jesus
σατανᾶ	Satan
σατανᾶ	of
Ἀγρίππα	Agrippa
Δαμασκῷ	Damascus
Ἱεροσολύμοις	Jerusalem
Ἱεροσολύμοις	in
Ἰουδαίας	Judea
Ἰουδαίας	of
Μωϋσῆς	Moses
χριστός	Christ
Φῆστος	Festus
Παῦλε	Paul
Παῦλος	Paul
Φῆστε	Festus
Ἀγρίππα	Agrippa
Ἀγρίππας	Agrippa
Παῦλον	Paul
Χριστιανὸν	Christian
Χριστιανὸν	a
Παῦλος	Paul
Βερνίκη	Bernice
Ἀγρίππας	Agrippa
Φήστῳ	Festus
Φήστῳ	to
Καίσαρα	Caesar
Καίσαρα	to
Ἰταλίαν	Italy
Παῦλον	Paul
Ἰουλίῳ	Julius
Ἀσίαν	Asia
Ἀριστάρχου	Aristarchus
Μακεδόνος	Macedonian
Μακεδόνος	a
Θεσσαλονικέως	Thessalonica
Θεσσαλονικέως	from
Σιδῶνα	Sidon
Ἰούλιος	Julius
Παύλῳ	Paul
Κύπρον	Cyprus
Κιλικίαν	Cilicia
Παμφυλίαν	Pamphylia
Λυκίας	Lycia
Λυκίας	in
Ἰταλίαν	Italy
Κνίδον	Cnidus
Κρήτην	Crete
Σαλμώνην	Salmone
Λασαία	Lasea
Παῦλος	Paul
Παύλου	Paul
Φοίνικα	Phoenix
Κρήτης	Crete
Κρήτης	of
Κρήτην	Crete
εὐρακύλων	northeaster
Καῦδα	Cauda
Σύρτιν	Syrtis
Παῦλος	Paul
Κρήτης	Crete
Παῦλε	Paul
Καίσαρί	Caesar
Ἀδρίᾳ	Adriatic
Ἀδρίᾳ	Sea
Παῦλος	Paul
Παῦλος	Paul
Παῦλον	Paul
Μελίτη	Malta
Παύλου	Paul
Ποπλίῳ	Publius
Ποπλίου	Publius
Ποπλίου	of
Παῦλος	Paul
Διοσκούροις	twin
Διοσκούροις	with
Διοσκούροις	gods
Διοσκούροις	Castor
Διοσκούροις	and
Διοσκούροις	Pollux
Συρακούσας	Syracuse
Ῥήγιον	Rhegium
Ποτιόλους	Puteoli
Ῥώμην	Rome
Ἀππίου	Appius
Ἀππίου	of
Παῦλος	Paul
Ῥώμην	Rome
Παύλῳ	Paul
Ἱεροσολύμων	Jerusalem
Καίσαρα	Caesar
Καίσαρα	to
Ἰσραὴλ	Israel
Ἰσραὴλ	of
Ἰουδαίας	Judea
Ἰησοῦ	Jesus
Μωϋσέως	Moses
Μωϋσέως	of
Παύλου	Paul
Ἠσαΐου	Isaiah
Ἰησοῦ	Jesus
Χριστοῦ	Christ
Παῦλος	Paul
Χριστοῦ	Christ
Χριστοῦ	of
Ἰησοῦ	Jesus
Δαυὶδ	David
Δαυὶδ	of
Ἰησοῦ	Jesus
Χριστοῦ	Christ
Χριστοῦ	of
Ἰησοῦ	Jesus
Χριστοῦ	Christ
Χριστοῦ	of
Ῥώμῃ	Rome
Ἰησοῦ	Jesus
Χριστοῦ	Christ
Ἰησοῦ	Jesus
Χριστοῦ	Christ
Ἕλλησίν	Greeks
Ἕλλησίν	to
Ῥώμῃ	Rome
Ἕλληνι	Greek
Ἕλληνι	to
Ἕλληνος	Greek
Ἕλληνος	of
Ἕλληνι	Greek
Ἕλληνι	to
Χριστοῦ	Christ
Ἰησοῦ	Jesus
Ἕλληνας	Greeks
Ἰησοῦ	Jesus
Ἰησοῦ	in
Χριστοῦ	Christ
Χριστῷ	Christ
Ἰησοῦ	Jesus
Ἰησοῦ	Jesus
Ἰησοῦ	in
Ἀβραὰμ	Abraham
Ἀβραὰμ	Abraham
Ἀβραὰμ	Abraham
Δαυὶδ	David
Ἀβραὰμ	Abraham
Ἀβραὰμ	to
Ἀβραάμ	Abraham
Ἀβραὰμ	Abraham
Ἀβραὰμ	to
Ἀβραάμ	Abraham
Ἀβραάμ	of
Σάρρας	Sarah’s
Ἰησοῦν	Jesus
Ἰησοῦ	Jesus
Χριστοῦ	Christ
Χριστὸς	Christ
Χριστὸς	Christ
Ἰησοῦ	Jesus
Χριστοῦ	Christ
Ἀδὰμ	Adam
Μωϋσέως	Moses
Ἀδὰμ	Adam
Ἀδὰμ	of
Ἰησοῦ	Jesus
Χριστοῦ	Christ
Ἰησοῦ	Jesus
Χριστοῦ	Christ
Ἰησοῦ	Jesus
Χριστοῦ	Christ
Χριστὸν	Christ
Ἰησοῦν	Jesus
Χριστὸς	Christ
Χριστῷ	Christ
Χριστὸς	Christ
Χριστῷ	Christ
Ἰησοῦ	Jesus
Χριστῷ	Christ
Ἰησοῦ	Jesus
Χριστοῦ	Christ
Χριστοῦ	of
Ἰησοῦ	Jesus
Χριστοῦ	Christ
Χριστῷ	Christ
Ἰησοῦ	Jesus
Χριστῷ	Christ
Ἰησοῦ	Jesus
Χριστοῦ	Christ
Χριστοῦ	of
Χριστὸς	Christ
Ἰησοῦν	Jesus
Χριστὸν	Christ
Χριστοῦ	Christ
Χριστοῦ	with
Χριστὸς	Christ
Χριστοῦ	Christ
Χριστοῦ	of
Χριστῷ	Christ
Ἰησοῦ	Jesus
Χριστῷ	Christ
Χριστοῦ	Christ
Ἰσραηλῖται	Israelites
Χριστὸς	Christ
Ἰσραὴλ	Israel
Ἰσραήλ	Israel
Ἀβραὰμ	Abraham
Ἀβραὰμ	of
Ἰσαὰκ	Isaac
Σάρρᾳ	Sarah
Ῥεβέκκα	Rebecca
Ἰσαὰκ	Isaac
Ἰακὼβ	Jacob
Ἠσαῦ	Esau
Μωϋσεῖ	Moses
Μωϋσεῖ	to
Φαραὼ	Pharaoh
Φαραὼ	to
Ὡσηὲ	Hosea
Ἠσαΐας	Isaiah
Ἰσραήλ	Israel
Ἰσραὴλ	Israel
Ἰσραὴλ	of
Ἠσαΐας	Isaiah
σαβαὼθ	hosts
σαβαὼθ	of
Σόδομα	Sodom
Γόμορρα	Gomorrah
Ἰσραὴλ	Israel
Σιὼν	Zion
Χριστὸς	Christ
Μωϋσῆς	Moses
Ἰησοῦν	Jesus
Ἕλληνος	Greek
Ἠσαΐας	Isaiah
Χριστοῦ	Christ
Χριστοῦ	about
Ἰσραὴλ	Israel
Μωϋσῆς	Moses
Ἠσαΐας	Isaiah
Ἰσραὴλ	Israel
Ἰσραηλίτης	Israelite
Ἰσραηλίτης	an
Ἀβραάμ	Abraham
Ἀβραάμ	of
Βενιαμίν	Benjamin
Βενιαμίν	of
Ἠλίᾳ	Elijah
Ἰσραήλ	Israel
Βάαλ	Baal
Βάαλ	to
Ἰσραήλ	Israel
Δαυὶδ	David
Ἰσραὴλ	Israel
Ἰσραὴλ	to
Ἰσραὴλ	Israel
Σιὼν	Zion
Ἰακώβ	Jacob
Χριστῷ	Christ
Ἰησοῦν	Jesus
Χριστὸν	Christ
Χριστὸς	Christ
Ἰησοῦ	Jesus
Χριστὸς	Christ
Χριστῷ	Christ
Χριστὸς	Christ
Χριστὸν	Christ
Ἰησοῦν	Jesus
Ἰησοῦ	Jesus
Χριστοῦ	Christ
Χριστὸς	Christ
Χριστὸν	Christ
Ἠσαΐας	Isaiah
Ἰεσσαὶ	Jesse
Ἰεσσαὶ	of
Χριστοῦ	Christ
Χριστοῦ	of
Ἰησοῦ	Jesus
Χριστῷ	Christ
Ἰησοῦ	Jesus
Χριστὸς	Christ
Ἰερουσαλὴμ	Jerusalem
Ἰλλυρικοῦ	Illyricum
Χριστοῦ	Christ
Χριστοῦ	of
Χριστός	Christ
Σπανίαν	Spain
Ἰερουσαλὴμ	Jerusalem
Μακεδονία	Macedonia
Ἀχαΐα	Achaia
Ἰερουσαλήμ	Jerusalem
Σπανίαν	Spain
Χριστοῦ	Christ
Χριστοῦ	of
Ἰησοῦ	Jesus
Χριστοῦ	Christ
Ἰουδαίᾳ	Judea
Ἰερουσαλὴμ	Jerusalem
Φοίβην	Phoebe
Κεγχρεαῖς	Cenchrea
Πρίσκαν	Prisca
Ἀκύλαν	Aquila
Χριστῷ	Christ
Ἰησοῦ	Jesus
Ἐπαίνετον	Epenetus
Ἀσίας	Asia
Ἀσίας	of
Χριστόν	Christ
Μαρίαν	Mary
Ἀνδρόνικον	Andronicus
Ἰουνίαν	Junia
Χριστῷ	Christ
Ἀμπλιᾶτον	Ampliatus
Οὐρβανὸν	Urbanus
Χριστῷ	Christ
Ἀπελλῆν	Apelles
Χριστῷ	Christ
Ἀριστοβούλου	Aristobulus
Ἀριστοβούλου	of
Ἡρῳδίωνα	Herodion
Ναρκίσσου	Narcissus
Ναρκίσσου	of
Τρύφαιναν	Tryphena
Τρυφῶσαν	Tryphosa
Περσίδα	Persis
Ῥοῦφον	Rufus
Ἀσύγκριτον	Asyncritus
Φλέγοντα	Phlegon
Ἑρμῆν	Hermes
Πατροβᾶν	Patrobas
Ἑρμᾶν	Hermas
Φιλόλογον	Philologus
Ἰουλίαν	Julia
Νηρέα	Nereus
Ὀλυμπᾶν	Olympas
Χριστοῦ	Christ
Χριστοῦ	of
Χριστῷ	Christ
σατανᾶν	Satan
Ἰησοῦ	Jesus
Τιμόθεος	Timothy
Λούκιος	Lucius
Ἰάσων	Jason
Σωσίπατρος	Sosipater
Τέρτιος	Tertius
Γάϊος	Gaius
Ἔραστος	Erastus
Κούαρτος	Quartus
Παῦλος	Paul
Χριστοῦ	Christ
Χριστοῦ	of
Ἰησοῦ	Jesus
Σωσθένης	Sosthenes
Κορίνθῳ	Corinth
Χριστῷ	Christ
Ἰησοῦ	Jesus
Ἰησοῦ	Jesus
Χριστοῦ	Christ
Ἰησοῦ	Jesus
Χριστοῦ	Christ
Χριστῷ	Christ
Ἰησοῦ	Jesus
Χριστοῦ	Christ
Χριστοῦ	about
Ἰησοῦ	Jesus
Χριστοῦ	Christ
Ἰησοῦ	Jesus
Χριστοῦ	Christ
Ἰησοῦ	Jesus
Χριστοῦ	Christ
Ἰησοῦ	Jesus
Χριστοῦ	Christ
Χλόης	Chloe’s
Παύλου	Paul
Παύλου	with
Ἀπολλῶ	Apollos
Ἀπολλῶ	with
Κηφᾶ	Cephas
Κηφᾶ	with
Χριστοῦ	Christ
Χριστοῦ	with
Χριστός	Christ
Παῦλος	Paul
Παύλου	Paul
Παύλου	of
Κρίσπον	Crispus
Γάϊον	Gaius
Στεφανᾶ	Stephanas
Στεφανᾶ	of
Χριστὸς	Christ
Χριστοῦ	Christ
Χριστοῦ	of
Ἕλληνες	Greeks
Χριστὸν	Christ
Ἕλλησιν	Greeks
Χριστὸν	Christ
Χριστῷ	Christ
Ἰησοῦ	Jesus
Ἰησοῦν	Jesus
Χριστὸν	Christ
Χριστοῦ	Christ
Χριστοῦ	of
Χριστῷ	Christ
Παύλου	Paul
Παύλου	with
Ἀπολλῶ	Apollos
Ἀπολλῶ	with
Ἀπολλῶς	Apollos
Παῦλος	Paul
Ἀπολλῶς	Apollos
Ἰησοῦς	Jesus
Χριστός	Christ
Παῦλος	Paul
Ἀπολλῶς	Apollos
Κηφᾶς	Cephas
Χριστοῦ	Christ’s
Χριστὸς	Christ
Χριστοῦ	Christ
Χριστοῦ	of
Ἀπολλῶν	Apollos
Χριστόν	Christ
Χριστῷ	Christ
Χριστῷ	Christ
Χριστῷ	Christ
Ἰησοῦ	Jesus
Τιμόθεον	Timothy
Χριστῷ	Christ
Ἰησοῦ	Jesus
Ἰησοῦ	Jesus
Ἰησοῦ	Jesus
σατανᾷ	Satan
σατανᾷ	to
Χριστός	Christ
Ἰησοῦ	Jesus
Χριστοῦ	Christ
Χριστοῦ	of
Χριστοῦ	Christ
Χριστοῦ	of
σατανᾶς	Satan
Χριστοῦ	Christ
Χριστοῦ	of
Ἰησοῦς	Jesus
Χριστὸς	Christ
Χριστὸς	Christ
Χριστὸν	Christ
Ἰησοῦν	Jesus
Κηφᾶς	Cephas
Βαρναβᾶς	Barnabas
Μωϋσέως	Moses
Μωϋσέως	of
Χριστοῦ	Christ
Χριστοῦ	of
Μωϋσῆν	Moses
Χριστός	Christ
Χριστόν	Christ
Χριστοῦ	Christ
Χριστοῦ	of
Χριστοῦ	Christ
Χριστοῦ	of
Ἰσραὴλ	Israel
Ἕλλησιν	Greeks
Ἕλλησιν	to
Χριστοῦ	Christ
Χριστοῦ	of
Χριστός	Christ
Χριστοῦ	Christ
Χριστοῦ	of
Ἰησοῦς	Jesus
Ἰησοῦς	Jesus
Ἰησοῦς	Jesus
Χριστός	Christ
Ἕλληνες	Greeks
Χριστοῦ	Christ
Χριστοῦ	of
Χριστὸς	Christ
Κηφᾷ	Cephas
Κηφᾷ	to
Ἰακώβῳ	James
Ἰακώβῳ	to
Χριστὸς	Christ
Χριστὸς	Christ
Χριστὸς	Christ
Χριστόν	Christ
Χριστὸς	Christ
Χριστὸς	Christ
Χριστῷ	Christ
Χριστῷ	Christ
Χριστὸς	Christ
Ἀδὰμ	Adam
Χριστῷ	Christ
Χριστός	Christ
Χριστοῦ	Christ’s
Χριστῷ	Christ
Ἰησοῦ	Jesus
Ἐφέσῳ	Ephesus
Ἀδὰμ	Adam
Ἀδὰμ	Adam
Ἰησοῦ	Jesus
Χριστοῦ	Christ
Γαλατίας	Galatia
Γαλατίας	of
Ἰερουσαλήμ	Jerusalem
Μακεδονίαν	Macedonia
Ἐφέσῳ	Ephesus
Τιμόθεος	Timothy
Ἀπολλῶ	Apollos
Στεφανᾶ	Stephanas
Στεφανᾶ	of
Ἀχαΐας	Achaia
Ἀχαΐας	of
Στεφανᾶ	Stephanas
Στεφανᾶ	of
Φορτουνάτου	Fortunatus
Ἀχαϊκοῦ	Achaicus
Ἀσίας	Asia
Ἀσίας	of
Ἀκύλας	Aquila
Πρίσκα	Prisca
Παύλου	Paul’s
Ἰησοῦ	Jesus
Χριστῷ	Christ
Ἰησοῦ	Jesus
Παῦλος	Paul
Χριστοῦ	Christ
Χριστοῦ	of
Ἰησοῦ	Jesus
Τιμόθεος	Timothy
Κορίνθῳ	Corinth
Ἀχαΐᾳ	Achaia
Ἰησοῦ	Jesus
Χριστοῦ	Christ
Ἰησοῦ	Jesus
Χριστοῦ	Christ
Χριστοῦ	Christ
Χριστοῦ	of
Χριστοῦ	Christ
Ἀσίᾳ	Asia
Ἰησοῦ	Jesus
Μακεδονίαν	Macedonia
Μακεδονίας	Macedonia
Ἰουδαίαν	Judea
Ἰησοῦς	Jesus
Χριστὸς	Christ
Σιλουανοῦ	Silvanus
Τιμοθέου	Timothy
Χριστὸν	Christ
Κόρινθον	Corinth
Χριστοῦ	Christ
Χριστοῦ	of
σατανᾶ	Satan
Τρῳάδα	Troas
Χριστοῦ	Christ
Χριστοῦ	of
Τίτον	Titus
Μακεδονίαν	Macedonia
Χριστῷ	Christ
Χριστοῦ	Christ
Χριστοῦ	of
Χριστῷ	Christ
Χριστοῦ	Christ
Χριστοῦ	of
Χριστοῦ	Christ
Ἰσραὴλ	Israel
Ἰσραὴλ	of
Μωϋσέως	Moses
Μωϋσέως	of
Μωϋσῆς	Moses
Ἰσραὴλ	Israel
Ἰσραὴλ	of
Χριστῷ	Christ
Μωϋσῆς	Moses
Χριστοῦ	Christ
Χριστοῦ	of
Ἰησοῦν	Jesus
Χριστὸν	Christ
Ἰησοῦν	Jesus
Χριστοῦ	Christ
Χριστοῦ	of
Ἰησοῦ	Jesus
Ἰησοῦ	of
Ἰησοῦ	Jesus
Ἰησοῦ	of
Ἰησοῦν	Jesus
Ἰησοῦ	Jesus
Ἰησοῦ	of
Ἰησοῦν	Jesus
Ἰησοῦ	Jesus
Χριστοῦ	Christ
Χριστοῦ	of
Χριστοῦ	Christ
Χριστοῦ	of
Χριστόν	Christ
Χριστῷ	Christ
Χριστοῦ	Christ
Χριστῷ	Christ
Χριστοῦ	Christ
Χριστοῦ	Christ
Χριστοῦ	Christ
Βελιάρ	Beliar
Μακεδονίαν	Macedonia
Τίτου	Titus
Τίτου	of
Τίτου	Titus
Τίτου	of
Τίτου	Titus
Μακεδονίας	Macedonia
Μακεδονίας	of
Τίτον	Titus
Ἰησοῦ	Jesus
Χριστοῦ	Christ
Τίτου	Titus
Τίτου	of
Τίτου	Titus
Χριστοῦ	Christ
Χριστοῦ	of
Μακεδόσιν	Macedonians
Μακεδόσιν	to
Ἀχαΐα	Achaia
Μακεδόνες	Macedonians
Χριστοῦ	Christ
Χριστοῦ	of
Παῦλος	Paul
Χριστοῦ	Christ
Χριστοῦ	of
Χριστοῦ	Christ
Χριστοῦ	of
Χριστοῦ	Christ’s
Χριστοῦ	Christ
Χριστοῦ	Christ
Χριστοῦ	of
Χριστῷ	Christ
Χριστῷ	to
Εὕαν	Eve
Χριστόν	Christ
Ἰησοῦν	Jesus
Μακεδονίας	Macedonia
Χριστοῦ	Christ
Χριστοῦ	of
Ἀχαΐας	Achaia
Ἀχαΐας	of
Χριστοῦ	Christ
Χριστοῦ	of
σατανᾶς	Satan
Ἰσραηλῖταί	Israelites
Ἀβραάμ	Abraham
Ἀβραάμ	of
Χριστοῦ	Christ
Χριστοῦ	of
Ἰησοῦ	Jesus
Δαμασκῷ	Damascus
Ἁρέτα	Aretas
Ἁρέτα	under
Χριστῷ	Christ
σατανᾶ	Satan
σατανᾶ	of
Χριστοῦ	Christ
Χριστοῦ	of
Χριστοῦ	Christ
Τίτον	Titus
Τίτος	Titus
Χριστῷ	Christ
Χριστοῦ	Christ
Ἰησοῦς	Jesus
Χριστὸς	Christ
Ἰησοῦ	Jesus
Χριστοῦ	Christ
Παῦλος	Paul
Ἰησοῦ	Jesus
Χριστοῦ	Christ
Γαλατίας	Galatia
Γαλατίας	of
Ἰησοῦ	Jesus
Χριστοῦ	Christ
Χριστοῦ	Christ
Χριστοῦ	of
Χριστοῦ	Christ
Χριστοῦ	of
Χριστοῦ	Christ
Χριστοῦ	of
Ἰησοῦ	Jesus
Ἰησοῦ	of
Χριστοῦ	Christ
Ἰουδαϊσμῷ	Judaism
Ἰουδαϊσμῷ	Judaism
Ἱεροσόλυμα	Jerusalem
Ἀραβίαν	Arabia
Δαμασκόν	Damascus
Ἱεροσόλυμα	Jerusalem
Κηφᾶν	Cephas
Κηφᾶν	with
Ἰάκωβον	James
Συρίας	Syria
Συρίας	of
Κιλικίας	Cilicia
Κιλικίας	of
Ἰουδαίας	Judea
Ἰουδαίας	of
Χριστῷ	Christ
Ἱεροσόλυμα	Jerusalem
Βαρναβᾶ	Barnabas
Τίτον	Titus
Τίτος	Titus
Ἕλλην	Greek
Ἕλλην	a
Χριστῷ	Christ
Ἰησοῦ	Jesus
Πέτρος	Peter
Πέτρῳ	Peter
Πέτρῳ	through
Ἰάκωβος	James
Κηφᾶς	Cephas
Ἰωάννης	John
Βαρναβᾷ	Barnabas
Κηφᾶς	Cephas
Ἀντιόχειαν	Antioch
Ἰακώβου	James
Βαρναβᾶς	Barnabas
Κηφᾷ	Cephas
Κηφᾷ	to
Ἰησοῦ	Jesus
Ἰησοῦ	in
Χριστοῦ	Christ
Χριστὸν	Christ
Ἰησοῦν	Jesus
Χριστοῦ	Christ
Χριστοῦ	in
Χριστῷ	Christ
Χριστὸς	Christ
Χριστῷ	Christ
Χριστῷ	with
Χριστός	Christ
Χριστὸς	Christ
Γαλάται	Galatians
Ἰησοῦς	Jesus
Χριστὸς	Christ
Ἀβραὰμ	Abraham
Ἀβραάμ	Abraham
Ἀβραάμ	of
Ἀβραὰμ	Abraham
Ἀβραὰμ	to
Ἀβραάμ	Abraham
Χριστὸς	Christ
Ἀβραὰμ	Abraham
Ἀβραὰμ	of
Χριστῷ	Christ
Ἰησοῦ	Jesus
Ἀβραὰμ	Abraham
Ἀβραὰμ	to
Χριστός	Christ
Ἀβραὰμ	Abraham
Ἀβραὰμ	to
Ἰησοῦ	Jesus
Ἰησοῦ	in
Χριστοῦ	Christ
Χριστόν	Christ
Χριστῷ	Christ
Ἰησοῦ	Jesus
Χριστὸν	Christ
Χριστὸν	Christ
Ἕλλην	Greek
Χριστῷ	Christ
Ἰησοῦ	Jesus
Χριστοῦ	Christ’s
Ἀβραὰμ	Abraham
Ἀβραὰμ	of
Χριστὸν	Christ
Ἰησοῦν	Jesus
Χριστὸς	Christ
Ἀβραὰμ	Abraham
Σινᾶ	Sinai
Ἁγάρ	Hagar
Ἁγὰρ	Hagar
Σινᾶ	Sinai
Ἀραβίᾳ	Arabia
Ἰερουσαλήμ	Jerusalem
Ἰερουσαλήμ	to
Ἰερουσαλὴμ	Jerusalem
Ἰσαὰκ	Isaac
Χριστὸς	Christ
Παῦλος	Paul
Χριστὸς	Christ
Χριστοῦ	Christ
Χριστῷ	Christ
Ἰησοῦ	Jesus
Χριστοῦ	Christ
Χριστοῦ	Christ
Χριστοῦ	of
Χριστοῦ	Christ
Χριστοῦ	of
Ἰησοῦ	Jesus
Χριστοῦ	Christ
Ἰσραὴλ	Israel
Ἰησοῦ	Jesus
Ἰησοῦ	of
Ἰησοῦ	Jesus
Χριστοῦ	Christ
Παῦλος	Paul
Χριστοῦ	Christ
Χριστοῦ	of
Ἰησοῦ	Jesus
Ἐφέσῳ	Ephesus
Χριστῷ	Christ
Ἰησοῦ	Jesus
Ἰησοῦ	Jesus
Χριστοῦ	Christ
Ἰησοῦ	Jesus
Χριστοῦ	Christ
Χριστῷ	Christ
Ἰησοῦ	Jesus
Χριστοῦ	Christ
Χριστῷ	Christ
Χριστῷ	Christ
Ἰησοῦ	Jesus
Ἰησοῦ	Jesus
Χριστοῦ	Christ
Χριστῷ	Christ
Χριστῷ	Christ
Χριστῷ	Christ
Ἰησοῦ	Jesus
Χριστῷ	Christ
Ἰησοῦ	Jesus
Χριστῷ	Christ
Ἰησοῦ	Jesus
Χριστοῦ	Christ
Ἰσραὴλ	Israel
Ἰσραὴλ	of
Χριστῷ	Christ
Ἰησοῦ	Jesus
Χριστοῦ	Christ
Χριστοῦ	of
Χριστοῦ	Christ
Ἰησοῦ	Jesus
Παῦλος	Paul
Χριστοῦ	Christ
Χριστοῦ	of
Ἰησοῦ	Jesus
Χριστοῦ	Christ
Χριστοῦ	of
Χριστῷ	Christ
Ἰησοῦ	Jesus
Χριστοῦ	Christ
Χριστοῦ	of
Χριστῷ	Christ
Ἰησοῦ	Jesus
Χριστὸν	Christ
Χριστοῦ	Christ
Χριστοῦ	of
Χριστῷ	Christ
Ἰησοῦ	Jesus
Χριστοῦ	Christ’s
Χριστοῦ	Christ
Χριστοῦ	of
Χριστοῦ	Christ
Χριστοῦ	of
Χριστός	Christ
Χριστόν	Christ
Χριστῷ	Christ
Χριστὸς	Christ
Χριστοῦ	Christ
Χριστοῦ	of
Χριστός	Christ
Ἰησοῦ	Jesus
Χριστοῦ	Christ
Χριστοῦ	Christ
Χριστοῦ	for
Χριστὸς	Christ
Χριστῷ	Christ
Χριστῷ	to
Χριστὸς	Christ
Χριστὸς	Christ
Χριστὸν	Christ
Χριστῷ	Christ
Χριστῷ	to
Χριστοῦ	Christ
Χριστοῦ	of
Τύχικος	Tychicus
Ἰησοῦ	Jesus
Χριστοῦ	Christ
Ἰησοῦν	Jesus
Χριστὸν	Christ
Παῦλος	Paul
Τιμόθεος	Timothy
Χριστοῦ	Christ
Χριστοῦ	of
Ἰησοῦ	Jesus
Χριστῷ	Christ
Ἰησοῦ	Jesus
Φιλίπποις	Philippi
Ἰησοῦ	Jesus
Χριστοῦ	Christ
Χριστοῦ	Christ
Χριστοῦ	of
Ἰησοῦ	Jesus
Χριστοῦ	Christ
Χριστοῦ	of
Ἰησοῦ	Jesus
Χριστοῦ	Christ
Χριστοῦ	of
Ἰησοῦ	Jesus
Χριστοῦ	Christ
Χριστῷ	Christ
Χριστὸν	Christ
Χριστὸν	Christ
Χριστὸς	Christ
Ἰησοῦ	Jesus
Ἰησοῦ	of
Χριστοῦ	Christ
Χριστὸς	Christ
Χριστὸς	Christ
Χριστῷ	Christ
Χριστῷ	Christ
Ἰησοῦ	Jesus
Χριστοῦ	Christ
Χριστοῦ	of
Χριστοῦ	Christ
Χριστῷ	Christ
Χριστῷ	Christ
Ἰησοῦ	Jesus
Ἰησοῦ	Jesus
Ἰησοῦ	of
Ἰησοῦς	Jesus
Χριστὸς	Christ
Χριστοῦ	Christ
Χριστοῦ	of
Ἰησοῦ	Jesus
Τιμόθεον	Timothy
Ἰησοῦ	Jesus
Ἰησοῦ	of
Χριστοῦ	Christ
Ἐπαφρόδιτον	Epaphroditus
Χριστοῦ	Christ
Χριστοῦ	of
Χριστῷ	Christ
Ἰησοῦ	Jesus
Ἰσραήλ	Israel
Ἰσραήλ	of
Βενιαμίν	Benjamin
Βενιαμίν	of
Φαρισαῖος	Pharisee
Φαρισαῖος	a
Χριστὸν	Christ
Χριστοῦ	Christ
Χριστοῦ	of
Ἰησοῦ	Jesus
Χριστὸν	Christ
Χριστοῦ	Christ
Χριστοῦ	in
Χριστοῦ	Christ
Χριστῷ	Christ
Ἰησοῦ	Jesus
Χριστοῦ	Christ
Χριστοῦ	of
Ἰησοῦν	Jesus
Χριστόν	Christ
Εὐοδίαν	Euodia
Συντύχην	Syntyche
Χριστῷ	Christ
Ἰησοῦ	Jesus
Φιλιππήσιοι	Philippians
Μακεδονίας	Macedonia
Θεσσαλονίκῃ	Thessalonica
Ἐπαφροδίτου	Epaphroditus
Χριστῷ	Christ
Ἰησοῦ	Jesus
Χριστῷ	Christ
Ἰησοῦ	Jesus
Καίσαρος	Caesar’s
Ἰησοῦ	Jesus
Χριστοῦ	Christ
Παῦλος	Paul
Χριστοῦ	Christ
Χριστοῦ	of
Ἰησοῦ	Jesus
Τιμόθεος	Timothy
Κολοσσαῖς	Colossae
Χριστῷ	Christ
Ἰησοῦ	Jesus
Χριστοῦ	Christ
Χριστῷ	Christ
Ἰησοῦ	Jesus
Ἐπαφρᾶ	Epaphras
Χριστοῦ	Christ
Χριστοῦ	of
Παῦλος	Paul
Χριστοῦ	Christ
Χριστοῦ	of
Χριστὸς	Christ
Χριστῷ	Christ
Λαοδικείᾳ	Laodicea
Χριστοῦ	Christ
Χριστὸν	Christ
Χριστὸν	Christ
Ἰησοῦν	Jesus
Χριστόν	Christ
Χριστοῦ	Christ
Χριστοῦ	of
Χριστοῦ	Christ
Χριστῷ	Christ
Χριστῷ	Christ
Χριστός	Christ
Χριστῷ	Christ
Χριστὸς	Christ
Ἕλλην	Greek
Σκύθης	Scythian
Χριστός	Christ
Χριστοῦ	Christ
Χριστοῦ	of
Χριστοῦ	Christ
Χριστοῦ	of
Ἰησοῦ	Jesus
Χριστῷ	Christ
Χριστοῦ	Christ
Χριστοῦ	of
Τύχικος	Tychicus
Ὀνησίμῳ	Onesimus
Ἀρίσταρχος	Aristarchus
Μᾶρκος	Mark
Βαρναβᾶ	Barnabas
Βαρναβᾶ	of
Ἰησοῦς	Jesus
Ἰοῦστος	Justus
Ἐπαφρᾶς	Epaphras
Χριστοῦ	Christ
Χριστοῦ	of
Λαοδικείᾳ	Laodicea
Ἱεραπόλει	Hierapolis
Λουκᾶς	Luke
Δημᾶς	Demas
Λαοδικείᾳ	Laodicea
Νύμφαν	Nympha
Λαοδικέων	Laodicean
Λαοδικείας	Laodicea
Ἀρχίππῳ	Archippus
Παύλου	Paul’s
Παῦλος	Paul
Σιλουανὸς	Silvanus
Τιμόθεος	Timothy
Θεσσαλονικέων	Thessalonians
Θεσσαλονικέων	of
Ἰησοῦ	Jesus
Χριστῷ	Christ
Ἰησοῦ	Jesus
Χριστοῦ	Christ
Μακεδονίᾳ	Macedonia
Ἀχαΐᾳ	Achaia
Μακεδονίᾳ	Macedonia
Ἀχαΐᾳ	Achaia
Ἰησοῦν	Jesus
Φιλίπποις	Philippi
Χριστοῦ	Christ
Χριστοῦ	of
Ἰουδαίᾳ	Judea
Χριστῷ	Christ
Ἰησοῦ	Jesus
Ἰησοῦν	Jesus
Παῦλος	Paul
σατανᾶς	Satan
Ἰησοῦ	Jesus
Ἀθήναις	Athens
Τιμόθεον	Timothy
Χριστοῦ	Christ
Χριστοῦ	of
Τιμοθέου	Timothy
Ἰησοῦς	Jesus
Ἰησοῦ	Jesus
Ἰησοῦ	Jesus
Ἰησοῦ	Jesus
Μακεδονίᾳ	Macedonia
Μακεδονίᾳ	of
Ἰησοῦς	Jesus
Ἰησοῦ	Jesus
Χριστῷ	Christ
Ἰησοῦ	Jesus
Χριστοῦ	Christ
Χριστῷ	Christ
Ἰησοῦ	Jesus
Ἰησοῦ	Jesus
Χριστοῦ	Christ
Ἰησοῦ	Jesus
Χριστοῦ	Christ
Παῦλος	Paul
Σιλουανὸς	Silvanus
Τιμόθεος	Timothy
Θεσσαλονικέων	Thessalonians
Θεσσαλονικέων	of
Ἰησοῦ	Jesus
Χριστῷ	Christ
Ἰησοῦ	Jesus
Χριστοῦ	Christ
Ἰησοῦ	Jesus
Ἰησοῦ	Jesus
Ἰησοῦ	Jesus
Ἰησοῦ	Jesus
Χριστοῦ	Christ
Ἰησοῦ	Jesus
Χριστοῦ	Christ
Ἰησοῦς	Jesus
σατανᾶ	Satan
σατανᾶ	of
Ἰησοῦ	Jesus
Χριστοῦ	Christ
Ἰησοῦς	Jesus
Χριστὸς	Christ
Χριστοῦ	Christ
Χριστοῦ	of
Ἰησοῦ	Jesus
Χριστοῦ	Christ
Ἰησοῦ	Jesus
Χριστῷ	Christ
Παύλου	Paul’s
Ἰησοῦ	Jesus
Χριστοῦ	Christ
Παῦλος	Paul
Χριστοῦ	Christ
Χριστοῦ	of
Ἰησοῦ	Jesus
Χριστοῦ	Christ
Χριστοῦ	of
Ἰησοῦ	Jesus
Τιμοθέῳ	Timothy
Τιμοθέῳ	to
Χριστοῦ	Christ
Ἰησοῦ	Jesus
Ἐφέσῳ	Ephesus
Μακεδονίαν	Macedonia
Χριστῷ	Christ
Ἰησοῦ	Jesus
Χριστῷ	Christ
Ἰησοῦ	Jesus
Χριστὸς	Christ
Ἰησοῦς	Jesus
Χριστὸς	Christ
Ἰησοῦς	Jesus
Τιμόθεε	Timothy
Ὑμέναιος	Hymenaeus
Ἀλέξανδρος	Alexander
σατανᾷ	Satan
σατανᾷ	to
Χριστὸς	Christ
Ἰησοῦς	Jesus
Ἀδὰμ	Adam
Εὕα	Eve
Ἀδὰμ	Adam
Χριστῷ	Christ
Ἰησοῦ	Jesus
Χριστοῦ	Christ
Χριστοῦ	of
Ἰησοῦ	Jesus
Χριστοῦ	Christ
Χριστοῦ	from
σατανᾶ	Satan
Χριστοῦ	Christ
Ἰησοῦ	Jesus
Ἰησοῦ	Jesus
Χριστοῦ	Christ
Χριστοῦ	Christ
Ἰησοῦ	Jesus
Ποντίου	Pontius
Πιλάτου	Pilate
Ἰησοῦ	Jesus
Χριστοῦ	Christ
Τιμόθεε	Timothy
Παῦλος	Paul
Χριστοῦ	Christ
Χριστοῦ	of
Ἰησοῦ	Jesus
Χριστῷ	Christ
Ἰησοῦ	Jesus
Τιμοθέῳ	Timothy
Τιμοθέῳ	to
Χριστοῦ	Christ
Ἰησοῦ	Jesus
Λωΐδι	Lois
Εὐνίκῃ	Eunice
Χριστῷ	Christ
Ἰησοῦ	Jesus
Χριστοῦ	Christ
Ἰησοῦ	Jesus
Χριστῷ	Christ
Ἰησοῦ	Jesus
Ἀσίᾳ	Asia
Φύγελος	Phygelus
Ἑρμογένης	Hermogenes
Ὀνησιφόρου	Onesiphorus
Ὀνησιφόρου	of
Ῥώμῃ	Rome
Ἐφέσῳ	Ephesus
Χριστῷ	Christ
Ἰησοῦ	Jesus
Χριστοῦ	Christ
Χριστοῦ	of
Ἰησοῦ	Jesus
Ἰησοῦν	Jesus
Χριστὸν	Christ
Δαυίδ	David
Χριστῷ	Christ
Ἰησοῦ	Jesus
Ὑμέναιος	Hymenaeus
Φίλητος	Philetus
Ἰάννης	Jannes
Ἰαμβρῆς	Jambres
Μωϋσεῖ	Moses
Ἀντιοχείᾳ	Antioch
Ἰκονίῳ	Iconium
Λύστροις	Lystra
Χριστῷ	Christ
Ἰησοῦ	Jesus
Χριστῷ	Christ
Ἰησοῦ	Jesus
Χριστοῦ	Christ
Ἰησοῦ	Jesus
Δημᾶς	Demas
Θεσσαλονίκην	Thessalonica
Κρήσκης	Crescens
Γαλατίαν	Galatia
Τίτος	Titus
Δαλματίαν	Dalmatia
Λουκᾶς	Luke
Μᾶρκον	Mark
Τύχικον	Tychicus
Ἔφεσον	Ephesus
Τρῳάδι	Troas
Κάρπῳ	Carpus
Ἀλέξανδρος	Alexander
Πρίσκαν	Prisca
Ἀκύλαν	Aquila
Ὀνησιφόρου	Onesiphorus
Ὀνησιφόρου	of
Ἔραστος	Erastus
Κορίνθῳ	Corinth
Τρόφιμον	Trophimus
Μιλήτῳ	Miletus
Εὔβουλος	Eubulus
Πούδης	Pudens
Λίνος	Linus
Κλαυδία	Claudia
Παῦλος	Paul
Ἰησοῦ	Jesus
Ἰησοῦ	of
Χριστοῦ	Christ
Τίτῳ	Titus
Τίτῳ	to
Χριστοῦ	Christ
Ἰησοῦ	Jesus
Κρήτῃ	Crete
Κρῆτες	Cretans
Ἰησοῦ	Jesus
Χριστοῦ	Christ
Ἰησοῦ	Jesus
Χριστοῦ	Christ
Ἀρτεμᾶν	Artemas
Τύχικον	Tychicus
Νικόπολιν	Nicopolis
Ζηνᾶν	Zenas
Ἀπολλῶν	Apollos
Παῦλος	Paul
Χριστοῦ	Christ
Χριστοῦ	of
Ἰησοῦ	Jesus
Τιμόθεος	Timothy
Φιλήμονι	Philemon
Φιλήμονι	to
Ἀπφίᾳ	Apphia
Ἀπφίᾳ	to
Ἀρχίππῳ	Archippus
Ἀρχίππῳ	to
Ἰησοῦ	Jesus
Χριστοῦ	Christ
Ἰησοῦν	Jesus
Χριστόν	Christ
Χριστῷ	Christ
Παῦλος	Paul
Χριστοῦ	Christ
Χριστοῦ	of
Ἰησοῦ	Jesus
Ὀνήσιμον	Onesimus
Παῦλος	Paul
Χριστῷ	Christ
Ἐπαφρᾶς	Epaphras
Χριστῷ	Christ
Ἰησοῦ	Jesus
Μᾶρκος	Mark
Ἀρίσταρχος	Aristarchus
Δημᾶς	Demas
Λουκᾶς	Luke
Ἰησοῦ	Jesus
Χριστοῦ	Christ
Ἰησοῦν	Jesus
Ἀβραὰμ	Abraham
Ἀβραὰμ	of
Ἰησοῦν	Jesus
Μωϋσῆς	Moses
Μωϋσῆν	Moses
Μωϋσῆς	Moses
Χριστὸς	Christ
Χριστοῦ	Christ
Χριστοῦ	of
Αἰγύπτου	Egypt
Μωϋσέως	Moses
Δαυὶδ	David
Ἰησοῦς	Joshua
Ἰησοῦν	Jesus
Ἀαρών	Aaron
Χριστὸς	Christ
Μελχισέδεκ	Melchizedek
Μελχισέδεκ	of
Μελχισέδεκ	Melchizedek
Μελχισέδεκ	of
Χριστοῦ	Christ
Χριστοῦ	about
Ἀβραὰμ	Abraham
Ἀβραὰμ	to
Ἰησοῦς	Jesus
Μελχισέδεκ	Melchizedek
Μελχισέδεκ	of
Μελχισέδεκ	Melchizedek
Σαλήμ	Salem
Σαλήμ	of
Ἀβραὰμ	Abraham
Ἀβραάμ	Abraham
Σαλήμ	Salem
Σαλήμ	of
Ἀβραὰμ	Abraham
Λευὶ	Levi
Λευὶ	of
Ἀβραάμ	Abraham
Ἀβραὰμ	Abraham
Ἀβραὰμ	from
Ἀβραὰμ	Abraham
Λευὶ	Levi
Μελχισέδεκ	Melchizedek
Μελχισέδεκ	Melchizedek
Μελχισέδεκ	of
Ἀαρὼν	Aaron
Ἀαρὼν	of
Ἰούδα	Judah
Μωϋσῆς	Moses
Μελχισέδεκ	Melchizedek
Μελχισέδεκ	of
Μελχισέδεκ	Melchizedek
Μελχισέδεκ	of
Ἰησοῦς	Jesus
Μωϋσῆς	Moses
Ἰσραὴλ	Israel
Ἰσραὴλ	of
Ἰούδα	Judah
Ἰούδα	of
Αἰγύπτου	Egypt
Αἰγύπτου	of
Ἰσραὴλ	Israel
Ἰσραὴλ	of
Ἀαρὼν	Aaron
Ἀαρὼν	of
Χερουβὶν	cherubim
Χριστὸς	Christ
Χριστοῦ	Christ
Χριστοῦ	of
Μωϋσέως	Moses
Χριστός	Christ
Χριστὸς	Christ
Ἰησοῦ	Jesus
Ἰησοῦ	of
Χριστοῦ	Christ
Ἰησοῦ	Jesus
Ἰησοῦ	of
Μωϋσέως	Moses
Μωϋσέως	of
Ἅβελ	Abel
Κάϊν	Cain
Ἑνὼχ	Enoch
Νῶε	Noah
Ἀβραὰμ	Abraham
Ἰσαὰκ	Isaac
Ἰακὼβ	Jacob
Σάρρα	Sarah
Ἀβραὰμ	Abraham
Ἰσαὰκ	Isaac
Ἰσαὰκ	Isaac
Ἰσαὰκ	Isaac
Ἰακὼβ	Jacob
Ἠσαῦ	Esau
Ἰακὼβ	Jacob
Ἰωσὴφ	Joseph
Ἰωσὴφ	of
Ἰωσὴφ	Joseph
Ἰσραὴλ	Israel
Ἰσραὴλ	of
Μωϋσῆς	Moses
Μωϋσῆς	Moses
Φαραώ	Pharaoh’s
Αἰγύπτου	Egypt
Αἰγύπτου	of
Χριστοῦ	Christ
Χριστοῦ	for
Χριστοῦ	the
Χριστοῦ	sake
Χριστοῦ	of
Αἴγυπτον	Egypt
Ἰεριχὼ	Jericho
Ἰεριχὼ	of
Ῥαὰβ	Rahab
Γεδεών	Gideon
Βαράκ	Barak
Σαμψών	Samson
Ἰεφθάε	Jephthah
Δαυίδ	David
Σαμουὴλ	Samuel
Ἰησοῦν	Jesus
Ἠσαῦ	Esau
Μωϋσῆς	Moses
Σιὼν	Zion
Ἰερουσαλὴμ	Jerusalem
Ἰερουσαλὴμ	to
Ἰησοῦ	Jesus
Ἰησοῦ	to
Ἅβελ	Abel’s
Ἰησοῦς	Jesus
Χριστὸς	Christ
Ἰησοῦς	Jesus
Ἰησοῦν	Jesus
Ἰησοῦ	Jesus
Χριστοῦ	Christ
Τιμόθεον	Timothy
Ἰταλίας	Italy
Ἰάκωβος	James
Ἰησοῦ	Jesus
Χριστοῦ	Christ
Ἰησοῦ	Jesus
Χριστοῦ	Christ
Ἀβραὰμ	Abraham
Ἰσαὰκ	Isaac
Ἀβραὰμ	Abraham
Ῥαὰβ	Rahab
σαβαὼθ	hosts
σαβαὼθ	of
Ἰὼβ	Job
Ἰὼβ	of
Ἠλίας	Elijah
Πέτρος	Peter
Ἰησοῦ	Jesus
Ἰησοῦ	of
Χριστοῦ	Christ
Πόντου	Pontus
Πόντου	in
Γαλατίας	Galatia
Καππαδοκίας	Cappadocia
Ἀσίας	Asia
Βιθυνίας	Bithynia
Ἰησοῦ	Jesus
Ἰησοῦ	of
Χριστοῦ	Christ
Ἰησοῦ	Jesus
Χριστοῦ	Christ
Ἰησοῦ	Jesus
Ἰησοῦ	of
Χριστοῦ	Christ
Ἰησοῦ	Jesus
Ἰησοῦ	of
Χριστοῦ	Christ
Χριστοῦ	Christ
Χριστοῦ	of
Χριστὸν	Christ
Ἰησοῦ	Jesus
Ἰησοῦ	of
Χριστοῦ	Christ
Χριστοῦ	Christ
Χριστοῦ	of
Ἰησοῦ	Jesus
Χριστοῦ	Christ
Σιὼν	Zion
Χριστὸς	Christ
Σάρρα	Sarah
Ἀβραὰμ	Abraham
Χριστὸν	Christ
Χριστῷ	Christ
Χριστὸς	Christ
Νῶε	Noah
Νῶε	of
Ἰησοῦ	Jesus
Ἰησοῦ	of
Χριστοῦ	Christ
Χριστοῦ	Christ
Ἰησοῦ	Jesus
Χριστοῦ	Christ
Χριστοῦ	Christ
Χριστοῦ	of
Χριστοῦ	Christ
Χριστοῦ	of
χριστιανός	Christian
χριστιανός	a
Χριστοῦ	Christ
Χριστοῦ	of
Χριστῷ	Christ
Σιλουανοῦ	Silvanus
Βαβυλῶνι	Babylon
Μᾶρκος	Mark
Χριστῷ	Christ
Συμεὼν	Simeon
Πέτρος	Peter
Ἰησοῦ	Jesus
Ἰησοῦ	of
Χριστοῦ	Christ
Ἰησοῦ	Jesus
Χριστοῦ	Christ
Ἰησοῦ	Jesus
Ἰησοῦ	of
Ἰησοῦ	Jesus
Χριστοῦ	Christ
Ἰησοῦ	Jesus
Χριστοῦ	Christ
Ἰησοῦς	Jesus
Χριστὸς	Christ
Ἰησοῦ	Jesus
Χριστοῦ	Christ
Νῶε	Noah
Σοδόμων	Sodom
Σοδόμων	of
Γομόρρας	Gomorrah
Λὼτ	Lot
Βαλαὰμ	Balaam
Βαλαὰμ	of
Βοσὸρ	Bosor
Ἰησοῦ	Jesus
Χριστοῦ	Christ
Παῦλος	Paul
Ἰησοῦ	Jesus
Χριστοῦ	Christ
Ἰησοῦ	Jesus
Χριστοῦ	Christ
Ἰησοῦ	Jesus
Ἰησοῦ	of
Ἰησοῦν	Jesus
Χριστὸν	Christ
Ἰησοῦς	Jesus
Χριστός	Christ
Κάϊν	Cain
Ἰησοῦ	Jesus
Χριστοῦ	Christ
Ἰησοῦν	Jesus
Χριστὸν	Christ
Ἰησοῦν	Jesus
Ἰησοῦς	Jesus
Ἰησοῦς	Jesus
Χριστὸς	Christ
Ἰησοῦς	Jesus
Ἰησοῦς	Jesus
Χριστός	Christ
Ἰησοῦ	Jesus
Χριστῷ	Christ
Ἰησοῦ	Jesus
Χριστοῦ	Christ
Ἰησοῦν	Jesus
Χριστὸν	Christ
Χριστοῦ	Christ
Χριστοῦ	of
Γαΐῳ	Gaius
Γαΐῳ	to
Διοτρέφης	Diotrephes
Δημητρίῳ	Demetrius
Ἰούδας	Jude
Ἰησοῦ	Jesus
Ἰησοῦ	of
Χριστοῦ	Christ
Ἰακώβου	James
Ἰακώβου	of
Ἰησοῦ	Jesus
Ἰησοῦ	for
Χριστῷ	Christ
Ἰησοῦν	Jesus
Χριστὸν	Christ
Αἰγύπτου	Egypt
Αἰγύπτου	of
Σόδομα	Sodom
Γόμορρα	Gomorrah
Μιχαὴλ	Michael
Μωϋσέως	Moses
Μωϋσέως	of
Κάϊν	Cain
Κάϊν	of
Βαλαὰμ	Balaam
Βαλαὰμ	of
Κόρε	Korah
Κόρε	of
Ἀδὰμ	Adam
Ἑνὼχ	Enoch
Ἰησοῦ	Jesus
Χριστοῦ	Christ
Ἰησοῦ	Jesus
Χριστοῦ	Christ
Ἰησοῦ	Jesus
Χριστοῦ	Christ
Ἰησοῦ	Jesus
Ἰησοῦ	of
Χριστοῦ	Christ
Ἰωάννῃ	John
Ἰησοῦ	Jesus
Ἰησοῦ	of
Χριστοῦ	Christ
Ἰωάννης	John
Ἀσίᾳ	Asia
Ἰησοῦ	Jesus
Χριστοῦ	Christ
ἄλφα	Alpha
ὦ	Omega
Ἰωάννης	John
Ἰησοῦ	Jesus
Πάτμῳ	Patmos
Ἰησοῦ	Jesus
Ἰησοῦ	about
Ἔφεσον	Ephesus
Πέργαμον	Pergamum
Θυάτειρα	Thyatira
Σάρδεις	Sardis
Φιλαδέλφειαν	Philadelphia
Λαοδίκειαν	Laodicea
Ἐφέσῳ	Ephesus
Νικολαϊτῶν	Nicolaitans
Νικολαϊτῶν	of
Σμύρνῃ	Smyrna
σατανᾶ	Satan
σατανᾶ	of
Περγάμῳ	Pergamum
σατανᾶ	Satan
σατανᾶ	of
Ἀντιπᾶς	Antipas
σατανᾶς	Satan
Βαλαάμ	Balaam
Βαλαάμ	of
Βαλὰκ	Balak
Ἰσραὴλ	Israel
Ἰσραὴλ	of
Νικολαϊτῶν	Nicolaitans
Νικολαϊτῶν	of
Θυατείροις	Thyatira
Ἰεζάβελ	Jezebel
Θυατείροις	Thyatira
σατανᾶ	Satan
σατανᾶ	of
Σάρδεσιν	Sardis
Σάρδεσιν	Sardis
Φιλαδελφείᾳ	Philadelphia
Δαυίδ	David
Δαυίδ	of
σατανᾶ	Satan
σατανᾶ	of
Ἰερουσαλὴμ	Jerusalem
Λαοδικείᾳ	Laodicea
Ἰούδα	Judah
Ἰούδα	of
Δαυίδ	David
Δαυίδ	of
Ἰσραήλ	Israel
Ἰσραήλ	of
Ἰούδα	Judah
Ἰούδα	of
Ῥουβὴν	Reuben
Ῥουβὴν	of
Γὰδ	Gad
Γὰδ	of
Ἀσὴρ	Asher
Ἀσὴρ	of
Νεφθαλὶμ	Naphtali
Νεφθαλὶμ	of
Μανασσῆ	Manasseh
Μανασσῆ	of
Συμεὼν	Simeon
Συμεὼν	of
Λευὶ	Levi
Λευὶ	of
Ἰσσαχὰρ	Issachar
Ἰσσαχὰρ	of
Ζαβουλὼν	Zebulun
Ζαβουλὼν	of
Ἰωσὴφ	Joseph
Ἰωσὴφ	of
Βενιαμὶν	Benjamin
Βενιαμὶν	of
Ἀβαδδών	Abaddon
Ἀπολλύων	Apollyon
Εὐφράτῃ	Euphrates
Σόδομα	Sodom
Αἴγυπτος	Egypt
χριστοῦ	Christ
χριστοῦ	of
Μιχαὴλ	Michael
Σατανᾶς	Satan
χριστοῦ	Christ
χριστοῦ	of
Ἰησοῦ	Jesus
Ἰησοῦ	about
Σιὼν	Zion
Βαβυλὼν	Babylon
Ἰησοῦ	Jesus
Ἰησοῦ	in
Μωϋσέως	Moses
Μωϋσέως	of
Εὐφράτην	Euphrates
Ἁρμαγεδών	Armageddon
Βαβυλὼν	Babylon
Βαβυλὼν	Babylon
Ἰησοῦ	Jesus
Ἰησοῦ	to
Βαβυλὼν	Babylon
Βαβυλὼν	Babylon
Βαβυλὼν	Babylon
Ἰησοῦ	Jesus
Ἰησοῦ	of
Ἰησοῦ	Jesus
Ἰησοῦ	of
Σατανᾶς	Satan
Ἰησοῦ	Jesus
Ἰησοῦ	about
Χριστοῦ	Christ
Χριστοῦ	Christ
Χριστοῦ	of
σατανᾶς	Satan
Γὼγ	Gog
Μαγώγ	Magog
Ἰερουσαλὴμ	Jerusalem
ἄλφα	Alpha
ὦ	Omega
Ἰερουσαλὴμ	Jerusalem
Ἰσραήλ	Israel
Ἰσραήλ	of
Ἰωάννης	John
ἄλφα	Alpha
ὦ	Omega
Ἰησοῦς	Jesus
Δαυίδ	David
Δαυίδ	of
Ἰησοῦ	Jesus
Ἰησοῦ	Jesus
