NA27	HSB
Ἰησοῦ	यीशु
Χριστοῦ	मसीह
Χριστοῦ	की
Δαυὶδ	दाऊद
Δαυὶδ	की
Ἀβραάμ	अब्राहम
Ἀβραάμ	की
Ἀβραὰμ	अब्राहम
Ἰσαάκ	इसहाक
Ἰσαὰκ	इसहाक
Ἰακώβ	याकूब
Ἰακὼβ	याकूब
Ἰούδαν	यहूदा
Ἰούδας	यहूदा
Ἰούδας	से
Φάρες	फिरिस
Ζάρα	जोरह
Θαμάρ	तामार
Θαμάρ	के
Φάρες	फिरिस
Ἑσρώμ	हिस्रोन
Ἑσρὼμ	हिस्रोन
Ἀράμ	एराम
Ἀρὰμ	एराम
Ἀμιναδάβ	अम्मीनादाब
Ἀμιναδὰβ	अम्मीनादाब
Ναασσών	नहशोन
Ναασσὼν	नहशोन
Σαλμών	सलमोन
Σαλμὼν	सलमोन
Βόες	बोअज़
Ῥαχάβ	राहब
Ῥαχάβ	के
Βόες	बोअज़
Ἰωβὴδ	ओबेद
Ῥούθ	रूत
Ῥούθ	के
Ἰωβὴδ	ओबेद
Ἰεσσαί	यिशै
Ἰεσσαὶ	यिशै
Δαυὶδ	दाऊद
Δαυὶδ	दाऊद
Σολομῶνα	सुलैमान
Οὐρίου	उरिय्याह
Οὐρίου	की
Σολομὼν	सुलैमान
Ῥοβοάμ	रहबाम
Ῥοβοὰμ	रहबाम
Ἀβιά	अबिय्याह
Ἀβιὰ	अबिय्याह
Ἀσάφ	आसा
Ἀσὰφ	आसा
Ἰωσαφάτ	यहोशापात
Ἰωσαφὰτ	यहोशापात
Ἰωράμ	योराम
Ἰωρὰμ	योराम
Ὀζίαν	उज्‍जियाह
Ὀζίας	उज्‍जियाह
Ἰωαθάμ	योताम
Ἰωαθὰμ	योताम
Ἀχάζ	आहाज
Ἀχὰζ	आहाज
Ἑζεκίαν	हिजकिय्याह
Ἑζεκίας	हिजकिय्याह
Μανασσῆ	मनश्शे
Μανασσῆς	मनश्शे
Ἀμώς	आमोन
Ἀμὼς	आमोन
Ἰωσίαν	योशिय्याह
Ἰωσίας	योशिय्याह
Ἰεχονίαν	यकुन्याह
Βαβυλῶνος	बेबीलोन
Βαβυλῶνος	बेबीलोन
Ἰεχονίας	यकुन्याह
Σαλαθιήλ	शालतिएल
Σαλαθιὴλ	शालतिएल
Ζοροβαβέλ	जरुब्बाबिल
Ζοροβαβὲλ	जरुब्बाबिल
Ἀβιούδ	अबीहूद
Ἀβιοὺδ	अबीहूद
Ἐλιακίμ	एल्याकीम
Ἐλιακὶμ	एल्याकीम
Ἀζώρ	अज़ोर
Ἀζὼρ	अज़ोर
Σαδώκ	सदोक
Σαδὼκ	सदोक
Ἀχίμ	अखीम
Ἀχὶμ	अखीम
Ἐλιούδ	इलीहूद
Ἐλιοὺδ	इलीहूद
Ἐλεάζαρ	एलीआज़ार
Ἐλεάζαρ	एलीआज़ार
Ματθάν	मत्तान
Ματθὰν	मत्तान
Ἰακώβ	याकूब
Ἰακὼβ	याकूब
Ἰωσὴφ	यूसुफ
Μαρίας	मरियम
Μαρίας	का
Ἰησοῦς	यीशु
Χριστός	मसीह
Ἀβραὰμ	अब्राहम
Δαυὶδ	दाऊद
Δαυὶδ	दाऊद
Βαβυλῶνος	बेबीलोन
Βαβυλῶνος	बेबीलोन
Χριστοῦ	मसीह
Ἰησοῦ	यीशु
Χριστοῦ	मसीह
Χριστοῦ	का
Μαρίας	मरियम
Μαρίας	की
Ἰωσήφ	यूसुफ
Ἰωσήφ	से
Ἰωσὴφ	यूसुफ
Ἰωσὴφ	ने
Ἰωσὴφ	यूसुफ
Ἰωσὴφ	हे
Δαυίδ	दाऊद
Δαυίδ	की
Μαρίαν	मरियम
Μαρίαν	को
Ἰησοῦν	यीशु
Ἐμμανουήλ	इम्मानुएल
Ἰωσὴφ	यूसुफ
Ἰωσὴφ	ने
Ἰησοῦν	यीशु
Ἰησοῦ	यीशु
Ἰησοῦ	का
Βηθλέεμ	बैतलहम
Ἰουδαίας	यहूदिया
Ἰουδαίας	के
Ἡρῴδου	हेरोदेस
Ἡρῴδου	के
Ἱεροσόλυμα	यरूशलेम
Ἡρῴδης	हेरोदेस
Ἱεροσόλυμα	यरूशलेम
χριστὸς	मसीह
Βηθλέεμ	बैतलहम
Ἰουδαίας	यहूदिया
Ἰουδαίας	के
Βηθλέεμ	बैतलहम
Βηθλέεμ	हे
Ἰούδα	यहूदा
Ἰούδα	के
Ἰούδα	यहूदा
Ἰούδα	के
Ἰσραήλ	इस्राएल
Ἡρῴδης	हेरोदेस
Ἡρῴδης	ने
Βηθλέεμ	बैतलहम
Μαρίας	मरियम
Μαρίας	के
Ἡρῴδην	हेरोदेस
Ἰωσὴφ	यूसुफ
Ἰωσὴφ	को
Αἴγυπτον	मिस्र
Ἡρῴδης	हेरोदेस
Αἴγυπτον	मिस्र
Ἡρῴδου	हेरोदेस
Ἡρῴδου	की
Αἰγύπτου	मिस्र
Ἡρῴδης	हेरोदेस
Ἡρῴδης	ने
Βηθλέεμ	बैतलहम
Ἰερεμίου	यिर्मयाह
Ῥαμὰ	रामाह
Ῥαχὴλ	राहेल
Ἡρῴδου	हेरोदेस
Ἡρῴδου	की
Ἰωσὴφ	यूसुफ
Αἰγύπτῳ	मिस्र
Ἰσραήλ	इस्राएल
Ἰσραήλ	इस्राएल
Ἀρχέλαος	अरखिलाउस
Ἰουδαίας	यहूदिया
Ἡρῴδου	हेरोदेस
Ἡρῴδου	के
Γαλιλαίας	गलील
Ναζαρέτ	नासरत
Ναζωραῖος	नासरी
Ἰωάννης	यूहन्‍ना
Ἰουδαίας	यहूदिया
Ἰουδαίας	के
Ἠσαΐου	यशायाह
Ἰωάννης	यूहन्‍ना
Ἱεροσόλυμα	यरूशलेम
Ἰουδαία	यहूदिया
Ἰορδάνου	यरदन
Ἰορδάνου	के
Ἰορδάνῃ	यरदन
Φαρισαίων	फरीसियों
Σαδδουκαίων	सदूकियों
Ἀβραάμ	अब्राहम
Ἀβραάμ	अब्राहम
Ἀβραάμ	के
Ἀβραάμ	लिए
Ἰησοῦς	यीशु
Γαλιλαίας	गलील
Ἰορδάνην	यरदन
Ἰωάννην	उसके
Ἰωάννης	यूहन्‍ना
Ἰησοῦς	यीशु
Ἰησοῦς	ने
Ἰησοῦς	यीशु
Ἰησοῦς	यीशु
Ἰησοῦς	यीशु
Ἰησοῦς	ने
Ἰησοῦς	यीशु
Ἰησοῦς	ने
σατανᾶ	शैतान
σατανᾶ	हे
Ἰωάννης	यूहन्‍ना
Γαλιλαίαν	गलील
Ναζαρὰ	नासरत
Ναζαρὰ	को
Καφαρναοὺμ	कफरनहूम
Ζαβουλὼν	जबूलून
Νεφθαλίμ	नप्‍ताली
Νεφθαλίμ	के
Ἠσαΐου	यशायाह
Ζαβουλὼν	जबूलून
Νεφθαλίμ	नप्‍ताली
Νεφθαλίμ	के
Ἰορδάνου	यरदन
Ἰορδάνου	के
Γαλιλαία	गलील
Ἰησοῦς	यीशु
Ἰησοῦς	ने
Γαλιλαίας	गलील
Γαλιλαίας	की
Σίμωνα	शमौन
Σίμωνα	को
Πέτρον	पतरस
Ἀνδρέαν	अंद्रियास
Ἀνδρέαν	को
Ἰάκωβον	याकूब
Ζεβεδαίου	ज़ब्दी
Ζεβεδαίου	के
Ἰωάννην	यूहन्‍ना
Ἰωάννην	को
Ζεβεδαίου	ज़ब्दी
Ζεβεδαίου	के
Γαλιλαίᾳ	गलील
Συρίαν	सीरिया
Γαλιλαίας	गलील
Δεκαπόλεως	दिकापुलिस
Ἱεροσολύμων	यरूशलेम
Ἰουδαίας	यहूदिया
Ἰορδάνου	यरदन
Ἰορδάνου	के
Φαρισαίων	फरीसियों
Φαρισαίων	की
Ἱεροσόλυμα	यरूशलेम
Σολομὼν	सुलैमान
Ἰησοῦς	यीशु
Ἰησοῦς	यीशु
Ἰησοῦς	ने
Μωϋσῆς	मूसा
Μωϋσῆς	ने
Καφαρναοὺμ	कफरनहूम
Ἰησοῦς	यीशु
Ἰσραὴλ	इस्राएल
Ἀβραὰμ	अब्राहम
Ἰσαὰκ	इसहाक
Ἰακὼβ	याकूब
Ἰακὼβ	के
Ἰησοῦς	यीशु
Ἰησοῦς	ने
Ἰησοῦς	यीशु
Πέτρου	पतरस
Πέτρου	के
Ἠσαΐου	यशायाह
Ἰησοῦς	यीशु
Ἰησοῦς	ने
Ἰησοῦς	यीशु
Ἰησοῦς	ने
Ἰησοῦς	यीशु
Ἰησοῦς	ने
Ἰησοῦ	यीशु
Ἰησοῦ	से
Ἰησοῦς	यीशु
Ἰησοῦς	ने
Ἰησοῦς	यीशु
Ἰησοῦς	ने
Ἰησοῦς	यीशु
Ἰησοῦς	ने
Μαθθαῖον	मत्ती
Ἰησοῦ	यीशु
Φαρισαῖοι	फरीसी
Ἰωάννου	यूहन्‍ना
Ἰωάννου	के
Φαρισαῖοι	फरीसी
Ἰησοῦς	यीशु
Ἰησοῦς	ने
Ἰησοῦς	यीशु
Ἰησοῦς	यीशु
Ἰησοῦς	ने
Ἰησοῦς	यीशु
Ἰησοῦ	यीशु
Δαυίδ	दाऊद
Δαυίδ	के
Ἰησοῦς	यीशु
Ἰησοῦς	ने
Ἰησοῦς	यीशु
Ἰησοῦς	ने
Ἰσραήλ	इस्राएल
Φαρισαῖοι	फरीसी
Ἰησοῦς	यीशु
Σίμων	शमौन
Πέτρος	पतरस
Ἀνδρέας	अंद्रियास
Ἰάκωβος	याकूब
Ζεβεδαίου	ज़ब्दी
Ζεβεδαίου	का
Ἰωάννης	यूहन्‍ना
Φίλιππος	फिलिप्पुस
Βαρθολομαῖος	बरतुल्मै
Θωμᾶς	थोमा
Μαθθαῖος	मत्ती
Ἰάκωβος	याकूब
Ἁλφαίου	हलफई
Ἁλφαίου	का
Θαδδαῖος	तद्दै
Σίμων	शमौन
Καναναῖος	कनानी
Ἰούδας	यहूदा
Ἰσκαριώτης	इस्करियोती
Ἰησοῦς	यीशु
Ἰησοῦς	ने
Σαμαριτῶν	सामरियों
Σαμαριτῶν	के
Ἰσραήλ	इस्राएल
Ἰσραήλ	के
Σοδόμων	सदोम
Γομόρρων	अमोरा
Γομόρρων	की
Ἰσραὴλ	इस्राएल
Ἰσραὴλ	के
Βεελζεβοὺλ	बालज़बूल
Ἰησοῦς	यीशु
Ἰωάννης	यूहन्‍ना
Ἰωάννης	ने
Χριστοῦ	मसीह
Χριστοῦ	के
Ἰησοῦς	यीशु
Ἰησοῦς	ने
Ἰωάννῃ	यूहन्‍ना
Ἰωάννῃ	को
Ἰησοῦς	यीशु
Ἰωάννου	यूहन्‍ना
Ἰωάννου	के
Ἰωάννου	यूहन्‍ना
Ἰωάννου	यूहन्‍ना
Ἰωάννου	यूहन्‍ना
Ἰωάννου	के
Ἠλίας	एलिय्याह
Ἰωάννης	यूहन्‍ना
Χοραζίν	खुराजीन
Χοραζίν	हे
Βηθσαϊδά	बैतसैदा
Βηθσαϊδά	हे
Τύρῳ	सूर
Σιδῶνι	सैदा
Τύρῳ	सूर
Σιδῶνι	सैदा
Καφαρναούμ	कफरनहूम
Καφαρναούμ	हे
Σοδόμοις	सदोम
Σοδόμων	सदोम
Ἰησοῦς	यीशु
Ἰησοῦς	ने
Ἰησοῦς	यीशु
Φαρισαῖοι	फरीसियों
Φαρισαῖοι	ने
Δαυὶδ	दाऊद
Φαρισαῖοι	फरीसियों
Φαρισαῖοι	ने
Ἰησοῦς	यीशु
Ἠσαΐου	यशायाह
Δαυίδ	दाऊद
Δαυίδ	का
Φαρισαῖοι	फरीसियों
Φαρισαῖοι	ने
Βεελζεβοὺλ	बालज़बूल
σατανᾶς	शैतान
σατανᾶν	शैतान
σατανᾶν	को
Βεελζεβοὺλ	बालज़बूल
Φαρισαίων	फरीसियों
Φαρισαίων	ने
Ἰωνᾶ	योना
Ἰωνᾶς	योना
Νινευῖται	नीनवे
Ἰωνᾶ	योना
Ἰωνᾶ	के
Ἰωνᾶ	योना
Σολομῶνος	सुलैमान
Σολομῶνος	की
Σολομῶνος	सुलैमान
Σολομῶνος	से
Ἰησοῦς	यीशु
Ἠσαΐου	यशायाह
Ἠσαΐου	की
Ἰησοῦς	यीशु
Ἰησοῦς	ने
Ἰησοῦς	यीशु
Μαριὰμ	मरियम
Ἰάκωβος	याकूब
Ἰωσὴφ	यूसुफ
Σίμων	शमौन
Ἰούδας	यहूदा
Ἰησοῦς	यीशु
Ἰησοῦς	ने
Ἡρῴδης	हेरोदेस
Ἡρῴδης	ने
Ἰησοῦ	यीशु
Ἰησοῦ	की
Ἰωάννης	यूहन्‍ना
Ἡρῴδης	हेरोदेस
Ἡρῴδης	ने
Ἰωάννην	यूहन्‍ना
Ἰωάννην	को
Ἡρῳδιάδα	हेरोदियास
Φιλίππου	फिलिप्पुस
Φιλίππου	की
Ἰωάννης	यूहन्‍ना
Ἡρῴδου	हेरोदेस
Ἡρῴδου	के
Ἡρῳδιάδος	हेरोदियास
Ἡρῳδιάδος	की
Ἡρῴδῃ	हेरोदेस
Ἡρῴδῃ	को
Ἰωάννου	यूहन्‍ना
Ἰωάννην	यूहन्‍ना
Ἰησοῦ	यीशु
Ἰησοῦ	को
Ἰησοῦς	यीशु
Ἰησοῦς	यीशु
Ἰησοῦς	ने
Ἰησοῦς	यीशु
Ἰησοῦς	ने
Πέτρος	पतरस
Πέτρος	ने
Πέτρος	पतरस
Ἰησοῦν	यीशु
Ἰησοῦς	यीशु
Ἰησοῦς	ने
Γεννησαρέτ	गन्‍नेसरत
Ἰησοῦ	यीशु
Ἰησοῦ	के
Ἱεροσολύμων	यरूशलेम
Φαρισαῖοι	फरीसी
Ἠσαΐας	यशायाह
Ἠσαΐας	ने
Φαρισαῖοι	फरीसियों
Πέτρος	पतरस
Πέτρος	ने
Ἰησοῦς	यीशु
Τύρου	सूर
Σιδῶνος	सैदा
Σιδῶνος	के
Δαυίδ	दाऊद
Δαυίδ	के
Ἰσραήλ	इस्राएल
Ἰσραήλ	के
Ἰησοῦς	यीशु
Ἰησοῦς	ने
Ἰησοῦς	यीशु
Γαλιλαίας	गलील
Γαλιλαίας	की
Ἰσραήλ	इस्राएल
Ἰσραήλ	के
Ἰησοῦς	यीशु
Ἰησοῦς	ने
Ἰησοῦς	यीशु
Ἰησοῦς	ने
Μαγαδάν	मगदन
Μαγαδάν	के
Φαρισαῖοι	फरीसियों
Σαδδουκαῖοι	सदूकियों
Σαδδουκαῖοι	ने
Ἰωνᾶ	योना
Ἰωνᾶ	के
Ἰησοῦς	यीशु
Ἰησοῦς	ने
Φαρισαίων	फरीसियों
Σαδδουκαίων	सदूकियों
Σαδδουκαίων	के
Ἰησοῦς	यीशु
Ἰησοῦς	ने
Φαρισαίων	फरीसियों
Σαδδουκαίων	सदूकियों
Σαδδουκαίων	के
Φαρισαίων	फरीसियों
Σαδδουκαίων	सदूकियों
Σαδδουκαίων	की
Ἰησοῦς	यीशु
Καισαρείας	कैसरिया
Φιλίππου	फिलिप्पी
Φιλίππου	के
Ἰωάννην	यूहन्‍ना
Ἠλίαν	एलिय्याह
Ἰερεμίαν	यिर्मयाह
Σίμων	शमौन
Πέτρος	पतरस
Πέτρος	ने
χριστὸς	मसीह
Ἰησοῦς	यीशु
Ἰησοῦς	ने
Σίμων	शमौन
Βαριωνᾶ	योना
Βαριωνᾶ	हे
Βαριωνᾶ	के
Βαριωνᾶ	पुत्र
Πέτρος	पतरस
χριστός	मसीह
Ἰησοῦς	यीशु
Ἱεροσόλυμα	यरूशलेम
Πέτρος	पतरस
Πέτρῳ	पतरस
Πέτρῳ	से
σατανᾶ	शैतान
σατανᾶ	हे
Ἰησοῦς	यीशु
Ἰησοῦς	ने
Ἰησοῦς	यीशु
Ἰησοῦς	ने
Πέτρον	पतरस
Ἰάκωβον	याकूब
Ἰωάννην	यूहन्‍ना
Ἰωάννην	को
Μωϋσῆς	मूसा
Ἠλίας	एलिय्याह
Πέτρος	पतरस
Πέτρος	ने
Ἰησοῦ	यीशु
Ἰησοῦ	से
Μωϋσεῖ	मूसा
Μωϋσεῖ	के
Μωϋσεῖ	लिए
Ἠλίᾳ	एलिय्याह
Ἠλίᾳ	के
Ἠλίᾳ	लिए
Ἰησοῦς	यीशु
Ἰησοῦν	यीशु
Ἰησοῦν	को
Ἰησοῦς	यीशु
Ἰησοῦς	ने
Ἠλίαν	एलिय्याह
Ἠλίας	एलिय्याह
Ἠλίας	एलिय्याह
Ἰωάννου	यूहन्‍ना
Ἰησοῦς	यीशु
Ἰησοῦς	ने
Ἰησοῦς	यीशु
Ἰησοῦς	ने
Ἰησοῦ	यीशु
Ἰησοῦ	के
Γαλιλαίᾳ	गलील
Ἰησοῦς	यीशु
Ἰησοῦς	ने
Καφαρναοὺμ	कफरनहूम
Πέτρῳ	पतरस
Πέτρῳ	के
Ἰησοῦς	यीशु
Ἰησοῦς	ने
Σίμων	शमौन
Ἰησοῦς	यीशु
Ἰησοῦς	ने
Ἰησοῦ	यीशु
Ἰησοῦ	के
Πέτρος	पतरस
Πέτρος	ने
Ἰησοῦς	यीशु
Ἰησοῦς	ने
Ἰησοῦς	यीशु
Γαλιλαίας	गलील
Ἰουδαίας	यहूदिया
Ἰουδαίας	के
Ἰορδάνου	यरदन
Ἰορδάνου	के
Φαρισαῖοι	फरीसी
Μωϋσῆς	मूसा
Μωϋσῆς	ने
Μωϋσῆς	मूसा
Μωϋσῆς	ने
Ἰησοῦς	यीशु
Ἰησοῦς	ने
Ἰησοῦς	यीशु
Ἰησοῦς	ने
Ἰησοῦς	यीशु
Ἰησοῦς	ने
Ἰησοῦς	यीशु
Ἰησοῦς	ने
Ἰησοῦς	यीशु
Ἰησοῦς	ने
Πέτρος	पतरस
Πέτρος	ने
Ἰησοῦς	यीशु
Ἰησοῦς	ने
Ἰσραήλ	इस्राएल
Ἰσραήλ	के
Ἰησοῦς	यीशु
Ἱεροσόλυμα	यरूशलेम
Ἱεροσόλυμα	यरूशलेम
Ζεβεδαίου	ज़ब्दी
Ζεβεδαίου	के
Ἰησοῦς	यीशु
Ἰησοῦς	ने
Ἰησοῦς	यीशु
Ἰησοῦς	ने
Ἰεριχὼ	यरीहो
Ἰησοῦς	यीशु
Δαυίδ	दाऊद
Δαυίδ	के
Δαυίδ	दाऊद
Δαυίδ	के
Ἰησοῦς	यीशु
Ἰησοῦς	ने
Ἰησοῦς	यीशु
Ἰησοῦς	ने
Ἱεροσόλυμα	यरूशलेम
Βηθφαγὴ	बैतफगे
Ἰησοῦς	यीशु
Ἰησοῦς	ने
Σιών	सिय्योन
Σιών	की
Ἰησοῦς	यीशु
Ἰησοῦς	ने
Δαυίδ	दाऊद
Δαυίδ	के
Ἱεροσόλυμα	यरूशलेम
Ἰησοῦς	यीशु
Ναζαρὲθ	नासरत
Γαλιλαίας	गलील
Γαλιλαίας	के
Ἰησοῦς	यीशु
Ἰησοῦς	ने
Δαυίδ	दाऊद
Δαυίδ	के
Ἰησοῦς	यीशु
Ἰησοῦς	ने
Βηθανίαν	बैतनिय्याह
Ἰησοῦς	यीशु
Ἰησοῦς	ने
Ἰησοῦς	यीशु
Ἰησοῦς	ने
Ἰωάννου	यूहन्‍ना
Ἰωάννου	का
Ἰωάννην	यूहन्‍ना
Ἰωάννην	को
Ἰησοῦ	यीशु
Ἰησοῦ	को
Ἰησοῦς	यीशु
Ἰησοῦς	ने
Ἰωάννης	यूहन्‍ना
Ἰησοῦς	यीशु
Ἰησοῦς	ने
Φαρισαῖοι	फरीसी
Ἰησοῦς	यीशु
Φαρισαῖοι	फरीसियों
Φαρισαῖοι	ने
Ἡρῳδιανῶν	हेरोदियों
Ἡρῳδιανῶν	के
Καίσαρι	कैसर
Καίσαρι	को
Ἰησοῦς	यीशु
Ἰησοῦς	ने
Καίσαρος	कैसर
Καίσαρος	का
Καίσαρος	कैसर
Καίσαρος	का
Καίσαρι	कैसर
Καίσαρι	को
Σαδδουκαῖοι	सदूकी
Μωϋσῆς	मूसा
Μωϋσῆς	ने
Ἰησοῦς	यीशु
Ἰησοῦς	ने
Ἀβραὰμ	अब्राहम
Ἀβραὰμ	का
Ἰσαὰκ	इसहाक
Ἰσαὰκ	का
Ἰακώβ	याकूब
Ἰακώβ	का
Φαρισαῖοι	फरीसियों
Φαρισαῖοι	ने
Σαδδουκαίους	सदूकियों
Φαρισαίων	फरीसी
Ἰησοῦς	यीशु
Ἰησοῦς	ने
χριστοῦ	मसीह
χριστοῦ	के
Δαυίδ	दाऊद
Δαυίδ	का
Δαυὶδ	दाऊद
Δαυὶδ	दाऊद
Ἰησοῦς	यीशु
Ἰησοῦς	ने
Μωϋσέως	मूसा
Μωϋσέως	के
Φαρισαῖοι	फरीसी
Χριστός	मसीह
Φαρισαῖοι	फरीसियो
Φαρισαῖοι	फरीसियो
Φαρισαῖοι	फरीसियो
Φαρισαῖοι	फरीसियो
Φαρισαῖε	फरीसी
Φαρισαῖε	हे
Φαρισαῖοι	फरीसियो
Φαρισαῖοι	फरीसियो
Ἅβελ	हाबिल
Ἅβελ	के
Ζαχαρίου	जकरयाह
Ζαχαρίου	के
Βαραχίου	बिरिक्याह
Βαραχίου	के
Ἰερουσαλὴμ	यरूशलेम
Ἰερουσαλὴμ	हे
Ἰερουσαλήμ	यरूशलेम
Ἰερουσαλήμ	हे
Ἰησοῦς	यीशु
Ἰησοῦς	यीशु
Ἰησοῦς	ने
χριστός	मसीह
Δανιὴλ	दानिय्येल
Ἰουδαίᾳ	यहूदिया
χριστός	मसीह
Νῶε	नूह
Νῶε	के
Νῶε	नूह
Νῶε	ने
Ἰησοῦς	यीशु
Καϊάφα	काइफा
Ἰησοῦν	यीशु
Ἰησοῦν	को
Ἰησοῦ	यीशु
Βηθανίᾳ	बैतनिय्याह
Σίμωνος	शमौन
Ἰησοῦς	यीशु
Ἰησοῦς	ने
Ἰούδας	यहूदा
Ἰσκαριώτης	इस्करियोती
Ἰησοῦ	यीशु
Ἰησοῦ	के
Ἰησοῦς	यीशु
Ἰησοῦς	ने
Ἰούδας	यहूदा
Ἰούδας	ने
Ἰησοῦς	यीशु
Ἰησοῦς	ने
Ἰησοῦς	यीशु
Ἰησοῦς	ने
Γαλιλαίαν	गलील
Πέτρος	पतरस
Πέτρος	ने
Ἰησοῦς	यीशु
Ἰησοῦς	ने
Πέτρος	पतरस
Πέτρος	ने
Ἰησοῦς	यीशु
Γεθσημανὶ	गतसमनी
Πέτρον	पतरस
Ζεβεδαίου	ज़ब्दी
Ζεβεδαίου	के
Πέτρῳ	पतरस
Πέτρῳ	से
Ἰούδας	यहूदा
Ἰησοῦ	यीशु
Ἰησοῦ	के
Ἰησοῦς	यीशु
Ἰησοῦς	ने
Ἰησοῦν	यीशु
Ἰησοῦ	यीशु
Ἰησοῦ	के
Ἰησοῦς	यीशु
Ἰησοῦς	ने
Ἰησοῦς	यीशु
Ἰησοῦς	ने
Ἰησοῦν	यीशु
Καϊάφαν	काइफा
Πέτρος	पतरस
Ἰησοῦ	यीशु
Ἰησοῦς	यीशु
χριστὸς	मसीह
Ἰησοῦς	यीशु
Ἰησοῦς	ने
χριστέ	मसीह
χριστέ	हे
Πέτρος	पतरस
Ἰησοῦ	यीशु
Ἰησοῦ	के
Ἰησοῦ	यीशु
Ναζωραίου	नासरी
Ναζωραίου	के
Πέτρῳ	पतरस
Πέτρῳ	से
Πέτρος	पतरस
Ἰησοῦ	यीशु
Ἰησοῦ	की
Ἰησοῦ	यीशु
Πιλάτῳ	पिलातुस
Πιλάτῳ	के
Ἰούδας	यहूदा
Ἰούδας	ने
Ἰερεμίου	यिर्मयाह
Ἰσραήλ	इस्राएल
Ἰσραήλ	की
Ἰησοῦς	यीशु
Ἰησοῦς	यीशु
Ἰησοῦς	ने
Πιλᾶτος	पिलातुस
Πιλᾶτος	ने
Βαραββᾶν	बरअब्बा
Πιλᾶτος	पिलातुस
Πιλᾶτος	ने
Βαραββᾶν	बरअब्बा
Βαραββᾶν	को
Ἰησοῦν	यीशु
Ἰησοῦν	को
χριστόν	मसीह
Βαραββᾶν	बरअब्बा
Βαραββᾶν	को
Ἰησοῦν	यीशु
Βαραββᾶν	बरअब्बा
Βαραββᾶν	को
Πιλᾶτος	पिलातुस
Πιλᾶτος	ने
Ἰησοῦν	यीशु
χριστόν	मसीह
Πιλᾶτος	पिलातुस
Πιλᾶτος	ने
Βαραββᾶν	बरअब्बा
Βαραββᾶν	को
Ἰησοῦν	यीशु
Ἰησοῦν	को
Ἰησοῦν	यीशु
Ἰησοῦν	को
Κυρηναῖον	कुरेनी
Σίμωνα	शमौन
Γολγοθᾶ	गुलगुता
Ἰησοῦς	यीशु
Ἰσραήλ	इस्राएल
Ἰσραήλ	का
Ἰησοῦς	यीशु
Ἰησοῦς	ने
ηλι	एली
ηλι	एली
Ἠλίαν	एलिय्याह
Ἠλίαν	को
Ἠλίας	एलिय्याह
Ἰησοῦς	यीशु
Ἰησοῦς	ने
Ἰησοῦν	यीशु
Ἰησοῦ	यीशु
Γαλιλαίας	गलील
Μαρία	मरियम
Μαγδαληνὴ	मगदलीनी
Μαρία	मरियम
Ἰακώβου	याकूब
Ἰωσὴφ	यूसुफ
Ἰωσὴφ	की
Ζεβεδαίου	ज़ब्दी
Ζεβεδαίου	के
Ἁριμαθαίας	अरिमतिया
Ἁριμαθαίας	का
Ἰωσήφ	यूसुफ
Ἰησοῦ	यीशु
Πιλάτῳ	पिलातुस
Πιλάτῳ	के
Ἰησοῦ	यीशु
Ἰησοῦ	का
Πιλᾶτος	पिलातुस
Πιλᾶτος	ने
Ἰωσὴφ	यूसुफ
Ἰωσὴφ	ने
Μαριὰμ	मरियम
Μαγδαληνὴ	मगदलीनी
Μαρία	मरियम
Φαρισαῖοι	फरीसी
Πιλᾶτον	पिलातुस
Πιλᾶτος	पिलातुस
Πιλᾶτος	ने
Μαριὰμ	मरियम
Μαγδαληνὴ	मगदलीनी
Μαρία	मरियम
Ἰησοῦν	यीशु
Ἰησοῦν	को
Γαλιλαίαν	गलील
Ἰησοῦς	यीशु
Ἰησοῦς	यीशु
Ἰησοῦς	ने
Γαλιλαίαν	गलील
Γαλιλαίαν	को
Γαλιλαίαν	गलील
Ἰησοῦς	यीशु
Ἰησοῦς	ने
Ἰησοῦς	यीशु
Ἰησοῦς	ने
Ἰησοῦ	यीशु
Χριστοῦ	मसीह
Χριστοῦ	के
Ἠσαΐᾳ	यशायाह
Ἰωάννης	यूहन्‍ना
Ἰορδάνῃ	यरदन
Ἰωάννης	यूहन्‍ना
Ἰησοῦς	यीशु
Ἰησοῦς	ने
Ναζαρὲτ	नासरत
Γαλιλαίας	गलील
Γαλιλαίας	के
Ἰορδάνην	यरदन
Ἰωάννου	यूहन्‍ना
σατανᾶ	शैतान
σατανᾶ	के
Ἰωάννην	यूहन्‍ना
Ἰησοῦς	यीशु
Γαλιλαίαν	गलील
Γαλιλαίας	गलील
Γαλιλαίας	की
Σίμωνα	शमौन
Ἀνδρέαν	अंद्रियास
Σίμωνος	उसके
Ἰησοῦς	यीशु
Ἰησοῦς	ने
Ἰάκωβον	याकूब
Ζεβεδαίου	ज़ब्दी
Ζεβεδαίου	के
Ἰωάννην	यूहन्‍ना
Ἰωάννην	को
Ζεβεδαῖον	ज़ब्दी
Ζεβεδαῖον	को
Καφαρναούμ	कफरनहूम
Ἰησοῦ	यीशु
Ἰησοῦ	हे
Ἰησοῦς	यीशु
Ἰησοῦς	ने
Γαλιλαίας	गलील
Γαλιλαίας	के
Σίμωνος	शमौन
Ἀνδρέου	अंद्रियास
Ἀνδρέου	के
Ἰακώβου	याकूब
Ἰωάννου	यूहन्‍ना
Ἰωάννου	के
Σίμωνος	शमौन
Σίμωνος	की
Σίμων	शमौन
Γαλιλαίαν	गलील
Μωϋσῆς	मूसा
Μωϋσῆς	ने
Καφαρναοὺμ	कफरनहूम
Ἰησοῦς	यीशु
Ἰησοῦς	ने
Ἰησοῦς	यीशु
Ἰησοῦς	ने
Λευὶν	लेवी
Λευὶν	को
Ἁλφαίου	हलफई
Ἁλφαίου	के
Ἰησοῦ	यीशु
Φαρισαίων	फरीसी
Ἰησοῦς	यीशु
Ἰησοῦς	ने
Ἰωάννου	यूहन्‍ना
Ἰωάννου	के
Φαρισαῖοι	फरीसी
Ἰωάννου	यूहन्‍ना
Ἰωάννου	के
Φαρισαίων	फरीसियों
Φαρισαίων	के
Ἰησοῦς	यीशु
Ἰησοῦς	ने
Φαρισαῖοι	फरीसियों
Φαρισαῖοι	ने
Δαυὶδ	उसने
Ἀβιαθὰρ	अबियातार
Ἀβιαθὰρ	के
Φαρισαῖοι	फरीसी
Ἡρῳδιανῶν	हेरोदियों
Ἡρῳδιανῶν	के
Ἰησοῦς	यीशु
Γαλιλαίας	गलील
Ἰουδαίας	यहूदिया
Ἱεροσολύμων	यरूशलेम
Ἰδουμαίας	इदूमिया
Ἰορδάνου	यरदन
Ἰορδάνου	के
Τύρον	सूर
Σιδῶνα	सैदा
Σίμωνι	शमौन
Πέτρον	पतरस
Ἰάκωβον	याकूब
Ζεβεδαίου	ज़ब्दी
Ζεβεδαίου	का
Ἰωάννην	यूहन्‍ना
Ἰακώβου	याकूब
Ἰακώβου	का
Βοανηργές	बुअनरगिस
Ἀνδρέαν	अंद्रियास
Φίλιππον	फिलिप्पुस
Βαρθολομαῖον	बरतुल्मै
Μαθθαῖον	मत्ती
Θωμᾶν	थोमा
Ἰάκωβον	याकूब
Ἁλφαίου	हलफई
Ἁλφαίου	का
Θαδδαῖον	तद्दै
Σίμωνα	शमौन
Καναναῖον	कनानी
Ἰούδαν	यहूदा
Ἰσκαριώθ	इस्करियोती
Ἱεροσολύμων	यरूशलेम
Βεελζεβοὺλ	बालज़बूल
σατανᾶς	शैतान
σατανᾶν	शैतान
σατανᾶν	को
σατανᾶς	शैतान
σατανᾶς	शैतान
Ἰησοῦν	यीशु
Ἰησοῦν	को
Ἰησοῦ	यीशु
Ἰησοῦ	हे
Ἰησοῦν	यीशु
Δεκαπόλει	दिकापुलिस
Ἰησοῦς	यीशु
Ἰησοῦς	ने
Ἰησοῦ	यीशु
Ἰάϊρος	याईर
Ἰησοῦ	यीशु
Ἰησοῦ	के
Ἰησοῦς	यीशु
Ἰησοῦς	ने
Ἰησοῦς	यीशु
Ἰησοῦς	ने
Πέτρον	पतरस
Ἰάκωβον	याकूब
Ἰωάννην	यूहन्‍ना
Ἰωάννην	को
Ἰακώβου	याकूब
Ἰακώβου	के
Μαρίας	मरियम
Μαρίας	का
Ἰακώβου	याकूब
Ἰωσῆτος	योसेस
Ἰούδα	यहूदा
Σίμωνος	शमौन
Σίμωνος	का
Ἰησοῦς	यीशु
Ἰησοῦς	ने
Ἡρῴδης	हेरोदेस
Ἡρῴδης	ने
Ἰωάννης	यूहन्‍ना
Ἠλίας	एलिय्याह
Ἡρῴδης	हेरोदेस
Ἰωάννην	यूहन्‍ना
Ἡρῴδης	हेरोदेस
Ἡρῴδης	ने
Ἰωάννην	यूहन्‍ना
Ἰωάννην	को
Ἡρῳδιάδα	हेरोदियास
Φιλίππου	फिलिप्पुस
Φιλίππου	की
Ἰωάννης	यूहन्‍ना
Ἡρῴδῃ	हेरोदेस
Ἡρῴδῃ	से
Ἡρῳδιὰς	हेरोदियास
Ἡρῴδης	हेरोदेस
Ἰωάννην	यूहन्‍ना
Ἰωάννην	को
Ἡρῴδης	हेरोदेस
Ἡρῴδης	ने
Γαλιλαίας	गलील
Γαλιλαίας	के
Ἡρῳδιάδος	हेरोदियास
Ἡρῳδιάδος	की
Ἡρῴδῃ	हेरोदेस
Ἰωάννου	यूहन्‍ना
Ἰωάννου	यूहन्‍ना
Ἰησοῦν	यीशु
Βηθσαϊδάν	बैतसैदा
Γεννησαρὲτ	गन्‍नेसरत
Φαρισαῖοι	फरीसी
Ἱεροσολύμων	यरूशलेम
Φαρισαῖοι	फरीसी
Φαρισαῖοι	फरीसियों
Ἠσαΐας	यशायाह
Ἠσαΐας	ने
Μωϋσῆς	मूसा
Μωϋσῆς	ने
κορβᾶν	कुरबान
Τύρου	सूर
Τύρου	के
Ἑλληνίς	यूनानी
Συροφοινίκισσα	सुरूफिनीकी
Τύρου	सूर
Σιδῶνος	सैदा
Γαλιλαίας	गलील
Γαλιλαίας	की
Δεκαπόλεως	दिकापुलिस
Δαλμανουθά	दलमनूता
Δαλμανουθά	के
Φαρισαῖοι	फरीसी
Φαρισαίων	फरीसियों
Φαρισαίων	के
Ἡρῴδου	हेरोदेस
Ἡρῴδου	के
Βηθσαϊδάν	बैतसैदा
Ἰησοῦς	यीशु
Καισαρείας	कैसरिया
Φιλίππου	फिलिप्पी
Φιλίππου	के
Ἰωάννην	यूहन्‍ना
Ἠλίαν	एलिय्याह
Πέτρος	पतरस
Πέτρος	ने
χριστός	मसीह
Πέτρος	पतरस
Πέτρῳ	पतरस
Πέτρῳ	को
σατανᾶ	शैतान
σατανᾶ	हे
Ἰησοῦς	यीशु
Ἰησοῦς	ने
Πέτρον	पतरस
Ἰάκωβον	याकूब
Ἰωάννην	यूहन्‍ना
Ἰωάννην	को
Ἠλίας	एलिय्याह
Μωϋσεῖ	मूसा
Ἰησοῦ	यीशु
Ἰησοῦ	के
Πέτρος	पतरस
Πέτρος	ने
Ἰησοῦ	यीशु
Ἰησοῦ	से
Μωϋσεῖ	मूसा
Μωϋσεῖ	के
Μωϋσεῖ	लिए
Ἠλίᾳ	एलिय्याह
Ἠλίᾳ	के
Ἠλίᾳ	लिए
Ἰησοῦν	यीशु
Ἰησοῦν	को
Ἠλίαν	एलिय्याह
Ἠλίας	एलिय्याह
Ἠλίας	एलिय्याह
Ἰησοῦς	यीशु
Ἰησοῦς	ने
Ἰησοῦς	यीशु
Ἰησοῦς	ने
Ἰησοῦς	यीशु
Ἰησοῦς	ने
Γαλιλαίας	गलील
Καφαρναούμ	कफरनहूम
Ἰωάννης	यूहन्‍ना
Ἰωάννης	ने
Ἰησοῦς	यीशु
Ἰησοῦς	ने
Χριστοῦ	मसीह
Χριστοῦ	के
Ἰουδαίας	यहूदिया
Ἰουδαίας	के
Ἰορδάνου	यरदन
Φαρισαῖοι	फरीसियों
Φαρισαῖοι	ने
Μωϋσῆς	मूसा
Μωϋσῆς	ने
Μωϋσῆς	मूसा
Μωϋσῆς	ने
Ἰησοῦς	यीशु
Ἰησοῦς	ने
Ἰησοῦς	यीशु
Ἰησοῦς	यीशु
Ἰησοῦς	ने
Ἰησοῦς	यीशु
Ἰησοῦς	यीशु
Ἰησοῦς	ने
Ἰησοῦς	यीशु
Ἰησοῦς	ने
Ἰησοῦς	यीशु
Ἰησοῦς	ने
Πέτρος	पतरस
Ἰησοῦς	यीशु
Ἰησοῦς	ने
Ἱεροσόλυμα	यरूशलेम
Ἰησοῦς	यीशु
Ἱεροσόλυμα	यरूशलेम
Ἰάκωβος	याकूब
Ἰωάννης	यूहन्‍ना
Ἰωάννης	ने
Ζεβεδαίου	ज़ब्दी
Ζεβεδαίου	के
Ἰησοῦς	यीशु
Ἰησοῦς	ने
Ἰησοῦς	यीशु
Ἰησοῦς	ने
Ἰακώβου	याकूब
Ἰωάννου	यूहन्‍ना
Ἰησοῦς	यीशु
Ἰησοῦς	ने
Ἰεριχώ	यरीहो
Ἰεριχὼ	यरीहो
Τιμαίου	तिमाई
Τιμαίου	का
Βαρτιμαῖος	बरतिमाई
Ἰησοῦς	यीशु
Δαυὶδ	दाऊद
Δαυὶδ	के
Ἰησοῦ	यीशु
Ἰησοῦ	हे
Δαυίδ	दाऊद
Δαυίδ	के
Ἰησοῦς	यीशु
Ἰησοῦς	ने
Ἰησοῦν	यीशु
Ἰησοῦς	यीशु
Ἰησοῦς	ने
Ἰησοῦς	यीशु
Ἰησοῦς	ने
Ἱεροσόλυμα	यरूशलेम
Βηθφαγὴ	बैतफगे
Βηθανίαν	बैतनिय्याह
Ἰησοῦς	यीशु
Ἰησοῦς	ने
Ἰησοῦν	यीशु
Δαυίδ	दाऊद
Δαυίδ	का
Ἱεροσόλυμα	यरूशलेम
Βηθανίαν	बैतनिय्याह
Βηθανίας	बैतनिय्याह
Ἱεροσόλυμα	यरूशलेम
Πέτρος	पतरस
Πέτρος	ने
Ἰησοῦς	यीशु
Ἰησοῦς	ने
Ἱεροσόλυμα	यरूशलेम
Ἰησοῦς	यीशु
Ἰησοῦς	ने
Ἰωάννου	यूहन्‍ना
Ἰωάννου	का
Ἰωάννην	यूहन्‍ना
Ἰησοῦ	यीशु
Ἰησοῦ	को
Ἰησοῦς	यीशु
Ἰησοῦς	ने
Φαρισαίων	फरीसियों
Ἡρῳδιανῶν	हेरोदियों
Καίσαρι	कैसर
Καίσαρι	को
Καίσαρος	कैसर
Καίσαρος	का
Ἰησοῦς	यीशु
Ἰησοῦς	ने
Καίσαρος	कैसर
Καίσαρος	का
Καίσαρι	कैसर
Καίσαρι	को
Σαδδουκαῖοι	सदूकी
Μωϋσῆς	मूसा
Μωϋσῆς	ने
Ἰησοῦς	यीशु
Ἰησοῦς	ने
Μωϋσέως	मूसा
Μωϋσέως	की
Ἀβραὰμ	अब्राहम
Ἀβραὰμ	का
Ἰσαὰκ	इसहाक
Ἰσαὰκ	का
Ἰακώβ	याकूब
Ἰακώβ	का
Ἰησοῦς	यीशु
Ἰησοῦς	ने
Ἰσραήλ	इस्राएल
Ἰσραήλ	हे
Ἰησοῦς	यीशु
Ἰησοῦς	ने
Ἰησοῦς	यीशु
χριστὸς	मसीह
Δαυίδ	दाऊद
Δαυίδ	का
Δαυὶδ	दाऊद
Δαυὶδ	ने
Δαυὶδ	दाऊद
Ἰησοῦς	यीशु
Ἰησοῦς	ने
Πέτρος	पतरस
Ἰάκωβος	याकूब
Ἰωάννης	यूहन्‍ना
Ἀνδρέας	अंद्रियास
Ἀνδρέας	ने
Ἰησοῦς	यीशु
Ἰησοῦς	ने
Ἰουδαίᾳ	यहूदिया
χριστός	मसीह
Βηθανίᾳ	बैतनिय्याह
Σίμωνος	शमौन
Ἰησοῦς	यीशु
Ἰησοῦς	ने
Ἰούδας	यहूदा
Ἰσκαριὼθ	इस्करियोती
Ἰησοῦς	यीशु
Ἰησοῦς	ने
Ἰησοῦς	यीशु
Ἰησοῦς	ने
Γαλιλαίαν	गलील
Πέτρος	पतरस
Πέτρος	ने
Ἰησοῦς	यीशु
Ἰησοῦς	ने
Γεθσημανὶ	गतसमनी
Πέτρον	पतरस
Ἰάκωβον	याकूब
Ἰωάννην	यूहन्‍ना
Ἰωάννην	को
Πέτρῳ	पतरस
Πέτρῳ	से
Σίμων	शमौन
Ἰούδας	यहूदा
Ἰησοῦς	यीशु
Ἰησοῦς	ने
Ἰησοῦν	यीशु
Ἰησοῦν	को
Πέτρος	पतरस
Ἰησοῦ	उसके
Ἰησοῦν	यीशु
χριστὸς	मसीह
Ἰησοῦς	यीशु
Ἰησοῦς	ने
Πέτρου	पतरस
Πέτρον	पतरस
Πέτρον	को
Ἰησοῦ	यीशु
Ἰησοῦ	के
Πέτρῳ	पतरस
Πέτρῳ	से
Πέτρος	पतरस
Ἰησοῦς	यीशु
Ἰησοῦς	ने
Ἰησοῦν	यीशु
Ἰησοῦν	को
Πιλάτῳ	पिलातुस
Πιλάτῳ	के
Πιλᾶτος	पिलातुस
Πιλᾶτος	ने
Πιλᾶτος	पिलातुस
Πιλᾶτος	ने
Ἰησοῦς	यीशु
Ἰησοῦς	ने
Πιλᾶτον	पिलातुस
Πιλᾶτον	को
Βαραββᾶς	बरअब्बा
Πιλᾶτος	पिलातुस
Πιλᾶτος	ने
Βαραββᾶν	बरअब्बा
Βαραββᾶν	को
Πιλᾶτος	पिलातुस
Πιλᾶτος	ने
Πιλᾶτος	पिलातुस
Πιλᾶτος	ने
Πιλᾶτος	पिलातुस
Πιλᾶτος	ने
Βαραββᾶν	बरअब्बा
Βαραββᾶν	को
Ἰησοῦν	यीशु
Ἰησοῦν	को
Σίμωνα	शमौन
Κυρηναῖον	कुरेनी
Κυρηναῖον	को
Ἀλεξάνδρου	सिकंदर
Ῥούφου	रूफुस
Ῥούφου	के
Γολγοθᾶν	गुलगुता
χριστὸς	मसीह
Ἰσραὴλ	इस्राएल
Ἰσραὴλ	का
Ἰησοῦς	यीशु
Ἰησοῦς	ने
Ἠλίαν	एलिय्याह
Ἠλίαν	को
Ἠλίας	एलिय्याह
Ἰησοῦς	यीशु
Ἰησοῦς	ने
Μαρία	मरियम
Μαγδαληνὴ	मगदलीनी
Μαρία	मरियम
Ἰακώβου	याकूब
Ἰωσῆτος	योसेस
Ἰωσῆτος	की
Σαλώμη	सलोमी
Γαλιλαίᾳ	गलील
Ἱεροσόλυμα	यरूशलेम
Ἰωσὴφ	यूसुफ
Ἁριμαθαίας	अरिमतिया
Πιλᾶτον	पिलातुस
Ἰησοῦ	यीशु
Ἰησοῦ	का
Πιλᾶτος	पिलातुस
Ἰωσήφ	यूसुफ
Ἰωσήφ	को
Μαρία	मरियम
Μαγδαληνὴ	मगदलीनी
Μαρία	मरियम
Ἰωσῆτος	योसेस
Ἰωσῆτος	की
Μαρία	मरियम
Μαγδαληνὴ	मगदलीनी
Μαρία	मरियम
Ἰακώβου	याकूब
Ἰακώβου	की
Σαλώμη	सलोमी
Σαλώμη	ने
Ἰησοῦν	यीशु
Πέτρῳ	पतरस
Πέτρῳ	से
Γαλιλαίαν	गलील
Γαλιλαίαν	को
Μαρίᾳ	मरियम
Μαγδαληνῇ	मगदलीनी
Μαγδαληνῇ	को
Ἰησοῦς	यीशु
Θεόφιλε	थियुफिलुस
Θεόφιλε	हे
Ἡρῴδου	हेरोदेस
Ἡρῴδου	के
Ἰουδαίας	यहूदिया
Ἰουδαίας	के
Ζαχαρίας	जकरयाह
Ἀβιά	अबिय्याह
Ἀβιά	के
Ἀαρὼν	हारून
Ἀαρὼν	के
Ἐλισάβετ	इलीशिबा
Ἐλισάβετ	इलीशिबा
Ζαχαρίας	जकरयाह
Ζαχαρία	जकरयाह
Ζαχαρία	हे
Ἐλισάβετ	इलीशिबा
Ἰωάννην	यूहन्‍ना
Ἰσραὴλ	इस्राएल
Ἰσραὴλ	की
Ἠλίου	एलिय्याह
Ἠλίου	की
Ζαχαρίας	जकरयाह
Ζαχαρίας	ने
Γαβριὴλ	जिब्राईल
Ζαχαρίαν	जकरयाह
Ἐλισάβετ	इलीशिबा
Γαβριὴλ	जिब्राईल
Γαλιλαίας	गलील
Γαλιλαίας	के
Ναζαρὲθ	नासरत
Ἰωσὴφ	यूसुफ
Δαυὶδ	दाऊद
Δαυὶδ	के
Μαριάμ	मरियम
Μαριάμ	हे
Μαριάμ	मरियम
Ἰησοῦν	यीशु
Δαυὶδ	दाऊद
Δαυὶδ	का
Ἰακὼβ	याकूब
Ἰακὼβ	के
Μαριὰμ	मरियम
Μαριὰμ	ने
Ἐλισάβετ	इलीशिबा
Ἐλισάβετ	ने
Μαριάμ	मरियम
Μαριάμ	ने
Μαριὰμ	मरियम
Ἰούδα	यहूदा
Ἰούδα	के
Ζαχαρίου	जकरयाह
Ζαχαρίου	के
Ἐλισάβετ	इलीशिबा
Ἐλισάβετ	को
Μαρίας	मरियम
Μαρίας	का
Ἐλισάβετ	इलीशिबा
Ἐλισάβετ	ने
Ἐλισάβετ	इलीशिबा
Μαριάμ	मरियम
Μαριάμ	ने
Ἰσραὴλ	इस्राएल
Ἀβραὰμ	अब्राहम
Μαριὰμ	मरियम
Ἐλισάβετ	इलीशिबा
Ζαχαρίαν	जकरयाह
Ἰωάννης	यूहन्‍ना
Ἰωάννης	यूहन्‍ना
Ἰουδαίας	यहूदिया
Ἰουδαίας	के
Ζαχαρίας	जकरयाह
Ἰσραήλ	इस्राएल
Ἰσραήλ	का
Δαυὶδ	दाऊद
Δαυὶδ	के
Ἀβραὰμ	अब्राहम
Ἰσραήλ	इस्राएल
Καίσαρος	कैसर
Καίσαρος	की
Αὐγούστου	औगुस्तुस
Συρίας	सीरिया
Συρίας	का
Κυρηνίου	क्‍विरिनियुस
Ἰωσὴφ	यूसुफ
Γαλιλαίας	गलील
Ναζαρὲθ	नासरत
Ἰουδαίαν	यहूदिया
Δαυὶδ	दाऊद
Δαυὶδ	के
Βηθλέεμ	बैतलहम
Δαυίδ	दाऊद
Δαυίδ	के
Μαριὰμ	मरियम
χριστὸς	मसीह
Δαυίδ	दाऊद
Δαυίδ	के
Βηθλέεμ	बैतलहम
Μαριὰμ	मरियम
Ἰωσὴφ	यूसुफ
Ἰωσὴφ	को
Μαριὰμ	मरियम
Ἰησοῦς	यीशु
Μωϋσέως	मूसा
Μωϋσέως	की
Ἱεροσόλυμα	यरूशलेम
Ἰερουσαλὴμ	यरूशलेम
Συμεὼν	शिमोन
Ἰσραήλ	इस्राएल
Ἰσραήλ	की
χριστὸν	मसीह
χριστὸν	को
Ἰησοῦν	यीशु
Ἰησοῦν	को
Ἰσραήλ	इस्राएल
Ἰσραήλ	की
Συμεὼν	शिमोन
Συμεὼν	ने
Μαριὰμ	मरियम
Ἰσραὴλ	इस्राएल
Ἅννα	हन्‍नाह
Φανουήλ	फनूएल
Φανουήλ	की
Ἀσήρ	अशेर
Ἀσήρ	के
Ἰερουσαλήμ	यरूशलेम
Ἰερουσαλήμ	के
Γαλιλαίαν	गलील
Ναζαρέθ	नासरत
Ἰερουσαλὴμ	यरूशलेम
Ἰησοῦς	यीशु
Ἰερουσαλήμ	यरूशलेम
Ἰερουσαλὴμ	यरूशलेम
Ναζαρὲθ	नासरत
Ἰησοῦς	यीशु
Τιβερίου	तिबिरियुस
Καίσαρος	कैसर
Καίσαρος	के
Ποντίου	पुंतियुस
Πιλάτου	पिलातुस
Ἰουδαίας	यहूदिया
Ἰουδαίας	का
Γαλιλαίας	गलील
Γαλιλαίας	का
Ἡρῴδου	हेरोदेस
Φιλίππου	फिलिप्पुस
Λυσανίου	लिसानियास
Ἀβιληνῆς	अबिलेने
Ἀβιληνῆς	का
Ἅννα	हन्‍ना
Καϊάφα	काइफा
Ἰωάννην	यूहन्‍ना
Ζαχαρίου	जकरयाह
Ζαχαρίου	के
Ἰορδάνου	यरदन
Ἰορδάνου	के
Ἠσαΐου	यशायाह
Ἀβραάμ	अब्राहम
Ἀβραάμ	अब्राहम
Ἀβραάμ	के
Ἀβραάμ	लिए
Ἰωάννου	यूहन्‍ना
Ἰωάννου	के
χριστός	मसीह
Ἰωάννης	यूहन्‍ना
Ἰωάννης	ने
Ἡρῴδης	हेरोदेस
Ἡρῳδιάδος	हेरोदियास
Ἡρῳδιάδος	के
Ἡρῴδης	उसने
Ἰωάννην	यूहन्‍ना
Ἰωάννην	को
Ἰησοῦ	यीशु
Ἰησοῦς	यीशु
Ἰησοῦς	ने
Ἰωσὴφ	यूसुफ
Ἰωσὴφ	का
Ἠλὶ	एली
Ἠλὶ	का
Μαθθὰτ	मत्तात
Μαθθὰτ	का
Λευὶ	लेवी
Λευὶ	का
Μελχὶ	मलकी
Μελχὶ	का
Ἰανναὶ	यन्‍ना
Ἰανναὶ	का
Ἰωσὴφ	यूसुफ
Ἰωσὴφ	का
Ματταθίου	मत्तित्याह
Ματταθίου	का
Ἀμὼς	आमोस
Ἀμὼς	का
Ναοὺμ	नहूम
Ναοὺμ	का
Ἑσλὶ	असल्याह
Ἑσλὶ	का
Ναγγαὶ	नोगह
Ναγγαὶ	का
Μάαθ	मात
Μάαθ	का
Ματταθίου	मत्तित्याह
Ματταθίου	का
Σεμεῒν	शिमी
Σεμεῒν	का
Ἰωσὴχ	योसेख
Ἰωσὴχ	का
Ἰωδὰ	योदाह
Ἰωδὰ	का
Ἰωανὰν	यूहन्‍ना
Ἰωανὰν	का
Ῥησὰ	रेसा
Ῥησὰ	का
Ζοροβαβὲλ	जरुब्बाबिल
Ζοροβαβὲλ	का
Σαλαθιὴλ	शालतिएल
Σαλαθιὴλ	का
Νηρὶ	नेरी
Νηρὶ	का
Μελχὶ	मलकी
Μελχὶ	का
Ἀδδὶ	अद्दी
Ἀδδὶ	का
Κωσὰμ	कोसाम
Κωσὰμ	का
Ἐλμαδὰμ	इलमोदाम
Ἐλμαδὰμ	का
Ἢρ	एर
Ἢρ	का
Ἰησοῦ	येशू
Ἰησοῦ	का
Ἐλιέζερ	इलाजार
Ἐλιέζερ	का
Ἰωρὶμ	योरीम
Ἰωρὶμ	का
Μαθθὰτ	मत्तात
Μαθθὰτ	का
Λευὶ	लेवी
Λευὶ	का
Συμεὼν	शिमोन
Συμεὼν	का
Ἰούδα	यहूदा
Ἰούδα	का
Ἰωσὴφ	यूसुफ
Ἰωσὴφ	का
Ἰωνὰμ	योनान
Ἰωνὰμ	का
Ἐλιακὶμ	एल्याकीम
Ἐλιακὶμ	का
Μελεὰ	मलेआह
Μελεὰ	का
Μεννὰ	मिन्‍नाह
Μεννὰ	का
Ματταθὰ	मत्तता
Ματταθὰ	का
Ναθὰμ	नातान
Ναθὰμ	का
Δαυὶδ	दाऊद
Δαυὶδ	का
Ἰεσσαὶ	यिशै
Ἰεσσαὶ	का
Ἰωβὴδ	ओबेद
Ἰωβὴδ	का
Βόος	बोअज़
Βόος	का
Σαλὰ	सलमोन
Σαλὰ	का
Ναασσὼν	नहशोन
Ναασσὼν	का
Ἀμιναδὰβ	अम्मीनादाब
Ἀμιναδὰβ	का
Ἀρνὶ	अरनी
Ἀρνὶ	का
Ἑσρὼμ	हिस्रोन
Ἑσρὼμ	का
Φάρες	फिरिस
Φάρες	का
Ἰούδα	यहूदा
Ἰούδα	का
Ἰακὼβ	याकूब
Ἰακὼβ	का
Ἰσαὰκ	इसहाक
Ἰσαὰκ	का
Ἀβραὰμ	अब्राहम
Ἀβραὰμ	का
Θάρα	तेरह
Θάρα	का
Ναχὼρ	नाहोर
Ναχὼρ	का
Σεροὺχ	सरूग
Σεροὺχ	का
Ῥαγαὺ	रू
Ῥαγαὺ	का
Φάλεκ	पेलेग
Φάλεκ	का
Ἔβερ	एबेर
Ἔβερ	का
Σαλὰ	शेलह
Σαλὰ	का
Καϊνὰμ	केनान
Καϊνὰμ	का
Ἀρφαξὰδ	अर्पक्षद
Ἀρφαξὰδ	का
Σὴμ	शेम
Σὴμ	का
Νῶε	नूह
Νῶε	का
Λάμεχ	लेमेक
Λάμεχ	का
Μαθουσαλὰ	मथूशेलह
Μαθουσαλὰ	का
Ἑνὼχ	हनोक
Ἑνὼχ	का
Ἰάρετ	येरेद
Ἰάρετ	का
Μαλελεὴλ	महललेल
Μαλελεὴλ	का
Καϊνὰμ	केनान
Καϊνὰμ	का
Ἐνὼς	एनोश
Ἐνὼς	का
Σὴθ	शेत
Σὴθ	का
Ἀδὰμ	आदम
Ἀδὰμ	का
Ἰησοῦς	यीशु
Ἰορδάνου	यरदन
Ἰησοῦς	यीशु
Ἰησοῦς	ने
Ἰησοῦς	यीशु
Ἰησοῦς	ने
Ἰερουσαλὴμ	यरूशलेम
Ἰησοῦς	यीशु
Ἰησοῦς	ने
Ἰησοῦς	यीशु
Γαλιλαίαν	गलील
Ναζαρά	नासरत
Ἠσαΐου	यशायाह
Ἰωσὴφ	यूसुफ
Ἰωσὴφ	का
Καφαρναοὺμ	कफरनहूम
Ἠλίου	एलिय्याह
Ἠλίου	के
Ἰσραήλ	इस्राएल
Ἠλίας	एलिय्याह
Σάρεπτα	सारफत
Ἰσραὴλ	इस्राएल
Ἐλισαίου	एलीशा
Ναιμὰν	नामान
Καφαρναοὺμ	कफरनहूम
Γαλιλαίας	गलील
Γαλιλαίας	के
Ἰησοῦ	यीशु
Ἰησοῦ	हे
Ἰησοῦς	यीशु
Ἰησοῦς	ने
Σίμωνος	शमौन
Σίμωνος	के
Σίμωνος	शमौन
Σίμωνος	की
χριστὸν	मसीह
Ἰουδαίας	यहूदिया
Ἰουδαίας	के
Γεννησαρὲτ	गन्‍नेसरत
Γεννησαρὲτ	की
Σίμωνος	शमौन
Σίμωνος	की
Σίμωνα	शमौन
Σίμων	शमौन
Σίμων	ने
Σίμων	शमौन
Πέτρος	पतरस
Πέτρος	ने
Ἰησοῦ	यीशु
Ἰησοῦ	के
Ἰάκωβον	याकूब
Ἰωάννην	यूहन्‍ना
Ζεβεδαίου	ज़ब्दी
Ζεβεδαίου	के
Σίμωνι	शमौन
Σίμωνι	के
Σίμωνα	शमौन
Ἰησοῦς	यीशु
Ἰησοῦς	ने
Ἰησοῦν	यीशु
Ἰησοῦν	को
Μωϋσῆς	मूसा
Μωϋσῆς	ने
Φαρισαῖοι	फरीसी
Γαλιλαίας	गलील
Ἰουδαίας	यहूदिया
Ἰουδαίας	के
Ἰερουσαλήμ	यरूशलेम
Ἰησοῦ	यीशु
Ἰησοῦ	के
Φαρισαῖοι	फरीसी
Ἰησοῦς	यीशु
Ἰησοῦς	ने
Λευὶν	लेवी
Λευὶς	लेवी
Λευὶς	ने
Φαρισαῖοι	फरीसी
Ἰησοῦς	यीशु
Ἰησοῦς	ने
Ἰωάννου	यूहन्‍ना
Ἰωάννου	के
Φαρισαίων	फरीसियों
Φαρισαίων	के
Ἰησοῦς	यीशु
Ἰησοῦς	ने
Φαρισαίων	फरीसियों
Ἰησοῦς	यीशु
Ἰησοῦς	ने
Δαυὶδ	उसने
Φαρισαῖοι	फरीसी
Ἰησοῦς	यीशु
Ἰησοῦς	ने
Ἰησοῦ	यीशु
Ἰησοῦ	के
Ἰησοῦ	साथ
Σίμωνα	शमौन
Πέτρον	पतरस
Ἀνδρέαν	अंद्रियास
Ἰάκωβον	याकूब
Ἰωάννην	यूहन्‍ना
Φίλιππον	फिलिप्पुस
Βαρθολομαῖον	बरतुल्मै
Μαθθαῖον	मत्ती
Θωμᾶν	थोमा
Ἰάκωβον	याकूब
Ἁλφαίου	हलफई
Ἁλφαίου	का
Ἁλφαίου	पुत्र
Σίμωνα	शमौन
Ἰούδαν	यहूदा
Ἰακώβου	याकूब
Ἰακώβου	का
Ἰακώβου	पुत्र
Ἰούδαν	यहूदा
Ἰσκαριώθ	इस्करियोती
Ἰουδαίας	यहूदिया
Ἰερουσαλὴμ	यरूशलेम
Τύρου	सूर
Σιδῶνος	सैदा
Σιδῶνος	के
Καφαρναούμ	कफरनहूम
Ἰησοῦ	यीशु
Ἰησοῦ	के
Ἰησοῦν	यीशु
Ἰησοῦς	यीशु
Ἰησοῦς	यीशु
Ἰσραὴλ	इस्राएल
Ναῒν	नाईन
Ἰουδαίᾳ	यहूदिया
Ἰωάννῃ	यूहन्‍ना
Ἰωάννῃ	को
Ἰωάννης	यूहन्‍ना
Ἰωάννης	ने
Ἰωάννης	यूहन्‍ना
Ἰωάννῃ	यूहन्‍ना
Ἰωάννῃ	को
Ἰωάννου	यूहन्‍ना
Ἰωάννου	के
Ἰωάννου	यूहन्‍ना
Ἰωάννου	के
Ἰωάννου	यूहन्‍ना
Ἰωάννου	से
Ἰωάννου	यूहन्‍ना
Φαρισαῖοι	फरीसियों
Ἰωάννης	यूहन्‍ना
Φαρισαίων	फरीसी
Φαρισαίου	फरीसी
Φαρισαίου	के
Φαρισαίου	फरीसी
Φαρισαίου	के
Φαρισαῖος	फरीसी
Φαρισαῖος	ने
Ἰησοῦς	यीशु
Ἰησοῦς	ने
Σίμων	शमौन
Σίμων	शमौन
Σίμων	ने
Σίμωνι	शमौन
Σίμωνι	से
Μαρία	मरियम
Μαγδαληνή	मगदलीनी
Ἰωάννα	योअन्‍ना
Χουζᾶ	खुज़ा
Χουζᾶ	की
Ἡρῴδου	हेरोदेस
Ἡρῴδου	के
Σουσάννα	सूसन्‍नाह
Γαλιλαίας	गलील
Γαλιλαίας	के
Ἰησοῦν	यीशु
Ἰησοῦν	को
Ἰησοῦ	यीशु
Ἰησοῦ	हे
Ἰησοῦς	यीशु
Ἰησοῦς	ने
Ἰησοῦν	यीशु
Ἰησοῦ	यीशु
Ἰησοῦ	के
Ἰησοῦς	यीशु
Ἰησοῦς	ने
Ἰησοῦν	यीशु
Ἰάϊρος	याईर
Ἰησοῦ	यीशु
Ἰησοῦ	के
Ἰησοῦς	यीशु
Ἰησοῦς	ने
Πέτρος	पतरस
Πέτρος	ने
Ἰησοῦς	यीशु
Ἰησοῦς	ने
Ἰησοῦς	यीशु
Ἰησοῦς	ने
Πέτρον	पतरस
Ἰωάννην	यूहन्‍ना
Ἰάκωβον	याकूब
Ἡρῴδης	हेरोदेस
Ἡρῴδης	ने
Ἰωάννης	यूहन्‍ना
Ἠλίας	एलिय्याह
Ἡρῴδης	हेरोदेस
Ἡρῴδης	ने
Ἰωάννην	यूहन्‍ना
Βηθσαϊδά	बैतसैदा
Ἰωάννην	यूहन्‍ना
Ἠλίαν	एलिय्याह
Πέτρος	पतरस
Πέτρος	ने
χριστὸν	मसीह
Πέτρον	पतरस
Ἰωάννην	यूहन्‍ना
Ἰάκωβον	याकूब
Ἰάκωβον	को
Μωϋσῆς	मूसा
Ἠλίας	एलिय्याह
Ἰερουσαλήμ	यरूशलेम
Πέτρος	पतरस
Πέτρος	पतरस
Πέτρος	ने
Ἰησοῦν	यीशु
Μωϋσεῖ	मूसा
Μωϋσεῖ	के
Μωϋσεῖ	लिए
Ἠλίᾳ	एलिय्याह
Ἠλίᾳ	के
Ἠλίᾳ	लिए
Ἰησοῦς	यीशु
Ἰησοῦς	यीशु
Ἰησοῦς	ने
Ἰησοῦς	यीशु
Ἰησοῦς	ने
Ἰησοῦς	यीशु
Ἰησοῦς	ने
Ἰωάννης	यूहन्‍ना
Ἰωάννης	ने
Ἰησοῦς	यीशु
Ἰησοῦς	ने
Ἰερουσαλήμ	यरूशलेम
Σαμαριτῶν	सामरियों
Σαμαριτῶν	के
Ἰερουσαλήμ	यरूशलेम
Ἰάκωβος	याकूब
Ἰωάννης	यूहन्‍ना
Ἰωάννης	ने
Ἰησοῦς	यीशु
Ἰησοῦς	ने
Ἰησοῦς	यीशु
Ἰησοῦς	ने
Σοδόμοις	सदोम
Σοδόμοις	की
Χοραζίν	खुराजीन
Χοραζίν	हे
Βηθσαϊδά	बैतसैदा
Βηθσαϊδά	हे
Τύρῳ	सूर
Σιδῶνι	सैदा
Τύρῳ	सूर
Σιδῶνι	सैदा
Σιδῶνι	की
Καφαρναούμ	कफरनहूम
Καφαρναούμ	हे
σατανᾶν	शैतान
Ἰησοῦν	यीशु
Ἰησοῦς	यीशु
Ἰησοῦς	ने
Ἰερουσαλὴμ	यरूशलेम
Ἰεριχὼ	यरीहो
Λευίτης	लेवी
Λευίτης	एक
Σαμαρίτης	सामरी
Ἰησοῦς	यीशु
Ἰησοῦς	ने
Μάρθα	मार्था
Μαριάμ	मरियम
Μάρθα	मार्था
Μάρθα	मार्था
Μάρθα	मार्था
Μαριὰμ	मरियम
Μαριὰμ	ने
Ἰωάννης	यूहन्‍ना
Ἰωάννης	ने
Βεελζεβοὺλ	बालज़बूल
σατανᾶς	शैतान
Βεελζεβοὺλ	बालज़बूल
Βεελζεβοὺλ	बालज़बूल
Ἰωνᾶ	योना
Ἰωνᾶ	के
Ἰωνᾶς	योना
Νινευίταις	नीनवे
Νινευίταις	के
Νινευίταις	लोगों
Νινευίταις	के
Νινευίταις	लिए
Σολομῶνος	सुलैमान
Σολομῶνος	की
Σολομῶνος	सुलैमान
Σολομῶνος	से
Νινευῖται	नीनवे
Ἰωνᾶ	योना
Ἰωνᾶ	का
Ἰωνᾶ	योना
Ἰωνᾶ	से
Φαρισαῖος	फरीसी
Φαρισαῖος	एक
Φαρισαῖος	ने
Φαρισαῖος	फरीसी
Φαρισαῖοι	फरीसी
Φαρισαίοις	फरीसियो
Φαρισαίοις	फरीसियो
Ἅβελ	हाबिल
Ἅβελ	के
Ζαχαρίου	जकरयाह
Ζαχαρίου	के
Φαρισαῖοι	फरीसी
Φαρισαίων	फरीसियों
Φαρισαίων	के
Σολομὼν	सुलैमान
Πέτρος	पतरस
Πέτρος	ने
Πιλᾶτος	पिलातुस
Πιλᾶτος	ने
Σιλωὰμ	शीलोह
Ἰερουσαλήμ	यरूशलेम
Ἰησοῦς	यीशु
Ἰησοῦς	ने
Ἰησοῦς	यीशु
Ἰησοῦς	ने
Ἀβραὰμ	अब्राहम
Ἀβραὰμ	की
σατανᾶς	शैतान
σατανᾶς	ने
Ἱεροσόλυμα	यरूशलेम
Ἀβραὰμ	अब्राहम
Ἰσαὰκ	इसहाक
Ἰακὼβ	याकूब
Φαρισαῖοι	फरीसी
Ἡρῴδης	हेरोदेस
Ἰερουσαλήμ	यरूशलेम
Ἰερουσαλήμ	के
Ἰερουσαλὴμ	यरूशलेम
Ἰερουσαλὴμ	हे
Ἰερουσαλήμ	यरूशलेम
Ἰερουσαλήμ	हे
Φαρισαίων	फरीसियों
Φαρισαίων	के
Ἰησοῦς	यीशु
Ἰησοῦς	ने
Φαρισαίους	फरीसियों
Φαρισαῖοι	फरीसी
Φαρισαῖοι	फरीसी
Ἰωάννου	यूहन्‍ना
Λάζαρος	लाज़र
Ἀβραάμ	अब्राहम
Ἀβραάμ	की
Ἀβραὰμ	अब्राहम
Λάζαρον	लाज़र
Λάζαρον	को
Ἀβραάμ	अब्राहम
Λάζαρον	लाज़र
Λάζαρον	को
Ἀβραάμ	अब्राहम
Ἀβραάμ	ने
Λάζαρος	लाज़र
Λάζαρος	ने
Ἀβραάμ	अब्राहम
Ἀβραάμ	ने
Μωϋσέα	मूसा
Ἀβραάμ	अब्राहम
Μωϋσέως	मूसा
Ἰερουσαλὴμ	यरूशलेम
Σαμαρείας	सामरिया
Γαλιλαίας	गलील
Γαλιλαίας	के
Ἰησοῦ	यीशु
Ἰησοῦ	हे
Σαμαρίτης	सामरी
Σαμαρίτης	एक
Ἰησοῦς	यीशु
Ἰησοῦς	ने
Φαρισαίων	फरीसियों
Φαρισαίων	के
Νῶε	नूह
Νῶε	के
Νῶε	नूह
Νῶε	ने
Λώτ	लूत
Λώτ	के
Λὼτ	लूत
Σοδόμων	सदोम
Λώτ	लूत
Λώτ	की
Φαρισαῖος	फरीसी
Φαρισαῖος	फरीसी
Ἰησοῦς	यीशु
Ἰησοῦς	ने
Ἰησοῦς	यीशु
Ἰησοῦς	ने
Ἰησοῦς	यीशु
Ἰησοῦς	ने
Ἰησοῦς	यीशु
Ἰησοῦς	ने
Πέτρος	पतरस
Πέτρος	ने
Ἰερουσαλήμ	यरूशलेम
Ἰεριχὼ	यरीहो
Ἰησοῦς	यीशु
Ναζωραῖος	नासरी
Ἰησοῦ	यीशु
Ἰησοῦ	हे
Δαυίδ	दाऊद
Δαυίδ	के
Δαυίδ	दाऊद
Δαυίδ	के
Ἰησοῦς	यीशु
Ἰησοῦς	ने
Ἰησοῦς	यीशु
Ἰησοῦς	ने
Ἰεριχώ	यरीहो
Ζακχαῖος	जक्‍कई
Ἰησοῦν	यीशु
Ἰησοῦς	उसने
Ζακχαῖε	हे
Ζακχαῖε	जक्‍कई
Ζακχαῖος	जक्‍कई
Ζακχαῖος	ने
Ἰησοῦς	यीशु
Ἰησοῦς	ने
Ἀβραάμ	अब्राहम
Ἀβραάμ	का
Ἰερουσαλὴμ	यरूशलेम
Ἰερουσαλὴμ	के
Ἱεροσόλυμα	यरूशलेम
Βηθφαγὴ	बैतफगे
Βηθανία[ν]	बैतनिय्याह
Ἰησοῦν	यीशु
Ἰησοῦν	यीशु
Ἰησοῦν	को
Φαρισαίων	फरीसियों
Ἰωάννου	यूहन्‍ना
Ἰωάννου	का
Ἰωάννην	यूहन्‍ना
Ἰωάννην	को
Ἰησοῦς	यीशु
Ἰησοῦς	ने
Καίσαρι	कैसर
Καίσαρι	को
Καίσαρος	कैसर
Καίσαρος	का
Καίσαρος	कैसर
Καίσαρος	का
Καίσαρι	कैसर
Καίσαρι	को
Σαδδουκαίων	सदूकियों
Μωϋσῆς	मूसा
Μωϋσῆς	ने
Ἰησοῦς	यीशु
Ἰησοῦς	ने
Μωϋσῆς	मूसा
Μωϋσῆς	ने
Ἀβραὰμ	अब्राहम
Ἀβραὰμ	का
Ἰσαὰκ	इसहाक
Ἰσαὰκ	का
Ἰακώβ	याकूब
Ἰακώβ	का
χριστὸν	मसीह
χριστὸν	को
Δαυὶδ	दाऊद
Δαυὶδ	का
Δαυὶδ	दाऊद
Δαυὶδ	दाऊद
Ἰερουσαλήμ	यरूशलेम
Ἰερουσαλήμ	को
Ἰουδαίᾳ	यहूदिया
Ἰερουσαλὴμ	यरूशलेम
σατανᾶς	शैतान
Ἰούδαν	यहूदा
Ἰσκαριώτην	इस्करियोती
Πέτρον	पतरस
Ἰωάννην	यूहन्‍ना
Ἰωάννην	को
Ἰσραήλ	इस्राएल
Ἰσραήλ	के
Σίμων	शमौन
Σίμων	शमौन
Σίμων	हे
σατανᾶς	शैतान
σατανᾶς	ने
Πέτρε	पतरस
Ἰούδας	यहूदा
Ἰησοῦ	यीशु
Ἰησοῦ	को
Ἰησοῦς	यीशु
Ἰησοῦς	ने
Ἰούδα	यहूदा
Ἰούδα	हे
Ἰησοῦς	यीशु
Ἰησοῦς	ने
Ἰησοῦς	यीशु
Ἰησοῦς	ने
Πέτρος	पतरस
Πέτρος	पतरस
Πέτρος	पतरस
Πέτρος	ने
Πέτρος	पतरस
Πέτρος	ने
Πέτρῳ	पतरस
Πέτρῳ	को
Πέτρος	पतरस
χριστός	मसीह
Πιλᾶτον	पिलातुस
Καίσαρι	कैसर
Καίσαρι	को
χριστὸν	मसीह
Πιλᾶτος	पिलातुस
Πιλᾶτος	ने
Πιλᾶτος	पिलातुस
Πιλᾶτος	ने
Ἰουδαίας	यहूदिया
Γαλιλαίας	गलील
Πιλᾶτος	पिलातुस
Πιλᾶτος	ने
Ἡρῴδου	हेरोदेस
Ἡρῴδου	के
Ἡρῴδην	हेरोदेस
Ἱεροσολύμοις	यरूशलेम
Ἡρῴδης	हेरोदेस
Ἰησοῦν	यीशु
Ἰησοῦν	को
Ἡρῴδης	हेरोदेस
Ἡρῴδης	ने
Πιλάτῳ	पिलातुस
Πιλάτῳ	के
Πιλάτῳ	पास
Ἡρῴδης	हेरोदेस
Πιλᾶτος	पिलातुस
Πιλᾶτος	पिलातुस
Πιλᾶτος	ने
Ἡρῴδης	हेरोदेस
Ἡρῴδης	ने
Βαραββᾶν	बरअब्बा
Βαραββᾶν	को
Πιλᾶτος	पिलातुस
Πιλᾶτος	ने
Ἰησοῦν	यीशु
Ἰησοῦν	को
Πιλᾶτος	पिलातुस
Πιλᾶτος	ने
Ἰησοῦν	यीशु
Ἰησοῦν	को
Σίμωνά	शमौन
Κυρηναῖον	कुरेनी
Κυρηναῖον	को
Ἰησοῦ	यीशु
Ἰησοῦ	के
Ἰησοῦς	यीशु
Ἰησοῦς	ने
Ἰερουσαλήμ	यरूशलेम
Ἰερουσαλήμ	की
Ἰησοῦς	यीशु
Ἰησοῦς	ने
χριστὸς	मसीह
χριστός	मसीह
Ἰησοῦ	यीशु
Ἰησοῦ	हे
Ἰησοῦς	यीशु
Ἰησοῦς	ने
Γαλιλαίας	गलील
Ἰωσὴφ	यूसुफ
Ἁριμαθαίας	अरिमतिया
Ἁριμαθαίας	का
Πιλάτῳ	पिलातुस
Πιλάτῳ	के
Ἰησοῦ	यीशु
Ἰησοῦ	का
Γαλιλαίας	गलील
Ἰησοῦ	यीशु
Ἰησοῦ	का
Γαλιλαίᾳ	गलील
Μαγδαληνὴ	मगदलीनी
Μαρία	मरियम
Ἰωάννα	योअन्‍ना
Μαρία	मरियम
Ἰακώβου	याकूब
Ἰακώβου	की
Πέτρος	पतरस
Ἰερουσαλήμ	यरूशलेम
Ἐμμαοῦς	इम्माऊस
Ἰησοῦς	यीशु
Κλεοπᾶς	क्लियोपास
Ἰερουσαλὴμ	यरूशलेम
Ἰησοῦ	यीशु
Ἰσραήλ	इस्राएल
Ἰσραήλ	को
χριστὸν	मसीह
Μωϋσέως	मूसा
Ἰερουσαλὴμ	यरूशलेम
Σίμωνι	शमौन
Σίμωνι	को
Μωϋσέως	मूसा
Μωϋσέως	की
χριστὸν	मसीह
Ἰερουσαλὴμ	यरूशलेम
Βηθανίαν	बैतनिय्याह
Ἰερουσαλὴμ	यरूशलेम
Ἰωάννης	यूहन्‍ना
Ἰωάννης	यूहन्‍ना
Ἰωάννης	ने
Μωϋσέως	मूसा
Μωϋσέως	के
Ἰησοῦ	यीशु
Χριστοῦ	मसीह
Χριστοῦ	के
Ἰωάννου	यूहन्‍ना
Ἰωάννου	की
Ἱεροσολύμων	यरूशलेम
Λευίτας	लेवियों
Λευίτας	को
χριστός	मसीह
Ἠλίας	एलिय्याह
Ἠσαΐας	यशायाह
Φαρισαίων	फरीसियों
Φαρισαίων	की
χριστὸς	मसीह
Ἠλίας	एलिय्याह
Ἰωάννης	यूहन्‍ना
Ἰωάννης	ने
Βηθανίᾳ	बैतनिय्याह
Ἰορδάνου	यरदन
Ἰορδάνου	के
Ἰωάννης	यूहन्‍ना
Ἰησοῦν	यीशु
Ἰησοῦν	को
Ἰσραὴλ	इस्राएल
Ἰσραὴλ	पर
Ἰωάννης	यूहन्‍ना
Ἰωάννης	ने
Ἰωάννης	यूहन्‍ना
Ἰησοῦ	यीशु
Ἰησοῦ	को
Ἰησοῦ	यीशु
Ἰησοῦ	के
Ἰησοῦς	यीशु
Ἰησοῦς	ने
Ἀνδρέας	अंद्रियास
Σίμωνος	शमौन
Πέτρου	पतरस
Πέτρου	का
Ἰωάννου	यूहन्‍ना
Ἰωάννου	की
Σίμωνα	शमौन
Σίμωνα	से
Μεσσίαν	मसीह
χριστός	ख्रीष्‍ट
Ἰησοῦν	यीशु
Ἰησοῦς	यीशु
Ἰησοῦς	ने
Σίμων	शमौन
Ἰωάννου	यूहन्‍ना
Ἰωάννου	का
Κηφᾶς	कैफा
Πέτρος	पतरस
Γαλιλαίαν	गलील
Φίλιππον	फिलिप्पुस
Φίλιππον	से
Ἰησοῦς	यीशु
Ἰησοῦς	ने
Φίλιππος	फिलिप्पुस
Βηθσαϊδά	बैतसैदा
Βηθσαϊδά	का
Ἀνδρέου	अंद्रियास
Πέτρου	पतरस
Πέτρου	के
Φίλιππος	फिलिप्पुस
Ναθαναὴλ	नतनएल
Ναθαναὴλ	से
Μωϋσῆς	मूसा
Μωϋσῆς	ने
Ἰησοῦν	यीशु
Ἰωσὴφ	यूसुफ
Ἰωσὴφ	का
Ναζαρέτ	नासरत
Ναθαναήλ	नतनएल
Ναθαναήλ	ने
Ναζαρὲτ	नासरत
Φίλιππος	फिलिप्पुस
Φίλιππος	ने
Ἰησοῦς	यीशु
Ἰησοῦς	ने
Ναθαναὴλ	नतनएल
Ναθαναὴλ	को
Ἰσραηλίτης	इस्राएली
Ναθαναήλ	नतनएल
Ναθαναήλ	ने
Ἰησοῦς	यीशु
Ἰησοῦς	ने
Φίλιππον	फिलिप्पुस
Φίλιππον	के
Ναθαναήλ	नतनएल
Ναθαναήλ	ने
Ἰσραήλ	इस्राएल
Ἰσραήλ	का
Ἰησοῦς	यीशु
Ἰησοῦς	ने
Κανὰ	काना
Γαλιλαίας	गलील
Γαλιλαίας	के
Ἰησοῦ	यीशु
Ἰησοῦ	की
Ἰησοῦς	यीशु
Ἰησοῦ	यीशु
Ἰησοῦ	की
Ἰησοῦς	यीशु
Ἰησοῦς	ने
Ἰησοῦς	यीशु
Ἰησοῦς	ने
Ἰησοῦς	यीशु
Ἰησοῦς	ने
Κανὰ	काना
Γαλιλαίας	गलील
Γαλιλαίας	के
Καφαρναοὺμ	कफरनहूम
Ἱεροσόλυμα	यरूशलेम
Ἰησοῦς	यीशु
Ἰησοῦς	यीशु
Ἰησοῦς	ने
Ἰησοῦς	यीशु
Ἰησοῦς	ने
Ἱεροσολύμοις	यरूशलेम
Ἰησοῦς	यीशु
Ἰησοῦς	ने
Φαρισαίων	फरीसियों
Νικόδημος	नीकुदेमुस
Ἰησοῦς	यीशु
Ἰησοῦς	ने
Νικόδημος	नीकुदेमुस
Νικόδημος	ने
Ἰησοῦς	यीशु
Ἰησοῦς	ने
Νικόδημος	नीकुदेमुस
Νικόδημος	ने
Ἰησοῦς	यीशु
Ἰησοῦς	ने
Ἰσραὴλ	इस्राएलियों
Ἰσραὴλ	का
Μωϋσῆς	मूसा
Μωϋσῆς	ने
Ἰησοῦς	यीशु
Ἰωάννης	यूहन्‍ना
Αἰνὼν	ऐनोन
Σαλείμ	शालेम
Σαλείμ	के
Ἰωάννης	यूहन्‍ना
Ἰωάννου	यूहन्‍ना
Ἰωάννου	के
Ἰωάννην	यूहन्‍ना
Ἰορδάνου	यरदन
Ἰορδάνου	के
Ἰωάννης	यूहन्‍ना
Ἰωάννης	ने
χριστός	मसीह
Ἰησοῦς	यीशु
Ἰησοῦς	ने
Φαρισαῖοι	फरीसियों
Φαρισαῖοι	ने
Ἰησοῦς	यीशु
Ἰωάννης	यूहन्‍ना
Ἰησοῦς	यीशु
Ἰουδαίαν	यहूदिया
Γαλιλαίαν	गलील
Σαμαρείας	सामरिया
Σαμαρείας	सामरिया
Σαμαρείας	के
Συχὰρ	सूखार
Ἰακὼβ	याकूब
Ἰακὼβ	ने
Ἰωσὴφ	यूसुफ
Ἰωσὴφ	को
Ἰακώβ	याकूब
Ἰακώβ	का
Ἰησοῦς	यीशु
Σαμαρείας	सामरिया
Ἰησοῦς	यीशु
Ἰησοῦς	ने
Σαμαρῖτις	सामरी
Σαμαρίτιδος	सामरी
Σαμαρίταις	सामरियों
Σαμαρίταις	के
Σαμαρίταις	साथ
Ἰησοῦς	यीशु
Ἰησοῦς	ने
Ἰακώβ	याकूब
Ἰακώβ	से
Ἰησοῦς	यीशु
Ἰησοῦς	ने
Ἰησοῦς	यीशु
Ἰησοῦς	ने
Ἱεροσολύμοις	यरूशलेम
Ἰησοῦς	यीशु
Ἰησοῦς	ने
Ἱεροσολύμοις	यरूशलेम
Μεσσίας	मसीह
χριστός	ख्रीष्‍ट
Ἰησοῦς	यीशु
Ἰησοῦς	ने
χριστός	मसीह
Ἰησοῦς	यीशु
Ἰησοῦς	ने
Σαμαριτῶν	सामरियों
Σαμαρῖται	सामरी
Γαλιλαίαν	गलील
Ἰησοῦς	यीशु
Ἰησοῦς	ने
Γαλιλαίαν	गलील
Ἱεροσολύμοις	यरूशलेम
Κανὰ	काना
Γαλιλαίας	गलील
Γαλιλαίας	के
Καφαρναούμ	कफरनहूम
Ἰησοῦς	यीशु
Ἰουδαίας	यहूदिया
Γαλιλαίαν	गलील
Ἰησοῦς	यीशु
Ἰησοῦς	ने
Ἰησοῦς	यीशु
Ἰησοῦς	ने
Ἰησοῦς	यीशु
Ἰησοῦς	के
Ἰησοῦς	यीशु
Ἰησοῦς	ने
Ἰησοῦς	यीशु
Ἰησοῦς	ने
Ἰουδαίας	यहूदिया
Γαλιλαίαν	गलील
Ἰησοῦς	यीशु
Ἱεροσόλυμα	यरूशलेम
Ἱεροσολύμοις	यरूशलेम
Βηθζαθὰ	बैतहसदा
Ἰησοῦς	यीशु
Ἰησοῦς	ने
Ἰησοῦς	यीशु
Ἰησοῦς	ने
Ἰησοῦς	यीशु
Ἰησοῦς	यीशु
Ἰησοῦς	यीशु
Ἰησοῦν	यीशु
Ἰησοῦν	को
Ἰησοῦς	यीशु
Ἰησοῦς	ने
Ἰησοῦς	यीशु
Ἰησοῦς	ने
Ἰωάννην	यूहन्‍ना
Ἰωάννου	यूहन्‍ना
Ἰωάννου	की
Μωϋσῆς	मूसा
Μωϋσεῖ	मूसा
Μωϋσεῖ	पर
Ἰησοῦς	यीशु
Γαλιλαίας	गलील
Τιβεριάδος	तिबिरियास
Τιβεριάδος	की
Ἰησοῦς	यीशु
Ἰησοῦς	यीशु
Ἰησοῦς	ने
Φίλιππον	फिलिप्पुस
Φίλιππος	फिलिप्पुस
Φίλιππος	ने
Ἀνδρέας	अंद्रियास
Ἀνδρέας	ने
Σίμωνος	शमौन
Πέτρου	पतरस
Πέτρου	के
Ἰησοῦς	यीशु
Ἰησοῦς	ने
Ἰησοῦς	यीशु
Ἰησοῦς	ने
Ἰησοῦς	यीशु
Ἰησοῦς	ने
Καφαρναούμ	कफरनहूम
Ἰησοῦς	यीशु
Ἰησοῦν	यीशु
Ἰησοῦν	को
Ἰησοῦς	यीशु
Τιβεριάδος	तिबिरियास
Ἰησοῦς	यीशु
Καφαρναοὺμ	कफरनहूम
Ἰησοῦν	यीशु
Ἰησοῦν	को
Ἰησοῦς	यीशु
Ἰησοῦς	ने
Ἰησοῦς	यीशु
Ἰησοῦς	ने
Ἰησοῦς	यीशु
Ἰησοῦς	ने
Μωϋσῆς	मूसा
Μωϋσῆς	ने
Ἰησοῦς	यीशु
Ἰησοῦς	ने
Ἰησοῦς	यीशु
Ἰωσήφ	यूसुफ
Ἰωσήφ	का
Ἰησοῦς	यीशु
Ἰησοῦς	ने
Ἰησοῦς	यीशु
Ἰησοῦς	ने
Καφαρναούμ	कफरनहूम
Ἰησοῦς	यीशु
Ἰησοῦς	ने
Ἰησοῦς	यीशु
Ἰησοῦς	यीशु
Ἰησοῦς	ने
Σίμων	शमौन
Πέτρος	पतरस
Πέτρος	ने
Ἰησοῦς	यीशु
Ἰησοῦς	ने
Ἰούδαν	यहूदा
Ἰούδαν	के
Ἰούδαν	विषय
Ἰούδαν	में
Σίμωνος	शमौन
Ἰσκαριώτου	इस्करियोती
Ἰσκαριώτου	के
Ἰησοῦς	यीशु
Γαλιλαίᾳ	गलील
Ἰουδαίᾳ	यहूदिया
Ἰουδαίαν	यहूदिया
Ἰησοῦς	यीशु
Ἰησοῦς	ने
Γαλιλαίᾳ	गलील
Ἰησοῦς	यीशु
Ἰησοῦς	यीशु
Ἰησοῦς	ने
Μωϋσῆς	मूसा
Μωϋσῆς	ने
Ἰησοῦς	यीशु
Ἰησοῦς	ने
Μωϋσῆς	मूसा
Μωϋσῆς	ने
Μωϋσέως	मूसा
Μωϋσέως	की
Μωϋσέως	मूसा
Μωϋσέως	की
χριστός	मसीह
χριστὸς	मसीह
Ἰησοῦς	यीशु
Ἰησοῦς	ने
χριστὸς	मसीह
Φαρισαῖοι	फरीसियों
Φαρισαῖοι	ने
Φαρισαῖοι	फरीसियों
Φαρισαῖοι	ने
Ἰησοῦς	यीशु
Ἰησοῦς	ने
Ἑλλήνων	यूनानियों
Ἕλληνας	यूनानियों
Ἕλληνας	को
Ἰησοῦς	यीशु
Ἰησοῦς	यीशु
Ἰησοῦς	के
χριστός	मसीह
Γαλιλαίας	गलील
χριστὸς	मसीह
Δαυὶδ	दाऊद
Δαυὶδ	के
Βηθλέεμ	बैतलहम
Δαυὶδ	दाऊद
χριστός	मसीह
Φαρισαίους	फरीसियों
Φαρισαῖοι	फरीसियों
Φαρισαῖοι	ने
Φαρισαίων	फरीसियों
Νικόδημος	नीकुदेमुस
Νικόδημος	ने
Γαλιλαίας	गलील
Γαλιλαίας	का
Γαλιλαίας	गलील
Ἰησοῦς	यीशु
Φαρισαῖοι	फरीसी
Μωϋσῆς	मूसा
Μωϋσῆς	ने
Ἰησοῦς	यीशु
Ἰησοῦς	यीशु
Ἰησοῦς	ने
Ἰησοῦς	यीशु
Ἰησοῦς	ने
Ἰησοῦς	यीशु
Ἰησοῦς	ने
Φαρισαῖοι	फरीसियों
Φαρισαῖοι	ने
Ἰησοῦς	यीशु
Ἰησοῦς	ने
Ἰησοῦς	यीशु
Ἰησοῦς	ने
Ἰησοῦς	यीशु
Ἰησοῦς	ने
Ἰησοῦς	यीशु
Ἰησοῦς	ने
Ἰησοῦς	यीशु
Ἰησοῦς	ने
Ἀβραάμ	अब्राहम
Ἀβραάμ	के
Ἰησοῦς	यीशु
Ἰησοῦς	ने
Ἀβραάμ	अब्राहम
Ἀβραάμ	के
Ἀβραάμ	अब्राहम
Ἰησοῦς	यीशु
Ἰησοῦς	ने
Ἀβραάμ	अब्राहम
Ἀβραάμ	की
Ἀβραὰμ	अब्राहम
Ἀβραὰμ	के
Ἀβραὰμ	अब्राहम
Ἀβραὰμ	ने
Ἰησοῦς	यीशु
Ἰησοῦς	ने
Σαμαρίτης	सामरी
Ἰησοῦς	यीशु
Ἰησοῦς	ने
Ἀβραὰμ	अब्राहम
Ἀβραάμ	अब्राहम
Ἰησοῦς	यीशु
Ἰησοῦς	ने
Ἀβραὰμ	अब्राहम
Ἀβραὰμ	अब्राहम
Ἀβραὰμ	को
Ἰησοῦς	यीशु
Ἰησοῦς	ने
Ἀβραὰμ	अब्राहम
Ἰησοῦς	यीशु
Ἰησοῦς	यीशु
Ἰησοῦς	ने
Σιλωάμ	शीलोह
Σιλωάμ	के
Ἰησοῦς	यीशु
Σιλωὰμ	शीलोह
Φαρισαίους	फरीसियों
Ἰησοῦς	यीशु
Ἰησοῦς	ने
Φαρισαῖοι	फरीसियों
Φαρισαῖοι	ने
Φαρισαίων	फरीसियों
χριστόν	मसीह
Μωϋσέως	मूसा
Μωϋσέως	के
Μωϋσεῖ	मूसा
Μωϋσεῖ	से
Ἰησοῦς	यीशु
Ἰησοῦς	ने
Ἰησοῦς	यीशु
Ἰησοῦς	ने
Ἰησοῦς	यीशु
Ἰησοῦς	ने
Φαρισαίων	फरीसियों
Ἰησοῦς	यीशु
Ἰησοῦς	ने
Ἰησοῦς	यीशु
Ἰησοῦς	ने
Ἰησοῦς	यीशु
Ἰησοῦς	ने
Ἱεροσολύμοις	यरूशलेम
Ἰησοῦς	यीशु
Σολομῶνος	सुलैमान
Σολομῶνος	के
χριστός	मसीह
Ἰησοῦς	यीशु
Ἰησοῦς	ने
Ἰησοῦς	यीशु
Ἰησοῦς	ने
Ἰησοῦς	यीशु
Ἰησοῦς	ने
Ἰορδάνου	यरदन
Ἰορδάνου	के
Ἰωάννης	यूहन्‍ना
Ἰωάννης	यूहन्‍ना
Ἰωάννης	ने
Ἰωάννης	यूहन्‍ना
Ἰωάννης	ने
Λάζαρος	लाज़र
Βηθανίας	बैतनिय्याह
Μαρίας	मरियम
Μάρθας	मार्था
Μάρθας	के
Μαριὰμ	मरियम
Λάζαρος	लाज़र
Ἰησοῦς	यीशु
Ἰησοῦς	ने
Ἰησοῦς	यीशु
Μάρθαν	मार्था
Λάζαρον	लाज़र
Ἰουδαίαν	यहूदिया
Ἰησοῦς	यीशु
Ἰησοῦς	ने
Λάζαρος	लाज़र
Ἰησοῦς	यीशु
Ἰησοῦς	ने
Ἰησοῦς	यीशु
Ἰησοῦς	ने
Λάζαρος	लाज़र
Θωμᾶς	थोमा
Θωμᾶς	ने
Δίδυμος	दिदुमुस
Ἰησοῦς	यीशु
Βηθανία	बैतनिय्याह
Ἱεροσολύμων	यरूशलेम
Μάρθαν	मार्था
Μαριὰμ	मरियम
Μάρθα	मार्था
Μάρθα	ने
Ἰησοῦς	यीशु
Μαριὰμ	मरियम
Μάρθα	मार्था
Μάρθα	ने
Ἰησοῦν	यीशु
Ἰησοῦς	यीशु
Ἰησοῦς	ने
Μάρθα	मार्था
Μάρθα	ने
Ἰησοῦς	यीशु
Ἰησοῦς	ने
χριστὸς	मसीह
Μαριὰμ	मरियम
Μαριὰμ	को
Ἰησοῦς	यीशु
Μάρθα	मार्था
Μαριὰμ	मरियम
Μαριὰμ	मरियम
Ἰησοῦς	यीशु
Ἰησοῦς	यीशु
Ἰησοῦς	ने
Ἰησοῦς	यीशु
Ἰησοῦς	यीशु
Ἰησοῦς	यीशु
Ἰησοῦς	ने
Μάρθα	मार्था
Μάρθα	ने
Ἰησοῦς	यीशु
Ἰησοῦς	ने
Ἰησοῦς	यीशु
Ἰησοῦς	ने
Λάζαρε	लाज़र
Λάζαρε	हे
Ἰησοῦς	यीशु
Ἰησοῦς	ने
Μαριὰμ	मरियम
Φαρισαίους	फरीसियों
Ἰησοῦς	यीशु
Ἰησοῦς	ने
Φαρισαῖοι	फरीसियों
Φαρισαῖοι	ने
Καϊάφας	काइफा
Ἰησοῦς	यीशु
Ἰησοῦς	यीशु
Ἐφραὶμ	इफ्राईम
Ἱεροσόλυμα	यरूशलेम
Ἰησοῦν	यीशु
Ἰησοῦν	को
Φαρισαῖοι	फरीसियों
Φαρισαῖοι	ने
Ἰησοῦς	यीशु
Βηθανίαν	बैतनिय्याह
Λάζαρος	लाज़र
Ἰησοῦς	यीशु
Ἰησοῦς	ने
Μάρθα	मार्था
Λάζαρος	लाज़र
Μαριὰμ	मरियम
Μαριὰμ	ने
Ἰησοῦ	यीशु
Ἰησοῦ	के
Ἰούδας	यहूदा
Ἰσκαριώτης	इस्करियोती
Ἰησοῦς	यीशु
Ἰησοῦς	ने
Ἰησοῦν	यीशु
Λάζαρον	लाज़र
Λάζαρον	को
Λάζαρον	लाज़र
Λάζαρον	को
Ἰησοῦν	यीशु
Ἰησοῦς	यीशु
Ἱεροσόλυμα	यरूशलेम
Ἰσραήλ	इस्राएल
Ἰσραήλ	का
Ἰησοῦς	यीशु
Σιών	सिय्योन
Σιών	हे
Σιών	की
Ἰησοῦς	यीशु
Λάζαρον	लाज़र
Λάζαρον	को
Φαρισαῖοι	फरीसियों
Φαρισαῖοι	ने
Ἕλληνές	यूनानी
Φιλίππῳ	फिलिप्पुस
Φιλίππῳ	के
Βηθσαϊδὰ	बैतसैदा
Γαλιλαίας	गलील
Γαλιλαίας	के
Ἰησοῦν	यीशु
Φίλιππος	फिलिप्पुस
Φίλιππος	ने
Ἀνδρέᾳ	अंद्रियास
Ἀνδρέᾳ	को
Ἀνδρέας	अंद्रियास
Ἀνδρέας	ने
Φίλιππος	फिलिप्पुस
Ἰησοῦ	यीशु
Ἰησοῦ	को
Ἰησοῦς	यीशु
Ἰησοῦς	ने
Ἰησοῦς	यीशु
Ἰησοῦς	ने
χριστὸς	मसीह
Ἰησοῦς	यीशु
Ἰησοῦς	ने
Ἰησοῦς	यीशु
Ἰησοῦς	ने
Ἠσαΐου	यशायाह
Ἠσαΐας	यशायाह
Ἠσαΐας	ने
Ἠσαΐας	यशायाह
Ἠσαΐας	ने
Φαρισαίους	फरीसियों
Ἰησοῦς	यीशु
Ἰησοῦς	ने
Ἰησοῦς	यीशु
Ἰούδας	यहूदा
Σίμωνος	शमौन
Σίμωνος	के
Ἰσκαριώτου	इस्करियोती
Ἰσκαριώτου	के
Σίμωνα	शमौन
Πέτρον	पतरस
Ἰησοῦς	यीशु
Ἰησοῦς	ने
Πέτρος	पतरस
Πέτρος	ने
Ἰησοῦς	यीशु
Ἰησοῦς	ने
Σίμων	शमौन
Πέτρος	पतरस
Πέτρος	ने
Ἰησοῦς	यीशु
Ἰησοῦς	ने
Ἰησοῦς	यीशु
Ἰησοῦ	यीशु
Ἰησοῦ	की
Ἰησοῦς	यीशु
Σίμων	शमौन
Πέτρος	पतरस
Πέτρος	ने
Ἰησοῦ	यीशु
Ἰησοῦ	की
Ἰησοῦς	यीशु
Ἰησοῦς	ने
Ἰούδᾳ	यहूदा
Ἰούδᾳ	को
Σίμωνος	शमौन
Ἰσκαριώτου	इस्करियोती
Ἰσκαριώτου	के
σατανᾶς	शैतान
Ἰησοῦς	यीशु
Ἰησοῦς	ने
Ἰούδας	यहूदा
Ἰησοῦς	यीशु
Ἰησοῦς	ने
Ἰησοῦς	यीशु
Ἰησοῦς	ने
Σίμων	शमौन
Πέτρος	पतरस
Πέτρος	ने
Ἰησοῦς	यीशु
Ἰησοῦς	ने
Πέτρος	पतरस
Πέτρος	ने
Ἰησοῦς	यीशु
Ἰησοῦς	ने
Θωμᾶς	थोमा
Θωμᾶς	ने
Ἰησοῦς	यीशु
Ἰησοῦς	ने
Φίλιππος	फिलिप्पुस
Φίλιππος	ने
Ἰησοῦς	यीशु
Ἰησοῦς	ने
Φίλιππε	फिलिप्पुस
Ἰούδας	यहूदा
Ἰούδας	ने
Ἰσκαριώτης	इस्करियोती
Ἰησοῦς	यीशु
Ἰησοῦς	ने
Ἰησοῦς	यीशु
Ἰησοῦς	ने
Ἰησοῦς	यीशु
Ἰησοῦς	ने
Ἰησοῦς	यीशु
Ἰησοῦς	ने
Ἰησοῦν	यीशु
Χριστόν	मसीह
Χριστόν	को
Ἰησοῦς	यीशु
Κεδρὼν	किद्रोन
Ἰούδας	यहूदा
Ἰησοῦς	यीशु
Ἰούδας	यहूदा
Φαρισαίων	फरीसियों
Ἰησοῦς	यीशु
Ἰησοῦν	यीशु
Ναζωραῖον	नासरी
Ναζωραῖον	को
Ἰούδας	यहूदा
Ἰησοῦν	यीशु
Ναζωραῖον	नासरी
Ναζωραῖον	को
Ἰησοῦς	यीशु
Ἰησοῦς	ने
Σίμων	शमौन
Πέτρος	पतरस
Πέτρος	ने
Μάλχος	मलखुस
Ἰησοῦς	यीशु
Ἰησοῦς	ने
Πέτρῳ	पतरस
Πέτρῳ	से
Ἰησοῦν	यीशु
Ἰησοῦν	को
Ἅνναν	हन्‍ना
Καϊάφα	काइफा
Καϊάφα	का
Καϊάφας	काइफा
Ἰησοῦ	यीशु
Ἰησοῦ	के
Σίμων	शमौन
Πέτρος	पतरस
Ἰησοῦ	यीशु
Ἰησοῦ	के
Πέτρος	पतरस
Πέτρον	पतरस
Πέτρον	को
Πέτρῳ	पतरस
Πέτρῳ	से
Πέτρος	पतरस
Ἰησοῦν	यीशु
Ἰησοῦς	यीशु
Ἰησοῦς	ने
Ἰησοῦ	यीशु
Ἰησοῦ	को
Ἰησοῦς	यीशु
Ἰησοῦς	ने
Ἅννας	हन्‍ना
Ἅννας	ने
Καϊάφαν	काइफा
Σίμων	शमौन
Πέτρος	पतरस
Πέτρος	पतरस
Πέτρος	ने
Πέτρος	पतरस
Πέτρος	ने
Ἰησοῦν	यीशु
Ἰησοῦν	को
Καϊάφα	काइफा
Καϊάφα	के
Πιλᾶτος	पिलातुस
Πιλᾶτος	पिलातुस
Πιλᾶτος	ने
Ἰησοῦ	यीशु
Ἰησοῦ	का
Πιλᾶτος	पिलातुस
Πιλᾶτος	ने
Ἰησοῦν	यीशु
Ἰησοῦν	को
Ἰησοῦς	यीशु
Ἰησοῦς	ने
Πιλᾶτος	पिलातुस
Πιλᾶτος	ने
Ἰησοῦς	यीशु
Ἰησοῦς	ने
Πιλᾶτος	पिलातुस
Πιλᾶτος	ने
Ἰησοῦς	यीशु
Ἰησοῦς	ने
Πιλᾶτος	पिलातुस
Πιλᾶτος	ने
Βαραββᾶν	बरअब्बा
Βαραββᾶν	को
Βαραββᾶς	बरअब्बा
Πιλᾶτος	पिलातुस
Πιλᾶτος	ने
Ἰησοῦν	यीशु
Ἰησοῦν	को
Πιλᾶτος	पिलातुस
Πιλᾶτος	ने
Ἰησοῦς	यीशु
Πιλᾶτος	पिलातुस
Πιλᾶτος	ने
Πιλᾶτος	पिलातुस
Πιλᾶτος	ने
Ἰησοῦ	यीशु
Ἰησοῦ	से
Ἰησοῦς	यीशु
Ἰησοῦς	ने
Πιλᾶτος	पिलातुस
Πιλᾶτος	ने
Ἰησοῦς	यीशु
Ἰησοῦς	ने
Πιλᾶτος	पिलातुस
Πιλᾶτος	ने
Καίσαρος	कैसर
Καίσαρος	का
Καίσαρι	कैसर
Καίσαρι	का
Πιλᾶτος	पिलातुस
Ἰησοῦν	यीशु
Ἰησοῦν	को
Γαββαθα	गब्बता
Πιλᾶτος	पिलातुस
Πιλᾶτος	ने
Καίσαρα	कैसर
Καίσαρα	को
Ἰησοῦν	यीशु
Ἰησοῦν	को
Γολγοθα	गुलगुता
Ἰησοῦν	यीशु
Ἰησοῦν	को
Πιλᾶτος	पिलातुस
Πιλᾶτος	ने
Ἰησοῦς	यीशु
Ναζωραῖος	नासरी
Ἰησοῦς	यीशु
Πιλάτῳ	पिलातुस
Πιλάτῳ	से
Πιλᾶτος	पिलातुस
Πιλᾶτος	ने
Ἰησοῦν	यीशु
Ἰησοῦν	को
Ἰησοῦ	यीशु
Ἰησοῦ	के
Μαρία	मरियम
Κλωπᾶ	क्लोपास
Κλωπᾶ	की
Μαρία	मरियम
Μαγδαληνή	मगदलीनी
Ἰησοῦς	यीशु
Ἰησοῦς	ने
Ἰησοῦς	यीशु
Ἰησοῦς	ने
Ἰησοῦς	यीशु
Ἰησοῦς	ने
Πιλᾶτον	पिलातुस
Ἰησοῦν	यीशु
Πιλᾶτον	पिलातुस
Ἰωσὴφ	यूसुफ
Ἰωσὴφ	ने
Ἁριμαθαίας	अरिमतिया
Ἰησοῦ	यीशु
Ἰησοῦ	का
Ἰησοῦ	यीशु
Ἰησοῦ	का
Πιλᾶτος	पिलातुस
Πιλᾶτος	ने
Νικόδημος	नीकुदेमुस
Ἰησοῦ	यीशु
Ἰησοῦ	का
Ἰησοῦν	यीशु
Ἰησοῦν	को
Μαρία	मरियम
Μαγδαληνὴ	मगदलीनी
Σίμωνα	शमौन
Πέτρον	पतरस
Ἰησοῦς	यीशु
Πέτρος	पतरस
Πέτρου	पतरस
Πέτρου	से
Σίμων	शमौन
Πέτρος	पतरस
Μαρία	मरियम
Ἰησοῦ	यीशु
Ἰησοῦ	का
Ἰησοῦν	यीशु
Ἰησοῦν	को
Ἰησοῦς	यीशु
Ἰησοῦς	यीशु
Ἰησοῦς	ने
Ἰησοῦς	यीशु
Ἰησοῦς	ने
Μαριάμ	मरियम
Ἰησοῦς	यीशु
Ἰησοῦς	ने
Μαριὰμ	मरियम
Μαγδαληνὴ	मगदलीनी
Μαγδαληνὴ	ने
Ἰησοῦς	यीशु
Ἰησοῦς	यीशु
Ἰησοῦς	ने
Θωμᾶς	थोमा
Δίδυμος	दिदुमुस
Ἰησοῦς	यीशु
Θωμᾶς	थोमा
Ἰησοῦς	यीशु
Θωμᾷ	थोमा
Θωμᾷ	से
Θωμᾶς	थोमा
Θωμᾶς	ने
Ἰησοῦς	यीशु
Ἰησοῦς	ने
Ἰησοῦς	यीशु
Ἰησοῦς	ने
Ἰησοῦς	यीशु
χριστὸς	मसीह
Ἰησοῦς	यीशु
Ἰησοῦς	ने
Τιβεριάδος	तिबिरियास
Σίμων	शमौन
Πέτρος	पतरस
Θωμᾶς	थोमा
Δίδυμος	दिदुमुस
Ναθαναὴλ	नतनएल
Κανὰ	काना
Γαλιλαίας	गलील
Γαλιλαίας	के
Ζεβεδαίου	ज़ब्दी
Ζεβεδαίου	के
Σίμων	शमौन
Πέτρος	पतरस
Πέτρος	ने
Ἰησοῦς	यीशु
Ἰησοῦς	यीशु
Ἰησοῦς	यीशु
Ἰησοῦς	ने
Ἰησοῦς	यीशु
Πέτρῳ	पतरस
Πέτρῳ	से
Σίμων	शमौन
Πέτρος	पतरस
Πέτρος	ने
Ἰησοῦς	यीशु
Ἰησοῦς	ने
Σίμων	शमौन
Πέτρος	पतरस
Ἰησοῦς	यीशु
Ἰησοῦς	ने
Ἰησοῦς	यीशु
Ἰησοῦς	यीशु
Σίμωνι	शमौन
Πέτρῳ	पतरस
Πέτρῳ	से
Ἰησοῦς	यीशु
Ἰησοῦς	ने
Σίμων	शमौन
Ἰωάννου	यूहन्‍ना
Ἰωάννου	के
Σίμων	शमौन
Ἰωάννου	यूहन्‍ना
Ἰωάννου	के
Σίμων	शमौन
Ἰωάννου	यूहन्‍ना
Ἰωάννου	के
Πέτρος	पतरस
Ἰησοῦς	यीशु
Ἰησοῦς	ने
Πέτρος	पतरस
Πέτρος	ने
Ἰησοῦς	यीशु
Πέτρος	पतरस
Πέτρος	ने
Ἰησοῦ	यीशु
Ἰησοῦ	से
Ἰησοῦς	यीशु
Ἰησοῦς	ने
Ἰησοῦς	यीशु
Ἰησοῦς	ने
Ἰησοῦς	यीशु
Ἰησοῦς	ने
Θεόφιλε	थियुफिलुस
Ἰησοῦς	यीशु
Ἰησοῦς	ने
Ἱεροσολύμων	यरूशलेम
Ἰωάννης	यूहन्‍ना
Ἰωάννης	ने
Ἰσραήλ	इस्राएल
Ἰσραήλ	के
Ἰερουσαλὴμ	यरूशलेम
Ἰουδαίᾳ	यहूदिया
Σαμαρείᾳ	सामरिया
Ἰησοῦς	यीशु
Ἰερουσαλὴμ	यरूशलेम
Ἰερουσαλὴμ	यरूशलेम
Ἰερουσαλὴμ	के
Πέτρος	पतरस
Ἰωάννης	यूहन्‍ना
Ἰάκωβος	याकूब
Ἀνδρέας	अंद्रियास
Φίλιππος	फिलिप्पुस
Θωμᾶς	थोमा
Βαρθολομαῖος	बरतुल्मै
Μαθθαῖος	मत्ती
Ἰάκωβος	याकूब
Ἁλφαίου	हलफई
Ἁλφαίου	का
Ἁλφαίου	पुत्र
Σίμων	शमौन
Ἰούδας	यहूदा
Ἰακώβου	याकूब
Ἰακώβου	का
Ἰακώβου	पुत्र
Μαριὰμ	मरियम
Ἰησοῦ	यीशु
Ἰησοῦ	की
Πέτρος	पतरस
Πέτρος	ने
Δαυὶδ	दाऊद
Δαυὶδ	के
Ἰούδα	यहूदा
Ἰούδα	के
Ἰησοῦν	यीशु
Ἰησοῦν	को
Ἰερουσαλήμ	यरूशलेम
Ἁκελδαμάχ	हकलदमा
Ἰησοῦς	यीशु
Ἰωάννου	यूहन्‍ना
Ἰωάννου	के
Ἰωσὴφ	यूसुफ
Βαρσαββᾶν	बरसब्बा
Ἰοῦστος	यूस्तुस
Μαθθίαν	मत्तियाह
Μαθθίαν	को
Ἰούδας	यहूदा
Μαθθίαν	मत्तियाह
Ἰερουσαλὴμ	यरूशलेम
Πάρθοι	पारथी
Μῆδοι	मेदी
Ἐλαμῖται	एलामी
Μεσοποταμίαν	मेसोपोटामिया
Ἰουδαίαν	यहूदिया
Καππαδοκίαν	कप्पदूकिया
Πόντον	पुंतुस
Ἀσίαν	आसिया
Φρυγίαν	फ्रूगिया
Παμφυλίαν	पंफूलिया
Αἴγυπτον	मिस्र
Λιβύης	लिबिया
Λιβύης	के
Κυρήνην	कुरेने
Κρῆτες	क्रेती
Ἄραβες	अरबी
Πέτρος	पतरस
Πέτρος	ने
Ἰερουσαλὴμ	यरूशलेम
Ἰωήλ	योएल
Ἰσραηλῖται	इस्राएलियो
Ἰσραηλῖται	हे
Ἰησοῦν	यीशु
Ναζωραῖον	नासरी
Δαυὶδ	दाऊद
Δαυὶδ	दाऊद
Δαυὶδ	के
Χριστοῦ	मसीह
Χριστοῦ	के
Ἰησοῦν	यीशु
Ἰησοῦν	को
Δαυὶδ	दाऊद
Ἰσραὴλ	इस्राएल
Ἰσραὴλ	का
χριστὸν	मसीह
Ἰησοῦν	यीशु
Ἰησοῦν	को
Πέτρον	पतरस
Πέτρος	पतरस
Πέτρος	ने
Ἰησοῦ	यीशु
Χριστοῦ	मसीह
Χριστοῦ	के
Πέτρος	पतरस
Ἰωάννης	यूहन्‍ना
Πέτρον	पतरस
Ἰωάννην	यूहन्‍ना
Πέτρος	पतरस
Πέτρος	ने
Ἰωάννῃ	यूहन्‍ना
Πέτρος	पतरस
Πέτρος	ने
Ἰησοῦ	यीशु
Χριστοῦ	मसीह
Ναζωραίου	नासरी
Ναζωραίου	के
Πέτρον	पतरस
Ἰωάννην	यूहन्‍ना
Ἰωάννην	को
Σολομῶντος	सुलैमान
Σολομῶντος	का
Πέτρος	पतरस
Πέτρος	ने
Ἰσραηλῖται	इस्राएलियो
Ἰσραηλῖται	हे
Ἀβραὰμ	अब्राहम
Ἀβραὰμ	के
Ἰσαὰκ	इसहाक
Ἰσαὰκ	के
Ἰακώβ	याकूब
Ἰακώβ	के
Ἰησοῦν	यीशु
Ἰησοῦν	को
Πιλάτου	उसके
χριστὸν	मसीह
χριστὸν	मसीह
Ἰησοῦν	यीशु
Ἰησοῦν	को
Μωϋσῆς	मूसा
Μωϋσῆς	ने
Σαμουὴλ	शमूएल
Ἀβραάμ	अब्राहम
Σαδδουκαῖοι	सदूकी
Ἰησοῦ	यीशु
Ἰερουσαλήμ	यरूशलेम
Ἅννας	हन्‍ना
Καϊάφας	काइफा
Ἰωάννης	यूहन्‍ना
Ἀλέξανδρος	सिकंदर
Πέτρος	पतरस
Πέτρος	ने
Ἰσραὴλ	इस्राएल
Ἰσραὴλ	के
Ἰησοῦ	यीशु
Χριστοῦ	मसीह
Ναζωραίου	नासरी
Ναζωραίου	के
Πέτρου	पतरस
Ἰωάννου	यूहन्‍ना
Ἰωάννου	के
Ἰησοῦ	यीशु
Ἰερουσαλὴμ	यरूशलेम
Ἰησοῦ	यीशु
Ἰησοῦ	के
Πέτρος	पतरस
Ἰωάννης	यूहन्‍ना
Ἰωάννης	ने
Δαυὶδ	दाऊद
Δαυὶδ	के
χριστοῦ	अभिषिक्‍त
Ἰησοῦν	यीशु
Ἡρῴδης	हेरोदेस
Πόντιος	पुंतियुस
Πιλᾶτος	पिलातुस
Ἰησοῦ	यीशु
Ἰησοῦ	के
Ἰησοῦ	यीशु
Ἰησοῦ	के
Ἰωσὴφ	यूसुफ
Βαρναβᾶς	बरनाबास
Λευίτης	लेवी
Λευίτης	एक
Κύπριος	साइप्रस
Ἁνανίας	हनन्याह
Σαπφίρῃ	सफीरा
Σαπφίρῃ	के
Πέτρος	पतरस
Πέτρος	ने
Ἁνανία	हनन्याह
σατανᾶς	शैतान
σατανᾶς	ने
Ἁνανίας	हनन्याह
Πέτρος	पतरस
Πέτρος	ने
Πέτρος	पतरस
Πέτρος	ने
Σολομῶντος	सुलैमान
Σολομῶντος	के
Πέτρου	पतरस
Ἰερουσαλὴμ	यरूशलेम
Ἰερουσαλὴμ	के
Σαδδουκαίων	सदूकी
Ἰσραὴλ	इस्राएलियों
Ἰσραὴλ	के
Ἰερουσαλὴμ	यरूशलेम
Ἰερουσαλὴμ	को
Πέτρος	पतरस
Ἰησοῦν	यीशु
Ἰησοῦν	को
Ἰσραὴλ	इस्राएल
Ἰσραὴλ	को
Φαρισαῖος	फरीसी
Φαρισαῖος	ने
Γαμαλιήλ	गमलीएल
Ἰσραηλῖται	इस्राएलियो
Ἰσραηλῖται	हे
Θευδᾶς	थियूदास
Ἰούδας	यहूदा
Ἰησοῦ	यीशु
Ἰησοῦ	के
χριστὸν	मसीह
Ἰησοῦν	यीशु
Ἑλληνιστῶν	यूनानी
Ἑλληνιστῶν	बोलनेवाले
Ἑλληνιστῶν	यहूदी
Φίλιππον	फिलिप्पुस
Πρόχορον	प्रुखुरुस
Νικάνορα	नीकानोर
Τίμωνα	तीमोन
Παρμενᾶν	परमिनास
Νικόλαον	नीकुलाउस
Νικόλαον	को
Ἀντιοχέα	अंताकिया
Ἰερουσαλὴμ	यरूशलेम
Λιβερτίνων	लिबिरतीन
Κυρηναίων	कुरेनी
Ἀλεξανδρέων	सिकंदरिया
Ἀλεξανδρέων	से
Κιλικίας	किलिकिया
Ἀσίας	आसिया
Μωϋσῆν	मूसा
Ἰησοῦς	यीशु
Ναζωραῖος	नासरी
Μωϋσῆς	मूसा
Μωϋσῆς	ने
Ἀβραὰμ	अब्राहम
Ἀβραὰμ	के
Μεσοποταμίᾳ	मेसोपोटामिया
Χαρρὰν	हारान
Χαλδαίων	कसदियों
Χαλδαίων	के
Χαρράν	हारान
Ἰσαὰκ	इसहाक
Ἰσαὰκ	इसहाक
Ἰακώβ	याकूब
Ἰακὼβ	याकूब
Ἰωσὴφ	यूसुफ
Ἰωσὴφ	से
Αἴγυπτον	मिस्र
Φαραὼ	फिरौन
Φαραὼ	के
Αἰγύπτου	मिस्र
Αἰγύπτου	के
Αἴγυπτον	मिस्र
Αἴγυπτον	मिस्र
Χανάαν	कनान
Ἰακὼβ	याकूब
Ἰακὼβ	ने
Αἴγυπτον	मिस्र
Ἰωσὴφ	यूसुफ
Ἰωσὴφ	ने
Φαραὼ	फिरौन
Φαραὼ	को
Ἰωσήφ	यूसुफ
Ἰωσήφ	के
Ἰωσὴφ	यूसुफ
Ἰωσὴφ	ने
Ἰακὼβ	याकूब
Ἰακὼβ	याकूब
Αἴγυπτον	मिस्र
Συχὲμ	शकेम
Ἀβραὰμ	अब्राहम
Ἀβραὰμ	ने
Ἐμμὼρ	हमोर
Ἐμμὼρ	के
Συχέμ	शकेम
Ἀβραάμ	अब्राहम
Ἀβραάμ	से
Αἰγύπτῳ	मिस्र
Αἴγυπτον	मिस्र
Ἰωσήφ	यूसुफ
Ἰωσήφ	को
Μωϋσῆς	मूसा
Φαραὼ	फिरौन
Φαραὼ	की
Μωϋσῆς	मूसा
Ἰσραήλ	इस्राएली
Μωϋσῆς	मूसा
Μαδιάμ	मिद्यान
Σινᾶ	सीनै
Μωϋσῆς	मूसा
Ἀβραὰμ	अब्राहम
Ἰσαὰκ	इसहाक
Ἰακώβ	याकूब
Ἰακώβ	का
Μωϋσῆς	मूसा
Αἰγύπτῳ	मिस्र
Αἴγυπτον	मिस्र
Μωϋσῆν	मूसा
Αἰγύπτῳ	मिस्र
Μωϋσῆς	मूसा
Σινᾶ	सीनै
Αἴγυπτον	मिस्र
Ἀαρών	हारून
Ἀαρών	से
Μωϋσῆς	मूसा
Αἰγύπτου	मिस्र
Ἰσραήλ	इस्राएल
Ἰσραήλ	के
Μόλοχ	मोलेक
Μόλοχ	के
Ῥαιφάν	रिफान
Βαβυλῶνος	बेबीलोन
Βαβυλῶνος	के
Μωϋσῇ	मूसा
Μωϋσῇ	से
Ἰησοῦ	यहोशू
Ἰησοῦ	के
Δαυίδ	दाऊद
Δαυίδ	के
Ἰακώβ	याकूब
Ἰακώβ	के
Σολομὼν	सुलैमान
Σολομὼν	ने
Ἰησοῦν	यीशु
Ἰησοῦν	को
Σαύλου	शाऊल
Ἰησοῦ	यीशु
Σαῦλος	शाऊल
Ἱεροσολύμοις	यरूशलेम
Ἰουδαίας	यहूदिया
Σαμαρείας	सामरिया
Σαμαρείας	के
Σαῦλος	शाऊल
Φίλιππος	फिलिप्पुस
Σαμαρείας	सामरिया
Χριστόν	मसीह
Φιλίππου	फिलिप्पुस
Φιλίππου	की
Σίμων	शमौन
Σαμαρείας	सामरिया
Σαμαρείας	के
Φιλίππῳ	फिलिप्पुस
Ἰησοῦ	यीशु
Χριστοῦ	मसीह
Χριστοῦ	के
Σίμων	शमौन
Σίμων	ने
Φιλίππῳ	फिलिप्पुस
Φιλίππῳ	के
Φιλίππῳ	साथ
Ἱεροσολύμοις	यरूशलेम
Σαμάρεια	सामरियों
Σαμάρεια	ने
Πέτρον	पतरस
Ἰωάννην	यूहन्‍ना
Ἰωάννην	को
Ἰησοῦ	यीशु
Ἰησοῦ	के
Σίμων	शमौन
Σίμων	ने
Πέτρος	पतरस
Πέτρος	ने
Σίμων	शमौन
Σίμων	ने
Ἱεροσόλυμα	यरूशलेम
Σαμαριτῶν	सामरिया
Σαμαριτῶν	के
Φίλιππον	फिलिप्पुस
Ἰερουσαλὴμ	यरूशलेम
Γάζαν	गाज़ा
Αἰθίοψ	इथियोपिया
Κανδάκης	कंदाके
Κανδάκης	का
Αἰθιόπων	इथियोपिया
Αἰθιόπων	की
Ἰερουσαλήμ	यरूशलेम
Ἠσαΐαν	यशायाह
Φιλίππῳ	फिलिप्पुस
Φιλίππῳ	से
Φίλιππος	फिलिप्पुस
Ἠσαΐαν	यशायाह
Φίλιππον	फिलिप्पुस
Φιλίππῳ	फिलिप्पुस
Φιλίππῳ	से
Φίλιππος	फिलिप्पुस
Φίλιππος	ने
Ἰησοῦν	यीशु
Φίλιππος	फिलिप्पुस
Φίλιππον	फिलिप्पुस
Φίλιππον	को
Φίλιππος	फिलिप्पुस
Φίλιππος	ने
Ἄζωτον	अशदोद
Καισάρειαν	कैसरिया
Σαῦλος	शाऊल
Δαμασκὸν	दमिश्क
Ἰερουσαλήμ	यरूशलेम
Δαμασκῷ	दमिश्क
Δαμασκῷ	के
Σαοὺλ	शाऊल
Σαοὺλ	हे
Σαούλ	शाऊल
Σαούλ	हे
Ἰησοῦς	यीशु
Σαῦλος	शाऊल
Δαμασκόν	दमिश्क
Δαμασκῷ	दमिश्क
Ἁνανίας	हनन्याह
Ἁνανία	हनन्याह
Ἁνανία	हे
Ἰούδα	यहूदा
Ἰούδα	के
Σαῦλον	शाऊल
Ταρσέα	तरसुसवासी
Ἁνανίαν	हनन्याह
Ἁνανίας	हनन्याह
Ἁνανίας	ने
Ἰερουσαλήμ	यरूशलेम
Ἰσραήλ	इस्राएल
Ἰσραήλ	की
Ἁνανίας	हनन्याह
Ἁνανίας	ने
Σαοὺλ	शाऊल
Ἰησοῦς	यीशु
Ἰησοῦς	ने
Δαμασκῷ	दमिश्क
Ἰησοῦν	यीशु
Ἰερουσαλὴμ	यरूशलेम
Σαῦλος	शाऊल
Δαμασκῷ	दमिश्क
χριστός	मसीह
Σαύλῳ	शाऊल
Σαύλῳ	को
Ἰερουσαλὴμ	यरूशलेम
Βαρναβᾶς	बरनाबास
Δαμασκῷ	दमिश्क
Ἰησοῦ	यीशु
Ἰησοῦ	के
Ἰερουσαλήμ	यरूशलेम
Ἑλληνιστάς	यूनानी
Ἑλληνιστάς	भाषी
Ἑλληνιστάς	यहूदियों
Καισάρειαν	कैसरिया
Ταρσόν	तरसुस
Ἰουδαίας	यहूदिया
Γαλιλαίας	गलील
Σαμαρείας	सामरिया
Σαμαρείας	की
Πέτρον	पतरस
Λύδδα	लुद्दा
Αἰνέαν	एनियास
Πέτρος	पतरस
Πέτρος	ने
Αἰνέα	एनियास
Ἰησοῦς	यीशु
Χριστός	मसीह
Λύδδα	लुद्दा
Σαρῶνα	शारोन
Ἰόππῃ	याफा
Ταβιθά	तबीता
Δορκάς	दोरकास
Λύδδας	लुद्दा
Ἰόππῃ	याफा
Ἰόππῃ	के
Πέτρος	पतरस
Πέτρος	पतरस
Δορκάς	दोरकास
Δορκάς	ने
Πέτρος	पतरस
Πέτρος	ने
Ταβιθά	तबीता
Πέτρον	पतरस
Πέτρον	को
Ἰόππης	याफा
Ἰόππῃ	याफा
Σίμωνι	शमौन
Σίμωνι	के
Καισαρείᾳ	कैसरिया
Κορνήλιος	कुरनेलियुस
Κορνήλιε	कुरनेलियुस
Κορνήλιε	हे
Ἰόππην	याफा
Σίμωνά	शमौन
Σίμωνά	को
Πέτρος	पतरस
Σίμωνι	शमौन
Σίμωνι	के
Ἰόππην	याफा
Πέτρος	पतरस
Πέτρε	पतरस
Πέτρε	हे
Πέτρος	पतरस
Πέτρος	ने
Πέτρος	पतरस
Κορνηλίου	कुरनेलियुस
Σίμωνος	शमौन
Σίμωνος	के
Σίμων	शमौन
Πέτρος	पतरस
Πέτρου	पतरस
Πέτρος	पतरस
Πέτρος	ने
Κορνήλιος	कुरनेलियुस
Ἰόππης	याफा
Καισάρειαν	कैसरिया
Κορνήλιος	कुरनेलियुस
Πέτρον	पतरस
Κορνήλιος	कुरनेलियुस
Πέτρος	पतरस
Πέτρος	ने
Κορνήλιος	कुरनेलियुस
Κορνήλιε	कुरनेलियुस
Κορνήλιε	हे
Ἰόππην	याफा
Σίμωνα	शमौन
Σίμωνα	को
Πέτρος	पतरस
Σίμωνος	शमौन
Σίμωνος	के
Πέτρος	पतरस
Πέτρος	ने
Ἰσραὴλ	इस्राएल
Ἰσραὴλ	की
Ἰησοῦ	यीशु
Χριστοῦ	मसीह
Ἰουδαίας	यहूदिया
Γαλιλαίας	गलील
Ἰωάννης	यूहन्‍ना
Ἰησοῦν	यीशु
Ναζαρέθ	नासरी
Ἰερουσαλήμ	यरूशलेम
Πέτρου	पतरस
Πέτρῳ	पतरस
Πέτρῳ	के
Πέτρος	पतरस
Πέτρος	ने
Ἰησοῦ	यीशु
Χριστοῦ	मसीह
Χριστοῦ	के
Ἰουδαίαν	यहूदिया
Πέτρος	पतरस
Ἰερουσαλήμ	यरूशलेम
Πέτρος	पतरस
Πέτρος	ने
Ἰόππῃ	याफा
Πέτρε	पतरस
Πέτρε	हे
Καισαρείας	कैसरिया
Ἰόππην	याफा
Σίμωνα	शमौन
Σίμωνα	को
Πέτρον	पतरस
Ἰωάννης	यूहन्‍ना
Ἰωάννης	ने
Ἰησοῦν	यीशु
Χριστόν	मसीह
Φοινίκης	फीनीके
Κύπρου	साइप्रस
Ἀντιοχείας	अंताकिया
Κυρηναῖοι	कुरेनी
Ἀντιόχειαν	अंताकिया
Ἑλληνιστὰς	यूनानियों
Ἰησοῦν	यीशु
Ἰερουσαλὴμ	यरूशलेम
Βαρναβᾶν	बरनाबास
Βαρναβᾶν	को
Ἀντιοχείας	अंताकिया
Ταρσὸν	तरसुस
Ταρσὸν	को
Σαῦλον	शाऊल
Σαῦλον	को
Ἀντιόχειαν	अंताकिया
Ἀντιοχείᾳ	अंताकिया
Χριστιανούς	मसीही
Ἱεροσολύμων	यरूशलेम
Ἀντιόχειαν	अंताकिया
Ἅγαβος	अगबुस
Κλαυδίου	क्लौदियुस
Κλαυδίου	के
Ἰουδαίᾳ	यहूदिया
Βαρναβᾶ	बरनाबास
Σαύλου	शाऊल
Σαύλου	के
Ἡρῴδης	हेरोदेस
Ἰάκωβον	याकूब
Ἰάκωβον	को
Ἰωάννου	यूहन्‍ना
Ἰωάννου	के
Πέτρον	पतरस
Πέτρον	को
Πέτρος	पतरस
Ἡρῴδης	हेरोदेस
Πέτρος	पतरस
Πέτρου	पतरस
Πέτρου	के
Πέτρος	पतरस
Ἡρῴδου	हेरोदेस
Ἡρῴδου	के
Μαρίας	मरियम
Μαρίας	के
Ἰωάννου	यूहन्‍ना
Ἰωάννου	की
Μάρκου	मरकुस
Ῥόδη	रूदे
Πέτρου	पतरस
Πέτρου	की
Πέτρον	पतरस
Πέτρος	पतरस
Ἰακώβῳ	याकूब
Πέτρος	पतरस
Ἡρῴδης	हेरोदेस
Ἡρῴδης	ने
Ἰουδαίας	यहूदिया
Καισάρειαν	कैसरिया
Τυρίοις	सूर
Βλάστον	बलास्तुस
Βλάστον	को
Ἡρῴδης	हेरोदेस
Βαρναβᾶς	बरनाबास
Σαῦλος	शाऊल
Ἰερουσαλὴμ	यरूशलेम
Ἰωάννην	यूहन्‍ना
Ἰωάννην	को
Μᾶρκον	मरकुस
Ἀντιοχείᾳ	अंताकिया
Βαρναβᾶς	बरनाबास
Συμεὼν	शिमोन
Νίγερ	नीगर
Λούκιος	लुकियुस
Κυρηναῖος	कुरेनी
Μαναήν	मनाहेम
Ἡρῴδου	हेरोदेस
Ἡρῴδου	के
Σαῦλος	शाऊल
Βαρναβᾶν	बरनाबास
Σαῦλον	शाऊल
Σαῦλον	को
Σελεύκειαν	सिलूकिया
Κύπρον	साइप्रस
Σαλαμῖνι	सलमीस
Ἰωάννην	यूहन्‍ना
Πάφου	पाफुस
Βαριησοῦ	बार
Βαριησοῦ	-
Βαριησοῦ	यीशु
Σεργίῳ	सिरगियुस
Παύλῳ	पौलुस
Παύλῳ	के
Βαρναβᾶν	बरनाबास
Σαῦλον	शाऊल
Σαῦλον	को
Ἐλύμας	इलीमास
Σαῦλος	शाऊल
Σαῦλος	ने
Παῦλος	पौलुस
Πάφου	पाफुस
Παῦλον	पौलुस
Πέργην	पिरगा
Παμφυλίας	पंफूलिया
Παμφυλίας	के
Ἰωάννης	यूहन्‍ना
Ἱεροσόλυμα	यरूशलेम
Πέργης	पिरगा
Ἀντιόχειαν	अंताकिया
Παῦλος	पौलुस
Ἰσραηλῖται	इस्राएलियो
Ἰσραηλῖται	हे
Ἰσραὴλ	इस्राएली
Αἰγύπτου	मिस्र
Χανάαν	कनान
Σαμουὴλ	शमूएल
Σαοὺλ	शाऊल
Σαοὺλ	को
Κίς	कीश
Κίς	के
Βενιαμίν	बिन्यामीन
Βενιαμίν	के
Δαυὶδ	दाऊद
Δαυὶδ	को
Δαυὶδ	दाऊद
Ἰεσσαί	यिशै
Ἰεσσαί	का
Ἰσραὴλ	इस्राएल
Ἰσραὴλ	के
Ἰσραὴλ	लिए
Ἰησοῦν	यीशु
Ἰησοῦν	को
Ἰωάννου	यूहन्‍ना
Ἰσραήλ	इस्राएल
Ἰσραήλ	के
Ἰωάννης	यूहन्‍ना
Ἀβραὰμ	अब्राहम
Ἀβραὰμ	के
Ἰερουσαλὴμ	यरूशलेम
Πιλᾶτον	पिलातुस
Γαλιλαίας	गलील
Ἰερουσαλήμ	यरूशलेम
Ἰησοῦν	यीशु
Ἰησοῦν	को
Δαυὶδ	दाऊद
Δαυὶδ	की
Δαυὶδ	दाऊद
Μωϋσέως	मूसा
Μωϋσέως	की
Παύλῳ	पौलुस
Βαρναβᾷ	बरनाबास
Βαρναβᾷ	के
Παύλου	पौलुस
Παῦλος	पौलुस
Βαρναβᾶς	बरनाबास
Βαρναβᾶς	ने
Παῦλον	पौलुस
Βαρναβᾶν	बरनाबास
Ἰκόνιον	इकुनियुम
Ἰκονίῳ	इकुनियुम
Ἑλλήνων	यूनानियों
Ἑλλήνων	में
Ἑλλήνων	से
Λυκαονίας	लुकाउनिया
Λυκαονίας	के
Λύστραν	लुस्‍त्रा
Δέρβην	दिरबे
Λύστροις	लुस्‍त्रा
Παύλου	पौलुस
Παῦλος	पौलुस
Βαρναβᾶν	बरनाबास
Βαρναβᾶν	को
Δία	ज़्यूस
Παῦλον	पौलुस
Παῦλον	को
Ἑρμῆν	हिरमेस
Διὸς	ज़्यूस
Διὸς	के
Βαρναβᾶς	बरनाबास
Παῦλος	पौलुस
Παῦλος	ने
Ἀντιοχείας	अंताकिया
Ἰκονίου	इकुनियुम
Παῦλον	पौलुस
Βαρναβᾷ	बरनाबास
Βαρναβᾷ	के
Δέρβην	दिरबे
Λύστραν	लुस्‍त्रा
Ἰκόνιον	इकुनियुम
Ἀντιόχειαν	अंताकिया
Πισιδίαν	पिसिदिया
Παμφυλίαν	पंफूलिया
Πέργῃ	पिरगा
Ἀττάλειαν	अत्तलिया
Ἀντιόχειαν	अंताकिया
Ἰουδαίας	यहूदिया
Μωϋσέως	मूसा
Μωϋσέως	की
Παύλῳ	पौलुस
Βαρναβᾷ	बरनाबास
Παῦλον	पौलुस
Βαρναβᾶν	बरनाबास
Ἰερουσαλὴμ	यरूशलेम
Φοινίκην	फीनीके
Σαμάρειαν	सामरिया
Ἰερουσαλὴμ	यरूशलेम
Φαρισαίων	फरीसी
Μωϋσέως	मूसा
Μωϋσέως	की
Πέτρος	पतरस
Πέτρος	ने
Ἰησοῦ	यीशु
Ἰησοῦ	के
Βαρναβᾶ	बरनाबास
Παύλου	पौलुस
Παύλου	से
Ἰάκωβος	याकूब
Ἰάκωβος	ने
Συμεὼν	शमौन
Συμεὼν	ने
Δαυὶδ	दाऊद
Δαυὶδ	का
Μωϋσῆς	मूसा
Ἀντιόχειαν	अंताकिया
Παύλῳ	पौलुस
Βαρναβᾷ	बरनाबास
Ἰούδαν	यहूदा
Βαρσαββᾶν	बरसब्बा
Σιλᾶν	सीलास
Σιλᾶν	को
Ἀντιόχειαν	अंताकिया
Συρίαν	सीरिया
Κιλικίαν	किलिकिया
Βαρναβᾷ	बरनाबास
Παύλῳ	पौलुस
Παύλῳ	के
Ἰησοῦ	यीशु
Χριστοῦ	मसीह
Χριστοῦ	के
Ἰούδαν	यहूदा
Σιλᾶν	सीलास
Σιλᾶν	को
Ἀντιόχειαν	अंताकिया
Ἰούδας	यहूदा
Σιλᾶς	सीलास
Σιλᾶς	ने
Παῦλος	पौलुस
Βαρναβᾶς	बरनाबास
Ἀντιοχείᾳ	अंताकिया
Βαρναβᾶν	बरनाबास
Παῦλος	पौलुस
Παῦλος	ने
Βαρναβᾶς	बरनाबास
Ἰωάννην	यूहन्‍ना
Ἰωάννην	को
Μᾶρκον	मरकुस
Παῦλος	पौलुस
Παῦλος	ने
Παμφυλίας	पंफूलिया
Βαρναβᾶν	बरनाबास
Μᾶρκον	मरकुस
Μᾶρκον	को
Κύπρον	साइप्रस
Παῦλος	पौलुस
Παῦλος	ने
Σιλᾶν	सीलास
Σιλᾶν	को
Συρίαν	सीरिया
Κιλικίαν	किलिकिया
Δέρβην	दिरबे
Λύστραν	लुस्‍त्रा
Τιμόθεος	तीमुथियुस
Ἕλληνος	यूनानी
Λύστροις	लुस्‍त्रा
Ἰκονίῳ	इकुनियुम
Ἰκονίῳ	के
Παῦλος	पौलुस
Ἕλλην	यूनानी
Ἱεροσολύμοις	यरूशलेम
Φρυγίαν	फ्रूगिया
Ἀσίᾳ	आसिया
Μυσίαν	मूसिया
Βιθυνίαν	बिथूनिया
Ἰησοῦ	यीशु
Ἰησοῦ	के
Μυσίαν	मूसिया
Τρῳάδα	त्रोआस
Παύλῳ	पौलुस
Παύλῳ	को
Μακεδών	मकिदुनियावासी
Μακεδονίαν	मकिदुनिया
Μακεδονίαν	मकिदुनिया
Τρῳάδος	त्रोआस
Σαμοθρᾴκην	सुमात्राके
Φιλίππους	फिलिप्पी
Μακεδονίας	मकिदुनिया
Λυδία	लुदिया
Θυατείρων	थुआतीरा
Παύλου	पौलुस
Παύλου	की
Παύλῳ	पौलुस
Παῦλος	पौलुस
Ἰησοῦ	यीशु
Χριστοῦ	मसीह
Χριστοῦ	के
Παῦλον	पौलुस
Σιλᾶν	सीलास
Σιλᾶν	को
Παῦλος	पौलुस
Σιλᾶς	सीलास
Παῦλος	पौलुस
Παῦλος	ने
Παύλῳ	पौलुस
Σιλᾷ	सीलास
Σιλᾷ	के
Σιλᾷ	सामने
Ἰησοῦν	यीशु
Παῦλον	पौलुस
Παῦλος	पौलुस
Παῦλος	ने
Λυδίαν	लुदिया
Ἀμφίπολιν	अम्फिपुलिस
Ἀπολλωνίαν	अपुल्लोनिया
Θεσσαλονίκην	थिस्सलुनीके
Παύλῳ	पौलुस
χριστὸν	मसीह
χριστὸς	मसीह
Ἰησοῦς	यीशु
Παύλῳ	पौलुस
Σιλᾷ	सीलास
Σιλᾷ	के
Ἑλλήνων	यूनानियों
Ἰάσονος	यासोन
Ἰάσονος	के
Ἰάσονα	यासोन
Ἰάσων	यासोन
Ἰάσων	ने
Καίσαρος	कैसर
Καίσαρος	की
Ἰησοῦν	यीशु
Ἰάσονος	यासोन
Παῦλον	पौलुस
Σιλᾶν	सीलास
Βέροιαν	बिरीया
Θεσσαλονίκῃ	थिस्सलुनीके
Θεσσαλονίκῃ	के
Ἑλληνίδων	यूनानी
Θεσσαλονίκης	थिस्सलुनीके
Βεροίᾳ	बिरीया
Παύλου	पौलुस
Παῦλον	पौलुस
Παῦλον	को
Σιλᾶς	सीलास
Τιμόθεος	तीमुथियुस
Παῦλον	पौलुस
Παῦλον	को
Ἀθηνῶν	एथेंस
Σιλᾶν	सीलास
Τιμόθεον	तीमुथियुस
Ἀθήναις	एथेंस
Παύλου	पौलुस
Ἐπικουρείων	इपिकूरी
Ἰησοῦν	यीशु
Παῦλος	पौलुस
Παῦλος	पौलुस
Διονύσιος	दियुनुसियुस
Ἀρεοπαγίτης	अरियुपगुस
Δάμαρις	दमरिस
Ἀθηνῶν	एथेंस
Κόρινθον	कुरिंथुस
Ἀκύλαν	अक्‍विला
Ἰταλίας	इटली
Πρίσκιλλαν	प्रिस्किल्ला
Κλαύδιον	क्लौदियुस
Ῥώμης	रोम
Ἕλληνας	यूनानियों
Ἕλληνας	को
Μακεδονίας	मकिदुनिया
Σιλᾶς	सीलास
Τιμόθεος	तीमुथियुस
Παῦλος	पौलुस
χριστὸν	मसीह
Ἰησοῦν	यीशु
Τιτίου	तितियुस
Ἰούστου	यूस्तुस
Κρίσπος	क्रिसपुस
Κρίσπος	ने
Παύλῳ	पौलुस
Παύλῳ	से
Γαλλίωνος	गल्लियो
Ἀχαΐας	अखाया
Ἀχαΐας	का
Παύλῳ	पौलुस
Παύλῳ	पर
Παύλου	पौलुस
Γαλλίων	गल्लियो
Γαλλίων	ने
Σωσθένην	सोस्थिनेस
Σωσθένην	को
Γαλλίωνι	गल्लियो
Παῦλος	पौलुस
Παῦλος	ने
Συρίαν	सीरिया
Πρίσκιλλα	प्रिस्किल्ला
Ἀκύλας	अक्‍विला
Κεγχρεαῖς	किंख्रिया
Ἔφεσον	इफिसुस
Ἐφέσου	इफिसुस
Καισάρειαν	कैसरिया
Ἀντιόχειαν	अंताकिया
Φρυγίαν	फ्रूगिया
Ἀπολλῶς	अपुल्लोस
Ἀλεξανδρεὺς	सिकंदरिया
Ἔφεσον	इफिसुस
Ἰησοῦ	यीशु
Ἰησοῦ	के
Ἰωάννου	यूहन्‍ना
Ἰωάννου	के
Πρίσκιλλα	प्रिस्किल्ला
Ἀκύλας	अक्‍विला
Ἀκύλας	ने
Ἀχαΐαν	अखाया
χριστὸν	मसीह
Ἰησοῦν	यीशु
Ἀπολλῶ	अपुल्लोस
Κορίνθῳ	कुरिंथुस
Παῦλον	पौलुस
Ἔφεσον	इफिसुस
Ἰωάννου	यूहन्‍ना
Ἰωάννου	का
Παῦλος	पौलुस
Παῦλος	ने
Ἰωάννης	यूहन्‍ना
Ἰωάννης	ने
Ἰησοῦν	यीशु
Ἰησοῦ	यीशु
Ἰησοῦ	के
Παύλου	पौलुस
Παύλου	ने
Τυράννου	तुरन्‍नुस
Τυράννου	की
Ἀσίαν	आसिया
Ἕλληνας	यूनानियों
Παύλου	पौलुस
Παύλου	के
Ἰησοῦ	यीशु
Ἰησοῦ	का
Ἰησοῦν	यीशु
Παῦλος	पौलुस
Σκευᾶ	स्किवा
Σκευᾶ	के
Ἰησοῦν	यीशु
Ἰησοῦν	को
Παῦλον	पौलुस
Παῦλον	को
Ἕλλησιν	यूनानी
Ἔφεσον	इफिसुस
Ἰησοῦ	यीशु
Ἰησοῦ	के
Παῦλος	पौलुस
Παῦλος	ने
Μακεδονίαν	मकिदुनिया
Ἀχαΐαν	अखाया
Ἱεροσόλυμα	यरूशलेम
Ῥώμην	रोम
Μακεδονίαν	मकिदुनिया
Τιμόθεον	तीमुथियुस
Ἔραστον	इरास्तुस
Ἀσίαν	आसिया
Δημήτριος	देमेत्रियुस
Ἀρτέμιδος	अरतिमिस
Ἀρτέμιδος	के
Ἐφέσου	इफिसुस
Ἀσίας	आसिया
Παῦλος	पौलुस
Παῦλος	ने
Ἀρτέμιδος	अरतिमिस
Ἀρτέμιδος	का
Ἀσία	आसिया
Ἄρτεμις	अरतिमिस
Γάϊον	गयुस
Ἀρίσταρχον	अरिस्तर्खुस
Ἀρίσταρχον	को
Μακεδόνας	मकिदुनियावासी
Παύλου	पौलुस
Παύλου	के
Παύλου	पौलुस
Ἀσιαρχῶν	आसिया
Ἀσιαρχῶν	के
Ἀσιαρχῶν	अधिकारियों
Ἀλέξανδρον	सिकंदर
Ἀλέξανδρον	को
Ἀλέξανδρος	सिकंदर
Ἀλέξανδρος	ने
Ἄρτεμις	अरतिमिस
Ἀρτέμιδος	अरतिमिस
Ἀρτέμιδος	के
Δημήτριος	देमेत्रियुस
Παῦλος	पौलुस
Παῦλος	ने
Μακεδονίαν	मकिदुनिया
Ἑλλάδα	यूनान
Συρίαν	सीरिया
Μακεδονίας	मकिदुनिया
Σώπατρος	सोपत्रुस
Πύρρου	पुर्रुस
Πύρρου	का
Θεσσαλονικέων	थिस्सलुनीकिया
Θεσσαλονικέων	के
Ἀρίσταρχος	अरिस्तर्खुस
Σεκοῦνδος	सिकुंदुस
Γάϊος	गयुस
Τιμόθεος	तीमुथियुस
Ἀσιανοὶ	आसिया
Τύχικος	तुखिकुस
Τρόφιμος	त्रुफिमुस
Τρῳάδι	त्रोआस
Φιλίππων	फिलिप्पी
Τρῳάδα	त्रोआस
Παῦλος	पौलुस
Εὔτυχος	यूतुखुस
Παύλου	पौलुस
Παῦλος	पौलुस
Ἆσσον	अस्सुस
Παῦλον	पौलुस
Παῦλον	को
Ἆσσον	अस्सुस
Μιτυλήνην	मितुलेने
Χίου	खियुस
Χίου	के
Σάμον	सामुस
Μίλητον	मिलेतुस
Παῦλος	पौलुस
Παῦλος	ने
Ἔφεσον	इफिसुस
Ἀσίᾳ	आसिया
Ἱεροσόλυμα	यरूशलेम
Μιλήτου	मिलेतुस
Ἔφεσον	इफिसुस
Ἀσίαν	आसिया
Ἕλλησιν	यूनानियों
Ἰησοῦν	यीशु
Ἰερουσαλὴμ	यरूशलेम
Ἰησοῦ	यीशु
Ἰησοῦ	यीशु
Ἰησοῦ	के
Παύλου	पौलुस
Κῶ	कोस
Ῥόδον	रुदुस
Πάταρα	पतरा
Φοινίκην	फीनीके
Κύπρον	साइप्रस
Συρίαν	सीरिया
Τύρον	सूर
Παύλῳ	पौलुस
Παύλῳ	को
Ἱεροσόλυμα	यरूशलेम
Τύρου	सूर
Πτολεμαΐδα	पतुलिमयिस
Καισάρειαν	कैसरिया
Φιλίππου	फिलिप्पुस
Φιλίππου	के
Ἰουδαίας	यहूदिया
Ἅγαβος	अगबुस
Παύλου	पौलुस
Παύλου	का
Ἰερουσαλὴμ	यरूशलेम
Ἰερουσαλήμ	यरूशलेम
Παῦλος	पौलुस
Παῦλος	ने
Ἰερουσαλὴμ	यरूशलेम
Ἰησοῦ	यीशु
Ἰησοῦ	के
Ἱεροσόλυμα	यरूशलेम
Καισαρείας	कैसरिया
Μνάσωνί	मनासोन
Μνάσωνί	के
Κυπρίῳ	साइप्रस
Κυπρίῳ	के
Ἱεροσόλυμα	यरूशलेम
Παῦλος	पौलुस
Ἰάκωβον	याकूब
Μωϋσέως	मूसा
Παῦλος	पौलुस
Παῦλος	ने
Ἀσίας	आसिया
Ἰσραηλῖται	इस्राएलियो
Ἰσραηλῖται	हे
Ἕλληνας	यूनानियों
Ἕλληνας	को
Τρόφιμον	त्रुफिमुस
Τρόφιμον	को
Παῦλος	पौलुस
Παύλου	पौलुस
Ἰερουσαλήμ	यरूशलेम
Παῦλον	पौलुस
Παῦλον	को
Παῦλος	पौलुस
Παῦλος	पौलुस
Παῦλος	ने
Ταρσεὺς	तरसुस
Κιλικίας	किलिकिया
Κιλικίας	के
Παῦλος	पौलुस
Παῦλος	ने
Ταρσῷ	तरसुस
Κιλικίας	किलिकिया
Κιλικίας	के
Γαμαλιὴλ	गमलीएल
Γαμαλιὴλ	के
Δαμασκὸν	दमिश्क
Ἰερουσαλὴμ	यरूशलेम
Δαμασκῷ	दमिश्क
Δαμασκῷ	के
Σαοὺλ	शाऊल
Σαούλ	शाऊल
Σαούλ	हे
Ἰησοῦς	यीशु
Ναζωραῖος	नासरी
Δαμασκὸν	दमिश्क
Δαμασκόν	दमिश्क
Ἁνανίας	हनन्याह
Σαοὺλ	शाऊल
Ἰερουσαλὴμ	यरूशलेम
Ἰερουσαλήμ	यरूशलेम
Παῦλος	पौलुस
Παῦλος	ने
Παῦλος	पौलुस
Παῦλος	ने
Παῦλον	पौलुस
Παῦλον	को
Παῦλος	पौलुस
Παῦλος	ने
Ἁνανίας	हनन्याह
Παῦλος	पौलुस
Παῦλος	ने
Παῦλος	पौलुस
Παῦλος	ने
Παῦλος	पौलुस
Σαδδουκαίων	सदूकियों
Σαδδουκαίων	का
Φαρισαίων	फरीसियों
Φαρισαίων	का
Φαρισαῖός	फरीसी
Φαρισαίων	फरीसियों
Φαρισαίων	के
Φαρισαίων	फरीसियों
Σαδδουκαίων	सदूकियों
Σαδδουκαῖοι	सदूकी
Φαρισαῖοι	फरीसी
Φαρισαίων	फरीसियों
Φαρισαίων	के
Παῦλος	पौलुस
Ἰερουσαλήμ	यरूशलेम
Ῥώμην	रोम
Παῦλον	पौलुस
Παῦλον	को
Παῦλον	पौलुस
Παῦλον	को
Παύλου	पौलुस
Παύλου	के
Παύλῳ	पौलुस
Παύλῳ	को
Παῦλος	पौलुस
Παῦλος	ने
Παῦλος	पौलुस
Παῦλος	ने
Παῦλον	पौलुस
Παῦλον	को
Καισαρείας	कैसरिया
Παῦλον	पौलुस
Παῦλον	को
Φήλικα	फेलिक्स
Κλαύδιος	क्लौदियुस
Λυσίας	लूसियास
Φήλικι	फेलिक्स
Φήλικι	को
Παῦλον	पौलुस
Παῦλον	को
Ἀντιπατρίδα	अंतिपत्रिस
Καισάρειαν	कैसरिया
Παῦλον	पौलुस
Παῦλον	को
Κιλικίας	किलिकिया
Ἡρῴδου	हेरोदेस
Ἡρῴδου	के
Ἁνανίας	हनन्याह
Τερτύλλου	तिरतुल्लुस
Παύλου	पौलुस
Παύλου	के
Τέρτυλλος	तिरतुल्लुस
Φῆλιξ	फेलिक्स
Ναζωραίων	नासरियों
Ναζωραίων	के
Παῦλος	पौलुस
Ἰερουσαλήμ	यरूशलेम
Ἀσίας	आसिया
Ἀσίας	के
Φῆλιξ	फेलिक्स
Φῆλιξ	ने
Λυσίας	लूसियास
Φῆλιξ	फेलिक्स
Δρουσίλλῃ	द्रुसिल्ला
Δρουσίλλῃ	के
Παῦλον	पौलुस
Παῦλον	को
Χριστὸν	मसीह
Ἰησοῦν	यीशु
Φῆλιξ	फेलिक्स
Φῆλιξ	ने
Παύλου	पौलुस
Φῆλιξ	फेलिक्स
Πόρκιον	पुरकियुस
Φῆστον	फेस्तुस
Φῆλιξ	फेलिक्स
Παῦλον	पौलुस
Παῦλον	को
Φῆστος	फेस्तुस
Ἱεροσόλυμα	यरूशलेम
Καισαρείας	कैसरिया
Παύλου	पौलुस
Παύλου	के
Ἰερουσαλήμ	यरूशलेम
Φῆστος	फेस्तुस
Φῆστος	ने
Παῦλον	पौलुस
Καισάρειαν	कैसरिया
Καισάρειαν	कैसरिया
Παῦλον	पौलुस
Παῦλον	को
Ἱεροσολύμων	यरूशलेम
Παύλου	पौलुस
Παύλου	ने
Καίσαρά	कैसर
Φῆστος	फेस्तुस
Φῆστος	ने
Παύλῳ	पौलुस
Παύλῳ	से
Ἱεροσόλυμα	यरूशलेम
Παῦλος	पौलुस
Παῦλος	ने
Καίσαρος	कैसर
Καίσαρος	के
Καίσαρα	कैसर
Φῆστος	फेस्तुस
Φῆστος	ने
Καίσαρα	कैसर
Καίσαρα	से
Καίσαρα	कैसर
Ἀγρίππας	अग्रिप्पा
Βερνίκη	बिरनीके
Καισάρειαν	कैसरिया
Φῆστον	फेस्तुस
Φῆστος	फेस्तुस
Φῆστος	ने
Παῦλον	पौलुस
Φήλικος	फेलिक्स
Ἱεροσόλυμα	यरूशलेम
Ἰησοῦ	यीशु
Ἰησοῦ	के
Παῦλος	पौलुस
Ἱεροσόλυμα	यरूशलेम
Παύλου	पौलुस
Παύλου	ने
Καίσαρα	कैसर
Ἀγρίππας	अग्रिप्पा
Ἀγρίππας	ने
Φῆστον	फेस्तुस
Ἀγρίππα	अग्रिप्पा
Βερνίκης	बिरनीके
Φήστου	फेस्तुस
Φήστου	के
Παῦλος	पौलुस
Φῆστος	फेस्तुस
Φῆστος	ने
Ἀγρίππα	अग्रिप्पा
Ἱεροσολύμοις	यरूशलेम
Ἀγρίππα	अग्रिप्पा
Ἀγρίππας	अग्रिप्पा
Ἀγρίππας	ने
Παῦλον	पौलुस
Παῦλος	पौलुस
Ἀγρίππα	अग्रिप्पा
Ἱεροσολύμοις	यरूशलेम
Φαρισαῖος	फरीसी
Ἰησοῦ	यीशु
Ναζωραίου	नासरी
Ναζωραίου	के
Ἱεροσολύμοις	यरूशलेम
Δαμασκὸν	दमिश्क
Σαοὺλ	शाऊल
Σαούλ	शाऊल
Σαούλ	हे
Ἰησοῦς	यीशु
σατανᾶ	शैतान
σατανᾶ	के
Ἀγρίππα	अग्रिप्पा
Δαμασκῷ	दमिश्क
Ἱεροσολύμοις	यरूशलेम
Ἱεροσολύμοις	के
Ἰουδαίας	यहूदिया
Ἰουδαίας	के
Μωϋσῆς	मूसा
Μωϋσῆς	ने
χριστός	मसीह
Φῆστος	फेस्तुस
Φῆστος	ने
Παῦλε	पौलुस
Παῦλος	पौलुस
Παῦλος	ने
Φῆστε	फेस्तुस
Φῆστε	हे
Ἀγρίππα	अग्रिप्पा
Ἀγρίππας	अग्रिप्पा
Ἀγρίππας	ने
Παῦλον	पौलुस
Χριστιανὸν	मसीही
Παῦλος	पौलुस
Παῦλος	ने
Βερνίκη	बिरनीके
Ἀγρίππας	अग्रिप्पा
Ἀγρίππας	ने
Φήστῳ	फेस्तुस
Φήστῳ	से
Καίσαρα	कैसर
Καίσαρα	से
Ἰταλίαν	इटली
Παῦλον	पौलुस
Ἰουλίῳ	यूलियुस
Ἀσίαν	आसिया
Ἀριστάρχου	अरिस्तर्खुस
Μακεδόνος	मकिदुनियावासी
Θεσσαλονικέως	थिस्सलुनीके
Θεσσαλονικέως	का
Σιδῶνα	सैदा
Ἰούλιος	यूलियुस
Ἰούλιος	ने
Παύλῳ	पौलुस
Παύλῳ	पर
Κύπρον	साइप्रस
Κιλικίαν	किलिकिया
Παμφυλίαν	पंफूलिया
Λυκίας	लूसिया
Λυκίας	के
Ἰταλίαν	इटली
Κνίδον	कनिदुस
Κρήτην	क्रेते
Κρήτην	द्वीप
Σαλμώνην	सलमोने
Λασαία	लसया
Παῦλος	पौलुस
Παύλου	पौलुस
Φοίνικα	फीनिक्स
Κρήτης	क्रेते
Κρήτης	का
Κρήτην	क्रेते
εὐρακύλων	यूरकुलीन
Καῦδα	कौदा
Σύρτιν	बालू
Παῦλος	पौलुस
Παῦλος	ने
Κρήτης	क्रेते
Παῦλε	पौलुस
Παῦλε	हे
Καίσαρί	कैसर
Καίσαρί	के
Καίσαρί	सामने
Ἀδρίᾳ	अद्रिया
Ἀδρίᾳ	समुद्र
Παῦλος	पौलुस
Παῦλος	ने
Παῦλος	पौलुस
Παῦλος	ने
Παῦλον	पौलुस
Παῦλον	को
Μελίτη	माल्टा
Παύλου	पौलुस
Ποπλίῳ	पुबलियुस
Ποπλίου	पुबलियुस
Ποπλίου	का
Παῦλος	पौलुस
Παῦλος	ने
Διοσκούροις	दियुसकूरी
Συρακούσας	सुरकूसा
Ῥήγιον	रेगियुम
Ποτιόλους	पुतियुली
Ῥώμην	रोम
Ἀππίου	अप्पियुस
Ἀππίου	के
Παῦλος	पौलुस
Παῦλος	ने
Ῥώμην	रोम
Παύλῳ	पौलुस
Παύλῳ	को
Ἱεροσολύμων	यरूशलेम
Καίσαρα	कैसर
Καίσαρα	से
Ἰσραὴλ	इस्राएल
Ἰσραὴλ	की
Ἰουδαίας	यहूदिया
Ἰησοῦ	यीशु
Ἰησοῦ	के
Μωϋσέως	मूसा
Μωϋσέως	की
Παύλου	पौलुस
Ἠσαΐου	यशायाह
Ἰησοῦ	यीशु
Χριστοῦ	मसीह
Χριστοῦ	के
Παῦλος	पौलुस
Χριστοῦ	मसीह
Ἰησοῦ	यीशु
Ἰησοῦ	का
Δαυὶδ	दाऊद
Δαυὶδ	के
Ἰησοῦ	यीशु
Χριστοῦ	मसीह
Χριστοῦ	के
Ἰησοῦ	यीशु
Χριστοῦ	मसीह
Χριστοῦ	के
Ῥώμῃ	रोम
Ἰησοῦ	यीशु
Χριστοῦ	मसीह
Χριστοῦ	की
Ἰησοῦ	यीशु
Χριστοῦ	मसीह
Χριστοῦ	के
Ἕλλησίν	यूनानियों
Ῥώμῃ	रोम
Ἕλληνι	यूनानी
Ἕλληνι	के
Ἕλληνι	लिए
Ἕλληνος	यूनानी
Ἕλληνι	यूनानी
Ἕλληνι	को
Χριστοῦ	मसीह
Ἰησοῦ	यीशु
Ἰησοῦ	के
Ἕλληνας	यूनानियों
Ἰησοῦ	यीशु
Χριστοῦ	मसीह
Χριστοῦ	में
Χριστῷ	मसीह
Ἰησοῦ	यीशु
Ἰησοῦ	यीशु
Ἀβραὰμ	अब्राहम
Ἀβραὰμ	को
Ἀβραὰμ	अब्राहम
Ἀβραὰμ	अब्राहम
Ἀβραὰμ	ने
Δαυὶδ	दाऊद
Ἀβραὰμ	अब्राहम
Ἀβραὰμ	के
Ἀβραὰμ	लिए
Ἀβραάμ	अब्राहम
Ἀβραάμ	के
Ἀβραὰμ	अब्राहम
Ἀβραάμ	अब्राहम
Ἀβραάμ	के
Σάρρας	सारा
Σάρρας	के
Ἰησοῦν	यीशु
Ἰησοῦν	को
Ἰησοῦ	यीशु
Χριστοῦ	मसीह
Χριστοῦ	के
Χριστὸς	मसीह
Χριστὸς	मसीह
Ἰησοῦ	यीशु
Χριστοῦ	मसीह
Χριστοῦ	के
Ἀδὰμ	आदम
Μωϋσέως	मूसा
Ἀδὰμ	आदम
Ἀδὰμ	के
Ἰησοῦ	यीशु
Χριστοῦ	मसीह
Χριστοῦ	के
Ἰησοῦ	यीशु
Χριστοῦ	मसीह
Ἰησοῦ	यीशु
Χριστοῦ	मसीह
Χριστοῦ	के
Χριστὸν	मसीह
Ἰησοῦν	यीशु
Χριστὸς	मसीह
Χριστῷ	मसीह
Χριστῷ	के
Χριστὸς	मसीह
Χριστῷ	मसीह
Ἰησοῦ	यीशु
Χριστῷ	मसीह
Ἰησοῦ	यीशु
Χριστοῦ	मसीह
Χριστοῦ	की
Ἰησοῦ	यीशु
Χριστοῦ	मसीह
Χριστῷ	मसीह
Ἰησοῦ	यीशु
Χριστῷ	मसीह
Ἰησοῦ	यीशु
Χριστοῦ	मसीह
Χριστοῦ	का
Χριστὸς	मसीह
Ἰησοῦν	यीशु
Ἰησοῦν	को
Χριστὸν	मसीह
Χριστὸν	को
Χριστοῦ	मसीह
Χριστοῦ	के
Χριστὸς	मसीह
Ἰησοῦς	यीशु
Χριστοῦ	मसीह
Χριστοῦ	के
Χριστῷ	मसीह
Ἰησοῦ	यीशु
Χριστῷ	मसीह
Χριστοῦ	मसीह
Ἰσραηλῖται	इस्राएली
Χριστὸς	मसीह
Ἰσραὴλ	इस्राएल
Ἰσραήλ	इस्राएली
Ἀβραὰμ	अब्राहम
Ἀβραὰμ	के
Ἰσαὰκ	इसहाक
Ἰσαὰκ	में
Σάρρᾳ	सारा
Σάρρᾳ	के
Ῥεβέκκα	रिबका
Ἰσαὰκ	इसहाक
Ἰσαὰκ	के
Ἰακὼβ	याकूब
Ἰακὼβ	से
Ἠσαῦ	एसाव
Ἠσαῦ	से
Μωϋσεῖ	मूसा
Μωϋσεῖ	से
Φαραὼ	फिरौन
Φαραὼ	से
Ὡσηὲ	होशे
Ὡσηὲ	की
Ὡσηὲ	पुस्तक
Ἠσαΐας	यशायाह
Ἰσραήλ	इस्राएल
Ἰσραήλ	के
Ἰσραὴλ	इस्राएल
Ἰσραὴλ	की
Ἠσαΐας	यशायाह
Ἠσαΐας	ने
σαβαὼθ	सेनाओं
σαβαὼθ	के
Σόδομα	सदोम
Γόμορρα	अमोरा
Ἰσραὴλ	इस्राएल
Σιὼν	सिय्योन
Χριστὸς	मसीह
Μωϋσῆς	मूसा
Χριστὸν	मसीह
Χριστὸν	को
Χριστὸν	मसीह
Χριστὸν	को
Ἰησοῦν	यीशु
Ἰησοῦν	को
Ἕλληνος	यूनानी
Ἠσαΐας	यशायाह
Χριστοῦ	मसीह
Χριστοῦ	के
Ἰσραὴλ	इस्राएल
Μωϋσῆς	मूसा
Ἠσαΐας	यशायाह
Ἰσραὴλ	इस्राएल
Ἰσραὴλ	के
Ἰσραηλίτης	इस्राएली
Ἰσραηλίτης	एक
Ἀβραάμ	अब्राहम
Ἀβραάμ	के
Βενιαμίν	बिन्यामीन
Βενιαμίν	के
Ἠλίᾳ	एलिय्याह
Ἠλίᾳ	के
Ἰσραήλ	इस्राएल
Βάαλ	बाल
Βάαλ	के
Ἰσραήλ	इस्राएल
Δαυὶδ	दाऊद
Ἰσραὴλ	इस्राएल
Ἰσραὴλ	के
Ἰσραὴλ	इस्राएल
Σιὼν	सिय्योन
Ἰακώβ	याकूब
Χριστῷ	मसीह
Ἰησοῦν	यीशु
Χριστὸν	मसीह
Χριστὸν	को
Χριστὸς	मसीह
Ἰησοῦ	यीशु
Χριστὸς	मसीह
Χριστῷ	मसीह
Χριστῷ	की
Χριστὸς	मसीह
Χριστὸς	ने
Χριστὸν	मसीह
Ἰησοῦν	यीशु
Ἰησοῦ	यीशु
Χριστοῦ	मसीह
Χριστοῦ	के
Χριστὸς	मसीह
Χριστὸς	ने
Χριστὸν	मसीह
Ἠσαΐας	यशायाह
Ἰεσσαὶ	यिशै
Ἰεσσαὶ	का
Χριστοῦ	मसीह
Ἰησοῦ	यीशु
Ἰησοῦ	का
Χριστῷ	मसीह
Ἰησοῦ	यीशु
Χριστὸς	मसीह
Χριστὸς	ने
Ἰερουσαλὴμ	यरूशलेम
Ἰλλυρικοῦ	इल्लुरिकुम
Ἰλλυρικοῦ	के
Χριστοῦ	मसीह
Χριστοῦ	के
Χριστός	मसीह
Σπανίαν	स्पेन
Ἰερουσαλὴμ	यरूशलेम
Μακεδονία	मकिदुनिया
Ἀχαΐα	अखाया
Ἀχαΐα	के
Ἰερουσαλήμ	यरूशलेम
Σπανίαν	स्पेन
Χριστοῦ	मसीह
Χριστοῦ	के
Ἰησοῦ	यीशु
Χριστοῦ	मसीह
Ἰουδαίᾳ	यहूदिया
Ἰερουσαλὴμ	यरूशलेम
Φοίβην	फीबे
Φοίβην	को
Κεγχρεαῖς	किंख्रिया
Πρίσκαν	प्रिस्का
Ἀκύλαν	अक्‍विला
Ἀκύλαν	को
Χριστῷ	मसीह
Ἰησοῦ	यीशु
Ἐπαίνετον	इपैनितुस
Ἐπαίνετον	को
Ἀσίας	आसिया
Ἀσίας	का
Χριστόν	मसीह
Μαρίαν	मरियम
Μαρίαν	को
Ἀνδρόνικον	अन्द्रनीकुस
Ἰουνίαν	यूनियास
Ἰουνίαν	को
Χριστῷ	मसीह
Ἀμπλιᾶτον	अम्पलियातुस
Ἀμπλιᾶτον	को
Οὐρβανὸν	उरबानुस
Χριστῷ	मसीह
Ἀπελλῆν	अप्पिलेस
Ἀπελλῆν	को
Χριστῷ	मसीह
Ἀριστοβούλου	अरिस्तुबुलुस
Ἀριστοβούλου	के
Ἡρῳδίωνα	हेरोदियोन
Ἡρῳδίωνα	को
Ναρκίσσου	नरकिस्सुस
Ναρκίσσου	के
Τρύφαιναν	त्रुफेना
Τρυφῶσαν	त्रुफोसा
Τρυφῶσαν	को
Περσίδα	परसिस
Περσίδα	को
Ῥοῦφον	रूफुस
Ἀσύγκριτον	असुंक्रितुस
Φλέγοντα	फिलगोन
Ἑρμῆν	हिरमेस
Πατροβᾶν	पत्रुबास
Ἑρμᾶν	हिर्मास
Φιλόλογον	फिलुलुगुस
Ἰουλίαν	यूलिया
Νηρέα	नेर्युस
Ὀλυμπᾶν	उलुम्पास
Χριστοῦ	मसीह
Χριστοῦ	की
Χριστῷ	मसीह
Χριστῷ	की
σατανᾶν	शैतान
σατανᾶν	को
Ἰησοῦ	यीशु
Ἰησοῦ	का
Τιμόθεος	तीमुथियुस
Λούκιος	लूकियुस
Ἰάσων	यासोन
Σωσίπατρος	सोसिपत्रुस
Τέρτιος	तिरतियुस
Γάϊος	गयुस
Ἔραστος	इरास्तुस
Κούαρτος	क्‍वारतुस
Ἰησοῦ	यीशु
Χριστοῦ	मसीह
Χριστοῦ	के
Ἰησοῦ	यीशु
Χριστοῦ	मसीह
Χριστοῦ	के
Παῦλος	पौलुस
Χριστοῦ	मसीह
Ἰησοῦ	यीशु
Ἰησοῦ	का
Σωσθένης	सोस्थिनेस
Κορίνθῳ	कुरिंथुस
Χριστῷ	मसीह
Ἰησοῦ	यीशु
Ἰησοῦ	यीशु
Χριστοῦ	मसीह
Χριστοῦ	का
Ἰησοῦ	यीशु
Χριστοῦ	मसीह
Χριστοῦ	की
Χριστῷ	मसीह
Ἰησοῦ	यीशु
Χριστοῦ	मसीह
Χριστοῦ	की
Ἰησοῦ	यीशु
Χριστοῦ	मसीह
Χριστοῦ	के
Ἰησοῦ	यीशु
Χριστοῦ	मसीह
Χριστοῦ	के
Ἰησοῦ	यीशु
Χριστοῦ	मसीह
Χριστοῦ	की
Ἰησοῦ	यीशु
Χριστοῦ	मसीह
Χριστοῦ	के
Χλόης	खलोए
Χλόης	के
Χλόης	घराने
Παύλου	पौलुस
Παύλου	का
Ἀπολλῶ	अपुल्लोस
Ἀπολλῶ	का
Κηφᾶ	कैफा
Κηφᾶ	का
Χριστοῦ	मसीह
Χριστοῦ	का
Χριστός	मसीह
Παῦλος	पौलुस
Παύλου	पौलुस
Παύλου	के
Κρίσπον	क्रिस्पुस
Γάϊον	गयुस
Γάϊον	को
Στεφανᾶ	स्तिफनास
Στεφανᾶ	के
Χριστὸς	मसीह
Χριστὸς	ने
Χριστοῦ	मसीह
Χριστοῦ	का
Ἕλληνες	यूनानी
Χριστὸν	मसीह
Ἕλλησιν	यूनानी
Χριστὸν	मसीह
Χριστῷ	मसीह
Ἰησοῦ	यीशु
Ἰησοῦν	यीशु
Χριστὸν	मसीह
Χριστὸν	को
Χριστοῦ	मसीह
Χριστοῦ	का
Χριστῷ	मसीह
Παύλου	पौलुस
Παύλου	का
Ἀπολλῶ	अपुल्लोस
Ἀπολλῶ	का
Ἀπολλῶς	अपुल्लोस
Παῦλος	पौलुस
Ἀπολλῶς	अपुल्लोस
Ἀπολλῶς	ने
Ἰησοῦς	यीशु
Χριστός	मसीह
Παῦλος	पौलुस
Ἀπολλῶς	अपुल्लोस
Κηφᾶς	कैफा
Χριστοῦ	मसीह
Χριστοῦ	के
Χριστὸς	मसीह
Χριστοῦ	मसीह
Χριστοῦ	के
Ἀπολλῶν	अपुल्लोस
Χριστόν	मसीह
Χριστῷ	मसीह
Χριστῷ	मसीह
Χριστῷ	मसीह
Ἰησοῦ	यीशु
Ἰησοῦ	में
Τιμόθεον	तीमुथियुस
Τιμόθεον	को
Χριστῷ	मसीह
Ἰησοῦ	यीशु
Ἰησοῦ	यीशु
Ἰησοῦ	के
Ἰησοῦ	यीशु
Ἰησοῦ	के
σατανᾷ	शैतान
σατανᾷ	के
Χριστός	मसीह
Ἰησοῦ	यीशु
Χριστοῦ	मसीह
Χριστοῦ	के
Χριστοῦ	मसीह
Χριστοῦ	के
Χριστοῦ	मसीह
Χριστοῦ	के
σατανᾶς	शैतान
Χριστοῦ	मसीह
Χριστοῦ	का
Ἰησοῦς	यीशु
Χριστὸς	मसीह
Χριστὸς	मसीह
Χριστὸν	मसीह
Ἰησοῦν	यीशु
Ἰησοῦν	को
Κηφᾶς	कैफा
Βαρναβᾶς	बरनाबास
Μωϋσέως	मूसा
Μωϋσέως	की
Χριστοῦ	मसीह
Χριστοῦ	के
Χριστοῦ	मसीह
Χριστοῦ	की
Μωϋσῆν	मूसा
Χριστός	मसीह
Χριστόν	मसीह
Χριστόν	को
Χριστοῦ	मसीह
Χριστοῦ	के
Χριστοῦ	मसीह
Χριστοῦ	की
Ἰσραὴλ	इस्राएली
Ἕλλησιν	यूनानियों
Χριστοῦ	मसीह
Χριστοῦ	का
Χριστός	मसीह
Χριστοῦ	मसीह
Χριστοῦ	का
Ἰησοῦς	यीशु
Ἰησοῦς	ने
Ἰησοῦς	यीशु
Ἰησοῦς	यीशु
Χριστός	मसीह
Ἕλληνες	यूनानी
Χριστοῦ	मसीह
Χριστοῦ	की
Χριστὸς	मसीह
Κηφᾷ	कैफा
Κηφᾷ	को
Ἰακώβῳ	याकूब
Ἰακώβῳ	को
Χριστὸς	मसीह
Χριστὸς	मसीह
Χριστὸς	मसीह
Χριστόν	मसीह
Χριστόν	को
Χριστὸς	मसीह
Χριστὸς	मसीह
Χριστῷ	मसीह
Χριστῷ	मसीह
Χριστὸς	मसीह
Ἀδὰμ	आदम
Χριστῷ	मसीह
Χριστός	मसीह
Χριστοῦ	उसके
Χριστῷ	मसीह
Ἰησοῦ	यीशु
Ἐφέσῳ	इफिसुस
Ἀδὰμ	आदम
Ἀδὰμ	आदम
Ἰησοῦ	यीशु
Χριστοῦ	मसीह
Χριστοῦ	के
Γαλατίας	गलातिया
Γαλατίας	की
Ἰερουσαλήμ	यरूशलेम
Μακεδονίαν	मकिदुनिया
Μακεδονίαν	से
Μακεδονίαν	मकिदुनिया
Ἐφέσῳ	इफिसुस
Τιμόθεος	तीमुथियुस
Ἀπολλῶ	अपुल्लोस
Ἀπολλῶ	के
Στεφανᾶ	स्तिफनास
Στεφανᾶ	के
Ἀχαΐας	अखाया
Ἀχαΐας	के
Στεφανᾶ	स्तिफनास
Φορτουνάτου	फूरतूनातुस
Ἀχαϊκοῦ	अखइकुस
Ἀχαϊκοῦ	के
Ἀσίας	आसिया
Ἀσίας	की
Ἀκύλας	अक्‍विला
Πρίσκα	प्रिस्का
Παύλου	पौलुस
Παύλου	का
Ἰησοῦ	यीशु
Ἰησοῦ	का
Χριστῷ	मसीह
Ἰησοῦ	यीशु
Παῦλος	पौलुस
Χριστοῦ	मसीह
Ἰησοῦ	यीशु
Ἰησοῦ	का
Τιμόθεος	तीमुथियुस
Κορίνθῳ	कुरिंथुस
Ἀχαΐᾳ	अखाया
Ἰησοῦ	यीशु
Χριστοῦ	मसीह
Χριστοῦ	की
Ἰησοῦ	यीशु
Χριστοῦ	मसीह
Χριστοῦ	का
Χριστοῦ	मसीह
Χριστοῦ	के
Χριστοῦ	मसीह
Ἀσίᾳ	आसिया
Ἰησοῦ	यीशु
Ἰησοῦ	के
Μακεδονίαν	मकिदुनिया
Μακεδονίας	मकिदुनिया
Ἰουδαίαν	यहूदिया
Ἰησοῦς	यीशु
Χριστὸς	मसीह
Σιλουανοῦ	सिलवानुस
Τιμοθέου	तीमुथियुस
Τιμοθέου	के
Χριστὸν	मसीह
Κόρινθον	कुरिंथुस
Χριστοῦ	मसीह
Χριστοῦ	की
σατανᾶ	शैतान
Τρῳάδα	त्रोआस
Χριστοῦ	मसीह
Χριστοῦ	का
Τίτον	तीतुस
Τίτον	को
Μακεδονίαν	मकिदुनिया
Χριστῷ	मसीह
Χριστοῦ	मसीह
Χριστοῦ	की
Χριστῷ	मसीह
Χριστοῦ	मसीह
Χριστοῦ	के
Χριστοῦ	मसीह
Χριστοῦ	के
Ἰσραὴλ	इस्राएल
Ἰσραὴλ	की
Μωϋσέως	मूसा
Μωϋσέως	के
Μωϋσῆς	मूसा
Ἰσραὴλ	इस्राएल
Ἰσραὴλ	की
Χριστῷ	मसीह
Μωϋσῆς	मूसा
Χριστοῦ	मसीह
Χριστοῦ	के
Ἰησοῦν	यीशु
Χριστὸν	मसीह
Ἰησοῦν	यीशु
Ἰησοῦ	यीशु
Χριστοῦ	मसीह
Χριστοῦ	के
Ἰησοῦ	यीशु
Ἰησοῦ	की
Ἰησοῦ	यीशु
Ἰησοῦ	का
Ἰησοῦν	यीशु
Ἰησοῦ	यीशु
Ἰησοῦ	का
Ἰησοῦν	यीशु
Ἰησοῦν	को
Ἰησοῦ	यीशु
Ἰησοῦ	के
Χριστοῦ	मसीह
Χριστοῦ	के
Χριστοῦ	मसीह
Χριστοῦ	का
Χριστόν	मसीह
Χριστόν	को
Χριστῷ	मसीह
Χριστοῦ	मसीह
Χριστοῦ	के
Χριστῷ	मसीह
Χριστοῦ	मसीह
Χριστοῦ	मसीह
Χριστοῦ	की
Χριστοῦ	मसीह
Χριστοῦ	का
Βελιάρ	बलियाल
Μακεδονίαν	मकिदुनिया
Τίτου	तीतुस
Τίτου	के
Τίτου	तीतुस
Τίτου	के
Τίτου	तीतुस
Τίτου	के
Μακεδονίας	मकिदुनिया
Μακεδονίας	की
Τίτον	तीतुस
Τίτον	से
Ἰησοῦ	यीशु
Χριστοῦ	मसीह
Χριστοῦ	के
Τίτου	तीतुस
Τίτου	के
Τίτου	तीतुस
Τίτου	के
Χριστοῦ	मसीह
Χριστοῦ	की
Μακεδόσιν	मकिदुनिया
Μακεδόσιν	के
Μακεδόσιν	लोगों
Μακεδόσιν	के
Μακεδόσιν	सामने
Ἀχαΐα	अखाया
Μακεδόνες	मकिदुनियावासी
Χριστοῦ	मसीह
Χριστοῦ	के
Παῦλος	पौलुस
Χριστοῦ	मसीह
Χριστοῦ	की
Χριστοῦ	मसीह
Χριστοῦ	का
Χριστοῦ	मसीह
Χριστοῦ	का
Χριστοῦ	मसीह
Χριστοῦ	का
Χριστοῦ	मसीह
Χριστοῦ	का
Χριστῷ	मसीह
Χριστῷ	से
Εὕαν	हव्वा
Εὕαν	को
Χριστόν	मसीह
Ἰησοῦν	यीशु
Μακεδονίας	मकिदुनिया
Χριστοῦ	मसीह
Χριστοῦ	की
Ἀχαΐας	अखाया
Χριστοῦ	मसीह
Χριστοῦ	के
σατανᾶς	शैतान
Ἰσραηλῖταί	इस्राएली
Ἀβραάμ	अब्राहम
Ἀβραάμ	के
Χριστοῦ	मसीह
Χριστοῦ	के
Ἰησοῦ	यीशु
Ἰησοῦ	का
Δαμασκῷ	दमिश्क
Ἁρέτα	अरितास
Ἁρέτα	के
Χριστῷ	मसीह
σατανᾶ	शैतान
σατανᾶ	का
Χριστοῦ	मसीह
Χριστοῦ	का
Χριστοῦ	मसीह
Τίτον	तीतुस
Τίτον	से
Τίτος	तीतुस
Τίτος	ने
Χριστῷ	मसीह
Χριστοῦ	मसीह
Ἰησοῦς	यीशु
Χριστὸς	मसीह
Ἰησοῦ	यीशु
Χριστοῦ	मसीह
Χριστοῦ	का
Παῦλος	पौलुस
Ἰησοῦ	यीशु
Χριστοῦ	मसीह
Γαλατίας	गलातिया
Γαλατίας	की
Ἰησοῦ	यीशु
Χριστοῦ	मसीह
Χριστοῦ	की
Χριστοῦ	मसीह
Χριστοῦ	के
Χριστοῦ	मसीह
Χριστοῦ	के
Χριστοῦ	मसीह
Χριστοῦ	का
Ἰησοῦ	यीशु
Χριστοῦ	मसीह
Χριστοῦ	के
Ἰουδαϊσμῷ	यहूदी
Ἰουδαϊσμῷ	धर्म
Ἰουδαϊσμῷ	यहूदी
Ἰουδαϊσμῷ	धर्म
Ἱεροσόλυμα	यरूशलेम
Ἀραβίαν	अरब
Δαμασκόν	दमिश्क
Ἱεροσόλυμα	यरूशलेम
Κηφᾶν	कैफा
Ἰάκωβον	याकूब
Ἰάκωβον	को
Συρίας	सीरिया
Κιλικίας	किलिकिया
Κιλικίας	के
Ἰουδαίας	यहूदिया
Ἰουδαίας	की
Χριστῷ	मसीह
Ἱεροσόλυμα	यरूशलेम
Βαρναβᾶ	बरनाबास
Βαρναβᾶ	के
Τίτον	तीतुस
Τίτον	को
Τίτος	तीतुस
Ἕλλην	यूनानी
Χριστῷ	मसीह
Ἰησοῦ	यीशु
Πέτρος	पतरस
Πέτρῳ	पतरस
Πέτρῳ	में
Ἰάκωβος	याकूब
Κηφᾶς	कैफा
Ἰωάννης	यूहन्‍ना
Ἰωάννης	ने
Βαρναβᾷ	बरनाबास
Κηφᾶς	कैफा
Ἀντιόχειαν	अंताकिया
Ἰακώβου	याकूब
Ἰακώβου	की
Βαρναβᾶς	बरनाबास
Κηφᾷ	कैफा
Κηφᾷ	से
Ἰησοῦ	यीशु
Χριστοῦ	मसीह
Χριστὸν	मसीह
Ἰησοῦν	यीशु
Χριστοῦ	मसीह
Χριστῷ	मसीह
Χριστὸς	मसीह
Χριστῷ	मसीह
Χριστῷ	के
Χριστῷ	साथ
Χριστός	मसीह
Χριστὸς	मसीह
Γαλάται	गलातियो
Ἰησοῦς	यीशु
Χριστὸς	मसीह
Ἀβραὰμ	अब्राहम
Ἀβραὰμ	ने
Ἀβραάμ	अब्राहम
Ἀβραάμ	के
Ἀβραὰμ	अब्राहम
Ἀβραὰμ	को
Ἀβραάμ	अब्राहम
Ἀβραάμ	के
Χριστὸς	मसीह
Χριστὸς	ने
Ἀβραὰμ	अब्राहम
Ἀβραὰμ	की
Χριστῷ	मसीह
Ἰησοῦ	यीशु
Ἀβραὰμ	अब्राहम
Χριστός	मसीह
Ἀβραὰμ	अब्राहम
Ἀβραὰμ	को
Ἰησοῦ	यीशु
Χριστοῦ	मसीह
Χριστόν	मसीह
Χριστῷ	मसीह
Ἰησοῦ	यीशु
Χριστὸν	मसीह
Χριστὸν	मसीह
Χριστὸν	को
Ἕλλην	यूनानी
Χριστῷ	मसीह
Ἰησοῦ	यीशु
Χριστοῦ	मसीह
Χριστοῦ	के
Ἀβραὰμ	अब्राहम
Ἀβραὰμ	के
Χριστὸν	मसीह
Ἰησοῦν	यीशु
Χριστὸς	मसीह
Ἀβραὰμ	अब्राहम
Σινᾶ	सीनै
Ἁγάρ	हाजिरा
Ἁγὰρ	हाजिरा
Σινᾶ	सीनै
Ἀραβίᾳ	अरब
Ἰερουσαλήμ	यरूशलेम
Ἰερουσαλήμ	के
Ἰερουσαλὴμ	यरूशलेम
Ἰσαὰκ	इसहाक
Χριστὸς	मसीह
Χριστὸς	ने
Παῦλος	पौलुस
Χριστὸς	मसीह
Χριστοῦ	मसीह
Χριστῷ	मसीह
Ἰησοῦ	यीशु
Χριστοῦ	मसीह
Ἰησοῦ	यीशु
Ἰησοῦ	के
Χριστοῦ	मसीह
Χριστοῦ	की
Χριστοῦ	मसीह
Χριστοῦ	के
Ἰησοῦ	यीशु
Χριστοῦ	मसीह
Χριστοῦ	के
Ἰσραὴλ	इस्राएल
Ἰησοῦ	यीशु
Ἰησοῦ	के
Ἰησοῦ	यीशु
Χριστοῦ	मसीह
Χριστοῦ	का
Παῦλος	पौलुस
Παῦλος	की
Χριστοῦ	मसीह
Ἰησοῦ	यीशु
Ἰησοῦ	का
Ἐφέσῳ	इफिसुस
Χριστῷ	मसीह
Ἰησοῦ	यीशु
Ἰησοῦ	यीशु
Χριστοῦ	मसीह
Χριστοῦ	की
Ἰησοῦ	यीशु
Χριστοῦ	मसीह
Χριστοῦ	का
Χριστῷ	मसीह
Ἰησοῦ	यीशु
Χριστοῦ	मसीह
Χριστοῦ	के
Χριστῷ	मसीह
Χριστῷ	मसीह
Ἰησοῦ	यीशु
Ἰησοῦ	यीशु
Χριστοῦ	मसीह
Χριστοῦ	का
Χριστῷ	मसीह
Χριστῷ	मसीह
Χριστῷ	के
Χριστῷ	मसीह
Ἰησοῦ	यीशु
Χριστῷ	मसीह
Ἰησοῦ	यीशु
Χριστῷ	मसीह
Ἰησοῦ	यीशु
Χριστοῦ	मसीह
Χριστοῦ	के
Ἰσραὴλ	इस्राएल
Ἰσραὴλ	की
Χριστῷ	मसीह
Ἰησοῦ	यीशु
Χριστοῦ	मसीह
Χριστοῦ	के
Χριστοῦ	मसीह
Ἰησοῦ	यीशु
Παῦλος	पौलुस
Χριστοῦ	मसीह
Ἰησοῦ	यीशु
Ἰησοῦ	का
Χριστοῦ	मसीह
Χριστοῦ	के
Χριστῷ	मसीह
Ἰησοῦ	यीशु
Χριστοῦ	मसीह
Χριστοῦ	के
Χριστῷ	मसीह
Ἰησοῦ	यीशु
Χριστὸν	मसीह
Χριστοῦ	उसके
Χριστῷ	मसीह
Ἰησοῦ	यीशु
Χριστοῦ	मसीह
Χριστοῦ	के
Χριστοῦ	मसीह
Χριστοῦ	की
Χριστοῦ	मसीह
Χριστοῦ	की
Χριστός	मसीह
Χριστόν	मसीह
Χριστόν	को
Ἰησοῦ	यीशु
Χριστῷ	मसीह
Χριστὸς	मसीह
Χριστὸς	ने
Χριστοῦ	मसीह
Χριστός	मसीह
Ἰησοῦ	यीशु
Χριστοῦ	मसीह
Χριστοῦ	के
Χριστοῦ	मसीह
Χριστοῦ	के
Χριστὸς	मसीह
Χριστῷ	मसीह
Χριστῷ	के
Χριστὸς	मसीह
Χριστὸς	ने
Χριστὸς	मसीह
Χριστὸν	मसीह
Χριστῷ	मसीह
Χριστοῦ	मसीह
Χριστοῦ	के
Τύχικος	तुखिकुस
Ἰησοῦ	यीशु
Χριστοῦ	मसीह
Χριστοῦ	की
Ἰησοῦν	यीशु
Χριστὸν	मसीह
Παῦλος	पौलुस
Τιμόθεος	तीमुथियुस
Χριστοῦ	मसीह
Ἰησοῦ	यीशु
Ἰησοῦ	के
Χριστῷ	मसीह
Ἰησοῦ	यीशु
Φιλίπποις	फिलिप्पी
Ἰησοῦ	यीशु
Χριστοῦ	मसीह
Χριστοῦ	की
Χριστοῦ	मसीह
Ἰησοῦ	यीशु
Ἰησοῦ	के
Χριστοῦ	मसीह
Ἰησοῦ	यीशु
Ἰησοῦ	की
Χριστοῦ	मसीह
Χριστοῦ	के
Ἰησοῦ	यीशु
Χριστοῦ	मसीह
Χριστῷ	मसीह
Χριστὸν	मसीह
Χριστὸν	मसीह
Χριστὸς	मसीह
Ἰησοῦ	यीशु
Χριστοῦ	मसीह
Χριστοῦ	के
Χριστὸς	मसीह
Χριστὸς	मसीह
Χριστῷ	मसीह
Χριστῷ	के
Χριστῷ	मसीह
Ἰησοῦ	यीशु
Χριστοῦ	मसीह
Χριστοῦ	के
Χριστοῦ	मसीह
Χριστοῦ	के
Χριστῷ	मसीह
Χριστῷ	मसीह
Ἰησοῦ	यीशु
Ἰησοῦ	यीशु
Ἰησοῦ	के
Ἰησοῦς	यीशु
Χριστὸς	मसीह
Χριστοῦ	मसीह
Χριστοῦ	के
Ἰησοῦ	यीशु
Τιμόθεον	तीमुथियुस
Τιμόθεον	को
Ἰησοῦ	यीशु
Χριστοῦ	मसीह
Χριστοῦ	की
Ἐπαφρόδιτον	इपफ्रुदीतुस
Ἐπαφρόδιτον	को
Χριστοῦ	मसीह
Χριστοῦ	का
Χριστῷ	मसीह
Ἰησοῦ	यीशु
Ἰσραήλ	इस्राएल
Ἰσραήλ	के
Βενιαμίν	बिन्यामीन
Φαρισαῖος	एक
Φαρισαῖος	फरीसी
Χριστὸν	मसीह
Χριστοῦ	मसीह
Ἰησοῦ	यीशु
Ἰησοῦ	के
Χριστὸν	मसीह
Χριστὸν	को
Χριστοῦ	मसीह
Χριστοῦ	पर
Χριστοῦ	मसीह
Χριστῷ	मसीह
Ἰησοῦ	यीशु
Χριστοῦ	मसीह
Χριστοῦ	के
Ἰησοῦν	यीशु
Χριστόν	मसीह
Εὐοδίαν	युओदिया
Εὐοδίαν	से
Συντύχην	सुन्तुखे
Συντύχην	से
Χριστῷ	मसीह
Ἰησοῦ	यीशु
Φιλιππήσιοι	फिलिप्पिवासियो
Φιλιππήσιοι	हे
Μακεδονίας	मकिदुनिया
Θεσσαλονίκῃ	थिस्सलुनीके
Ἐπαφροδίτου	इपफ्रुदीतुस
Χριστῷ	मसीह
Ἰησοῦ	यीशु
Χριστῷ	मसीह
Ἰησοῦ	यीशु
Καίσαρος	कैसर
Καίσαρος	के
Ἰησοῦ	यीशु
Χριστοῦ	मसीह
Χριστοῦ	का
Παῦλος	पौलुस
Χριστοῦ	मसीह
Ἰησοῦ	यीशु
Ἰησοῦ	का
Τιμόθεος	तीमुथियुस
Κολοσσαῖς	कुलुस्से
Χριστῷ	मसीह
Ἰησοῦ	यीशु
Χριστοῦ	मसीह
Χριστοῦ	के
Χριστῷ	मसीह
Ἰησοῦ	यीशु
Ἐπαφρᾶ	इपफ्रास
Χριστοῦ	मसीह
Χριστοῦ	का
Παῦλος	पौलुस
Χριστοῦ	मसीह
Χριστοῦ	के
Χριστὸς	मसीह
Χριστῷ	मसीह
Λαοδικείᾳ	लौदीकिया
Λαοδικείᾳ	के
Χριστοῦ	मसीह
Χριστὸν	मसीह
Χριστὸν	मसीह
Ἰησοῦν	यीशु
Ἰησοῦν	को
Χριστόν	मसीह
Χριστοῦ	मसीह
Χριστοῦ	का
Χριστοῦ	मसीह
Χριστοῦ	है
Χριστῷ	मसीह
Χριστῷ	के
Χριστῷ	मसीह
Χριστῷ	के
Χριστός	मसीह
Χριστῷ	मसीह
Χριστὸς	मसीह
Ἕλλην	यूनानी
Σκύθης	असभ्य
Χριστός	मसीह
Χριστοῦ	मसीह
Χριστοῦ	की
Χριστοῦ	मसीह
Χριστοῦ	का
Ἰησοῦ	यीशु
Ἰησοῦ	के
Χριστῷ	मसीह
Χριστῷ	की
Χριστοῦ	मसीह
Χριστοῦ	के
Τύχικος	तुखिकुस
Ὀνησίμῳ	उनेसिमुस
Ἀρίσταρχος	अरिस्तर्खुस
Μᾶρκος	मरकुस
Βαρναβᾶ	बरनाबास
Βαρναβᾶ	का
Ἰησοῦς	यीशु
Ἰοῦστος	यूस्तुस
Ἐπαφρᾶς	इपफ्रास
Χριστοῦ	मसीह
Ἰησοῦ	यीशु
Ἰησοῦ	का
Λαοδικείᾳ	लौदीकिया
Ἱεραπόλει	हियरापुलिस
Λουκᾶς	लूका
Δημᾶς	देमास
Λαοδικείᾳ	लौदीकिया
Νύμφαν	नुमफास
Λαοδικέων	लौदीकिया
Λαοδικέων	की
Λαοδικείας	लौदीकिया
Ἀρχίππῳ	अरखिप्पुस
Ἀρχίππῳ	से
Παύλου	पौलुस
Παύλου	का
Παῦλος	पौलुस
Σιλουανὸς	सिलवानुस
Τιμόθεος	तीमुथियुस
Τιμόθεος	की
Θεσσαλονικέων	थिस्सलुनीकियों
Θεσσαλονικέων	की
Ἰησοῦ	यीशु
Χριστῷ	मसीह
Ἰησοῦ	यीशु
Χριστοῦ	मसीह
Χριστοῦ	में
Μακεδονίᾳ	मकिदुनिया
Ἀχαΐᾳ	अखाया
Μακεδονίᾳ	मकिदुनिया
Ἀχαΐᾳ	अखाया
Ἰησοῦν	यीशु
Ἰησοῦν	की
Φιλίπποις	फिलिप्पि
Χριστοῦ	मसीह
Χριστοῦ	के
Ἰουδαίᾳ	यहूदिया
Χριστῷ	मसीह
Ἰησοῦ	यीशु
Ἰησοῦν	यीशु
Παῦλος	पौलुस
Παῦλος	ने
σατανᾶς	शैतान
Ἰησοῦ	यीशु
Ἰησοῦ	के
Ἀθήναις	ऐथेन्स
Τιμόθεον	तीमुथियुस
Τιμόθεον	को
Χριστοῦ	मसीह
Χριστοῦ	के
Τιμοθέου	तीमुथियुस
Ἰησοῦς	यीशु
Ἰησοῦ	यीशु
Ἰησοῦ	यीशु
Ἰησοῦ	यीशु
Ἰησοῦ	के
Μακεδονίᾳ	मकिदुनिया
Μακεδονίᾳ	के
Ἰησοῦς	यीशु
Ἰησοῦς	की
Ἰησοῦ	यीशु
Χριστῷ	मसीह
Ἰησοῦ	यीशु
Χριστοῦ	मसीह
Χριστοῦ	के
Χριστῷ	मसीह
Ἰησοῦ	यीशु
Ἰησοῦ	यीशु
Χριστοῦ	मसीह
Χριστοῦ	के
Ἰησοῦ	यीशु
Χριστοῦ	मसीह
Χριστοῦ	का
Παῦλος	पौलुस
Σιλουανὸς	सिलवानुस
Τιμόθεος	तीमुथियुस
Θεσσαλονικέων	थिस्सलुनीकियों
Θεσσαλονικέων	की
Ἰησοῦ	यीशु
Χριστῷ	मसीह
Ἰησοῦ	यीशु
Χριστοῦ	मसीह
Ἰησοῦ	यीशु
Ἰησοῦ	यीशु
Ἰησοῦ	के
Ἰησοῦ	यीशु
Ἰησοῦ	का
Ἰησοῦ	यीशु
Χριστοῦ	मसीह
Χριστοῦ	के
Ἰησοῦ	यीशु
Χριστοῦ	मसीह
Χριστοῦ	के
σατανᾶ	शैतान
σατανᾶ	के
Ἰησοῦ	यीशु
Χριστοῦ	मसीह
Χριστοῦ	की
Ἰησοῦς	यीशु
Χριστὸς	मसीह
Χριστοῦ	मसीह
Χριστοῦ	के
Ἰησοῦ	यीशु
Ἰησοῦ	के
Ἰησοῦ	यीशु
Χριστῷ	मसीह
Χριστῷ	के
Παύλου	पौलुस
Ἰησοῦ	यीशु
Χριστοῦ	मसीह
Χριστοῦ	का
Παῦλος	पौलुस
Χριστοῦ	मसीह
Ἰησοῦ	यीशु
Ἰησοῦ	के
Χριστοῦ	मसीह
Ἰησοῦ	यीशु
Ἰησοῦ	की
Τιμοθέῳ	तीमुथियुस
Τιμοθέῳ	को
Χριστοῦ	मसीह
Ἰησοῦ	यीशु
Ἐφέσῳ	इफिसुस
Μακεδονίαν	मकिदुनिया
Χριστῷ	मसीह
Χριστῷ	के
Χριστῷ	प्रति
Ἰησοῦ	यीशु
Χριστῷ	मसीह
Ἰησοῦ	यीशु
Χριστὸς	मसीह
Ἰησοῦς	यीशु
Χριστὸς	मसीह
Ἰησοῦς	यीशु
Τιμόθεε	तीमुथियुस
Ὑμέναιος	हुमिनयुस
Ἀλέξανδρος	सिकन्दर
σατανᾷ	शैतान
σατανᾷ	के
Χριστὸς	मसीह
Ἰησοῦς	यीशु
Ἀδὰμ	आदम
Εὕα	हव्वा
Ἀδὰμ	आदम
Χριστῷ	मसीह
Ἰησοῦ	यीशु
Χριστοῦ	मसीह
Ἰησοῦ	यीशु
Ἰησοῦ	का
Χριστοῦ	मसीह
Χριστοῦ	की
σατανᾶ	शैतान
σατανᾶ	का
Χριστοῦ	मसीह
Ἰησοῦ	यीशु
Ἰησοῦ	यीशु
Χριστοῦ	मसीह
Χριστοῦ	के
Χριστοῦ	मसीह
Ἰησοῦ	यीशु
Ποντίου	पुन्तियुस
Πιλάτου	पिलातुस
Πιλάτου	के
Ἰησοῦ	यीशु
Ἰησοῦ	के
Τιμόθεε	तीमुथियुस
Παῦλος	पौलुस
Χριστοῦ	मसीह
Ἰησοῦ	यीशु
Ἰησοῦ	में
Χριστῷ	मसीह
Ἰησοῦ	यीशु
Ἰησοῦ	का
Χριστοῦ	मसीह
Ἰησοῦ	यीशु
Λωΐδι	लोइस
Εὐνίκῃ	यूनीके
Χριστῷ	मसीह
Ἰησοῦ	यीशु
Χριστοῦ	मसीह
Ἰησοῦ	यीशु
Ἰησοῦ	के
Χριστῷ	मसीह
Ἀσίᾳ	एशिया
Φύγελος	फुगिलुस
Ἑρμογένης	हिरमुगिनेस
Ὀνησιφόρου	उनेसिफुरुस
Ὀνησιφόρου	के
Ῥώμῃ	रोम
Ἐφέσῳ	इफिसुस
Χριστῷ	मसीह
Ἰησοῦ	यीशु
Ἰησοῦ	के
Χριστοῦ	मसीह
Ἰησοῦ	यीशु
Ἰησοῦ	के
Ἰησοῦν	यीशु
Χριστὸν	मसीह
Χριστὸν	को
Δαυίδ	दाऊद
Δαυίδ	के
Χριστῷ	मसीह
Ἰησοῦ	यीशु
Ὑμέναιος	हुमिनयुस
Φίλητος	फिलेतुस
Ἰάννης	यन्‍नेस
Ἰαμβρῆς	यम्ब्रेस
Ἰαμβρῆς	ने
Μωϋσεῖ	मूसा
Μωϋσεῖ	का
Ἀντιοχείᾳ	अन्ताकिया
Ἰκονίῳ	इकुनियुम
Λύστροις	लुस्‍त्र
Χριστῷ	मसीह
Ἰησοῦ	यीशु
Χριστῷ	मसीह
Ἰησοῦ	यीशु
Χριστοῦ	मसीह
Χριστοῦ	को
Ἰησοῦ	यीशु
Δημᾶς	देमास
Δημᾶς	ने
Θεσσαλονίκην	थिस्सलुनीके
Κρήσκης	क्रेसकेंस
Γαλατίαν	गलातिया
Τίτος	तीतुस
Δαλματίαν	दलमतिया
Λουκᾶς	लूका
Μᾶρκον	मरकुस
Μᾶρκον	को
Τύχικον	तुखिकुस
Τύχικον	को
Ἔφεσον	इफिसुस
Τρῳάδι	त्रेआस
Κάρπῳ	करपुस
Κάρπῳ	के
Ἀλέξανδρος	सिकन्दर
Πρίσκαν	प्रिस्का
Ἀκύλαν	अक्‍विला
Ὀνησιφόρου	उनेसिफुरुस
Ὀνησιφόρου	के
Ἔραστος	इरास्तुस
Κορίνθῳ	कुरिन्थुस
Τρόφιμον	त्रुफिमुस
Τρόφιμον	को
Μιλήτῳ	मीलेतुस
Εὔβουλος	यूबूलुस
Πούδης	पूदेंस
Λίνος	लीतुस
Κλαυδία	क्लौदिया
Παῦλος	पौलुस
Ἰησοῦ	यीशु
Χριστοῦ	मसीह
Χριστοῦ	के
Τίτῳ	तीतुस
Τίτῳ	को
Χριστοῦ	मसीह
Ἰησοῦ	यीशु
Ἰησοῦ	की
Κρήτῃ	क्रेते
Κρῆτες	क्रेते
Κρῆτες	निवासी
Ἰησοῦ	यीशु
Χριστοῦ	मसीह
Χριστοῦ	के
Ἰησοῦ	यीशु
Χριστοῦ	मसीह
Χριστοῦ	के
Ἀρτεμᾶν	अरतिमास
Τύχικον	तुखिकुस
Τύχικον	को
Νικόπολιν	निकुपुलिस
Ζηνᾶν	जेनास
Ἀπολλῶν	अपुल्लोस
Ἀπολλῶν	की
Παῦλος	पौलुस
Χριστοῦ	मसीह
Ἰησοῦ	यीशु
Ἰησοῦ	के
Τιμόθεος	तीमुथियुस
Φιλήμονι	फिलेमोन
Ἀπφίᾳ	अफफिया
Ἀρχίππῳ	अरखिप्पुस
Ἰησοῦ	यीशु
Χριστοῦ	मसीह
Χριστοῦ	की
Ἰησοῦν	यीशु
Χριστόν	मसीह
Χριστῷ	मसीह
Παῦλος	पौलुस
Χριστοῦ	मसीह
Ἰησοῦ	यीशु
Ἰησοῦ	के
Ἰησοῦ	लिए
Ὀνήσιμον	उनेसिमुस
Ὀνήσιμον	के
Παῦλος	पौलुस
Χριστῷ	मसीह
Ἐπαφρᾶς	इपफ्रास
Χριστῷ	मसीह
Ἰησοῦ	यीशु
Μᾶρκος	मरकुस
Ἀρίσταρχος	अरिस्तर्खुस
Δημᾶς	देमास
Λουκᾶς	लूका
Λουκᾶς	भी
Ἰησοῦ	यीशु
Χριστοῦ	मसीह
Χριστοῦ	का
Ἰησοῦν	यीशु
Ἰησοῦν	को
Ἀβραὰμ	अब्राहम
Ἀβραὰμ	के
Ἰησοῦν	यीशु
Ἰησοῦν	पर
Μωϋσῆς	मूसा
Μωϋσῆν	मूसा
Μωϋσῆς	मूसा
Χριστὸς	मसीह
Χριστοῦ	मसीह
Χριστοῦ	के
Αἰγύπτου	मिस्र
Μωϋσέως	मूसा
Μωϋσέως	के
Δαυὶδ	दाऊद
Δαυὶδ	के
Ἰησοῦς	यहोशू
Ἰησοῦς	ने
Ἰησοῦν	यीशु
Ἀαρών	हारून
Χριστὸς	मसीह
Χριστὸς	ने
Μελχισέδεκ	मलिकिसिदक
Μελχισέδεκ	की
Μελχισέδεκ	मलिकिसिदक
Μελχισέδεκ	की
Χριστοῦ	मसीह
Χριστοῦ	के
Ἀβραὰμ	अब्राहम
Ἀβραὰμ	से
Ἰησοῦς	यीशु
Ἰησοῦς	ने
Μελχισέδεκ	मलिकिसिदिक
Μελχισέδεκ	की
Μελχισέδεκ	मलिकिसिदिक
Σαλήμ	शालेम
Σαλήμ	का
Ἀβραὰμ	अब्राहम
Ἀβραὰμ	को
Ἀβραάμ	अब्राहम
Ἀβραάμ	ने
Σαλήμ	शालेम
Σαλήμ	का
Ἀβραὰμ	अब्राहम
Ἀβραὰμ	ने
Λευὶ	लेवी
Λευὶ	के
Ἀβραάμ	अब्राहम
Ἀβραάμ	के
Ἀβραὰμ	अब्राहम
Ἀβραὰμ	अब्राहम
Ἀβραὰμ	के
Λευὶ	लेवी
Μελχισέδεκ	मलिकिसिदिक
Μελχισέδεκ	ने
Μελχισέδεκ	मलिकिसिदिक
Μελχισέδεκ	की
Ἀαρὼν	हारून
Ἀαρὼν	की
Ἰούδα	यहूदा
Ἰούδα	के
Μωϋσῆς	मूसा
Μωϋσῆς	ने
Μελχισέδεκ	मलिकिसिदिक
Μελχισέδεκ	की
Μελχισέδεκ	मलिकिसिदक
Μελχισέδεκ	की
Ἰησοῦς	यीशु
Μωϋσῆς	मूसा
Μωϋσῆς	को
Ἰσραὴλ	इस्राएल
Ἰσραὴλ	के
Ἰούδα	यहूदा
Ἰούδα	के
Αἰγύπτου	मिस्र
Ἰσραὴλ	इस्राएल
Ἰσραὴλ	के
Ἀαρὼν	हारून
Ἀαρὼν	की
Χερουβὶν	करूब
Χριστὸς	मसीह
Χριστοῦ	मसीह
Χριστοῦ	का
Μωϋσέως	मूसा
Χριστός	मसीह
Χριστός	ने
Χριστὸς	मसीह
Ἰησοῦ	यीशु
Χριστοῦ	मसीह
Χριστοῦ	की
Ἰησοῦ	यीशु
Ἰησοῦ	के
Μωϋσέως	मूसा
Μωϋσέως	की
Ἅβελ	हाबिल
Ἅβελ	ने
Κάϊν	कैन
Ἑνὼχ	हनोक
Ἑνὼχ	को
Νῶε	नूह
Νῶε	ने
Ἀβραὰμ	अब्राहम
Ἰσαὰκ	इसहाक
Ἰακὼβ	याकूब
Σάρρα	सारा
Σάρρα	ने
Ἀβραὰμ	अब्राहम
Ἀβραὰμ	ने
Ἰσαὰκ	इसहाक
Ἰσαὰκ	को
Ἰσαὰκ	इसहाक
Ἰσαὰκ	इसहाक
Ἰσαὰκ	ने
Ἰακὼβ	याकूब
Ἠσαῦ	एसाव
Ἠσαῦ	को
Ἰακὼβ	याकूब
Ἰακὼβ	ने
Ἰωσὴφ	यूसुफ
Ἰωσὴφ	के
Ἰωσὴφ	यूसुफ
Ἰωσὴφ	ने
Ἰσραὴλ	इस्राएल
Ἰσραὴλ	की
Μωϋσῆς	मूसा
Μωϋσῆς	को
Μωϋσῆς	मूसा
Μωϋσῆς	ने
Φαραώ	फ़िरौन
Φαραώ	की
Αἰγύπτου	मिस्र
Αἰγύπτου	के
Χριστοῦ	मसीह
Χριστοῦ	के
Αἴγυπτον	मिस्र
Αἴγυπτον	को
Ἰεριχὼ	यरीहो
Ἰεριχὼ	नगर
Ἰεριχὼ	की
Ῥαὰβ	राहाब
Γεδεών	गिदोन
Βαράκ	बाराक
Σαμψών	शिमशोन
Ἰεφθάε	यिफतह
Δαυίδ	दाऊद
Σαμουὴλ	शमूएल
Ἰησοῦν	यीशु
Ἠσαῦ	एसाव
Μωϋσῆς	मूसा
Σιὼν	सिय्योन
Ἰερουσαλὴμ	यरुशलेम
Ἰησοῦ	यीशु
Ἰησοῦ	मसीह
Ἅβελ	हाबिल
Ἰησοῦς	यीशु
Χριστὸς	मसीह
Ἰησοῦς	यीशु
Ἰησοῦς	ने
Ἰησοῦν	यीशु
Ἰησοῦν	को
Ἰησοῦ	यीशु
Χριστοῦ	मसीह
Χριστοῦ	के
Τιμόθεον	तीमुथियुस
Ἰάκωβος	याकूब
Ἰησοῦ	यीशु
Χριστοῦ	मसीह
Χριστοῦ	के
Ἰησοῦ	यीशु
Χριστοῦ	मसीह
Χριστοῦ	पर
Ἀβραὰμ	अब्राहम
Ἀβραὰμ	ने
Ἰσαὰκ	इसहाक
Ἰσαὰκ	को
Ἀβραὰμ	अब्राहम
Ἀβραὰμ	ने
Ῥαὰβ	राहाब
σαβαὼθ	सेनाओं
σαβαὼθ	के
Ἰὼβ	अय्यूब
Ἰὼβ	के
Ἠλίας	एलिय्याह
Πέτρος	पतरस
Πέτρος	की
Πέτρος	ओर
Πέτρος	से
Ἰησοῦ	यीशु
Χριστοῦ	मसीह
Χριστοῦ	के
Πόντου	पुन्तुस
Γαλατίας	गलातिया
Καππαδοκίας	कप्पदुकिया
Ἀσίας	एशिया
Βιθυνίας	बिथुनिया
Βιθυνίας	में
Ἰησοῦ	यीशु
Χριστοῦ	मसीह
Χριστοῦ	की
Ἰησοῦ	यीशु
Χριστοῦ	मसीह
Χριστοῦ	के
Ἰησοῦ	यीशु
Χριστοῦ	मसीह
Χριστοῦ	को
Ἰησοῦ	यीशु
Χριστοῦ	मसीह
Χριστοῦ	के
Χριστοῦ	मसीह
Χριστοῦ	का
Χριστὸν	मसीह
Ἰησοῦ	यीशु
Χριστοῦ	मसीह
Χριστοῦ	के
Χριστοῦ	मसीह
Χριστοῦ	के
Ἰησοῦ	यीशु
Χριστοῦ	मसीह
Χριστοῦ	के
Σιὼν	सिय्योन
Χριστὸς	मसीह
Χριστὸς	ने
Σάρρα	सारा
Σάρρα	भी
Ἀβραὰμ	अब्राहम
Ἀβραὰμ	को
Χριστὸν	मसीह
Χριστὸν	को
Χριστῷ	मसीह
Χριστὸς	मसीह
Χριστὸς	ने
Νῶε	नूह
Νῶε	के
Ἰησοῦ	यीशु
Χριστοῦ	मसीह
Χριστοῦ	का
Χριστοῦ	मसीह
Χριστοῦ	ने
Ἰησοῦ	यीशु
Χριστοῦ	मसीह
Χριστοῦ	के
Χριστοῦ	मसीह
Χριστοῦ	के
Χριστοῦ	मसीह
Χριστοῦ	के
χριστιανός	मसीही
χριστιανός	एक
Χριστοῦ	मसीह
Χριστοῦ	के
Χριστῷ	मसीह
Σιλουανοῦ	सिलवानुस
Σιλουανοῦ	के
Βαβυλῶνι	बेबीलोन
Μᾶρκος	मरकुस
Χριστῷ	मसीह
Συμεὼν	शिमोन
Πέτρος	पतरस
Ἰησοῦ	यीशु
Χριστοῦ	मसीह
Χριστοῦ	का
Ἰησοῦ	यीशु
Χριστοῦ	मसीह
Χριστοῦ	की
Ἰησοῦ	यीशु
Ἰησοῦ	के
Ἰησοῦ	यीशु
Χριστοῦ	मसीह
Χριστοῦ	के
Ἰησοῦ	यीशु
Χριστοῦ	मसीह
Χριστοῦ	के
Ἰησοῦς	यीशु
Χριστὸς	मसीह
Χριστὸς	ने
Ἰησοῦ	यीशु
Χριστοῦ	मसीह
Χριστοῦ	के
Νῶε	नूह
Νῶε	समेत
Σοδόμων	सदोम
Γομόρρας	अमोरा
Γομόρρας	के
Λὼτ	लूत
Λὼτ	को
Βαλαὰμ	बिलाम
Βαλαὰμ	के
Βοσὸρ	बओर
Βοσὸρ	के
Ἰησοῦ	यीशु
Χριστοῦ	मसीह
Χριστοῦ	के
Παῦλος	पौलूस
Παῦλος	ने
Ἰησοῦ	यीशु
Χριστοῦ	मसीह
Χριστοῦ	के
Ἰησοῦ	यीशु
Χριστοῦ	मसीह
Χριστοῦ	के
Ἰησοῦ	यीशु
Ἰησοῦ	का
Ἰησοῦν	यीशु
Χριστὸν	मसीह
Ἰησοῦς	यीशु
Ἰησοῦς	ही
Χριστός	मसीह
Κάϊν	कैन
Ἰησοῦ	यीशु
Χριστοῦ	मसीह
Χριστοῦ	के
Ἰησοῦν	यीशु
Χριστὸν	मसीह
Ἰησοῦν	यीशु
Ἰησοῦν	को
Ἰησοῦς	यीशु
Ἰησοῦς	यीशु
Χριστὸς	मसीह
Ἰησοῦς	यीशु
Ἰησοῦς	यीशु
Χριστός	मसीह
Ἰησοῦ	यीशु
Χριστῷ	मसीह
Ἰησοῦ	यीशु
Χριστοῦ	मसीह
Χριστοῦ	की
Ἰησοῦν	यीशु
Χριστὸν	मसीह
Χριστοῦ	मसीह
Χριστοῦ	की
Γαΐῳ	गयुस
Διοτρέφης	दियुत्रिफेस
Δημητρίῳ	दिमेत्रियुस
Δημητρίῳ	के
Ἰούδας	यहूदा
Ἰησοῦ	यीशु
Χριστοῦ	मसीह
Χριστοῦ	के
Ἰακώβου	याकूब
Ἰακώβου	के
Ἰησοῦ	यीशु
Χριστῷ	मसीह
Χριστῷ	के
Χριστῷ	लिए
Ἰησοῦν	यीशु
Χριστὸν	मसीह
Χριστὸν	का
Ἰησοῦς	प्रभु
Ἰησοῦς	ने
Αἰγύπτου	मिस्र
Σόδομα	सदोम
Γόμορρα	अमोरा
Μιχαὴλ	मीकाईल
Μωϋσέως	मूसा
Μωϋσέως	के
Κάϊν	कैन
Κάϊν	के
Βαλαὰμ	बिलाम
Βαλαὰμ	के
Κόρε	कोरह
Κόρε	के
Ἀδὰμ	आदम
Ἑνὼχ	हनोक
Ἑνὼχ	ने
Ἰησοῦ	यीशु
Χριστοῦ	मसीह
Χριστοῦ	के
Ἰησοῦ	यीशु
Χριστοῦ	मसीह
Χριστοῦ	की
Ἰησοῦ	यीशु
Χριστοῦ	मसीह
Χριστοῦ	के
Ἰησοῦ	यीशु
Χριστοῦ	मसीह
Χριστοῦ	का
Ἰωάννῃ	यूहन्‍ना
Ἰωάννῃ	को
Ἰησοῦ	यीशु
Χριστοῦ	मसीह
Χριστοῦ	की
Ἰωάννης	यूहन्‍ना
Ἰωάννης	की
Ἀσίᾳ	एशिया
Ἰησοῦ	यीशु
Χριστοῦ	मसीह
Χριστοῦ	की
ἄλφα	अलफा
ὦ	ओमेगा
Ἰωάννης	यूहन्‍ना
Ἰησοῦ	यीशु
Πάτμῳ	पतमुस
Ἰησοῦ	यीशु
Ἰησοῦ	की
Ἔφεσον	इफिसुस
Πέργαμον	पिरगमुन
Θυάτειρα	थूआतीरा
Σάρδεις	सरदीस
Φιλαδέλφειαν	फिलादेलफिया
Λαοδίκειαν	लौदीकिया
Ἐφέσῳ	इफिसुस
Νικολαϊτῶν	नीकुलइयों
Νικολαϊτῶν	के
Σμύρνῃ	स्मुरना
σατανᾶ	शैतान
σατανᾶ	की
Περγάμῳ	पिरगमुन
σατανᾶ	शैतान
σατανᾶ	का
Ἀντιπᾶς	अन्तिपास
σατανᾶς	शैतान
Βαλαάμ	बिलाम
Βαλαάμ	की
Βαλὰκ	बालाक
Βαλὰκ	को
Νικολαϊτῶν	नीकुलइयों
Νικολαϊτῶν	की
Θυατείροις	थूआतीरा
Ἰεζάβελ	इज़ेबेल
Θυατείροις	थूआतीरा
σατανᾶ	शैतान
σατανᾶ	की
Σάρδεσιν	सरदीस
Σάρδεσιν	सरदीस
Φιλαδελφείᾳ	फिलादेलफिया
Φιλαδελφείᾳ	की
Δαυίδ	दाऊद
Δαυίδ	की
σατανᾶ	शैतान
σατανᾶ	की
Ἰερουσαλὴμ	यरूशलेम
Ἰερουσαλὴμ	का
Λαοδικείᾳ	लौदीकिया
Ἰούδα	यहूदा
Ἰούδα	के
Δαυίδ	दाऊद
Δαυίδ	का
Ἰσραήλ	इस्राएल
Ἰσραήλ	की
Ἰούδα	यहूदा
Ἰούδα	के
Ῥουβὴν	रूबेन
Ῥουβὴν	के
Γὰδ	गाद
Γὰδ	के
Ἀσὴρ	आशेर
Ἀσὴρ	के
Νεφθαλὶμ	नप्‍ताली
Νεφθαλὶμ	के
Μανασσῆ	मनश्शे
Μανασσῆ	के
Συμεὼν	शमौन
Συμεὼν	के
Λευὶ	लेवी
Λευὶ	के
Ἰσσαχὰρ	इस्साकार
Ἰσσαχὰρ	के
Ζαβουλὼν	जबूलून
Ζαβουλὼν	के
Ἰωσὴφ	यूसुफ
Ἰωσὴφ	के
Βενιαμὶν	बिन्यामीन
Βενιαμὶν	के
Ἀβαδδών	अबद्दोन
Ἀπολλύων	अपुल्लयोन
Εὐφράτῃ	फरात
Σόδομα	सदोम
Αἴγυπτος	मिस्र
χριστοῦ	मसीह
χριστοῦ	का
Μιχαὴλ	मिकाईल
Σατανᾶς	शैतान
χριστοῦ	मसीह
χριστοῦ	का
Ἰησοῦ	यीशु
Ἰησοῦ	की
Σιὼν	सिय्योन
Βαβυλὼν	बाबुल
Ἰησοῦ	यीशु
Ἰησοῦ	पर
Μωϋσέως	मूसा
Εὐφράτην	फरात
Ἁρμαγεδών	हर
Ἁρμαγεδών	-
Ἁρμαγεδών	मगिदोन
Βαβυλὼν	बाबुल
Βαβυλὼν	का
Βαβυλὼν	बाबुल
Ἰησοῦ	यीशु
Ἰησοῦ	के
Βαβυλὼν	बाबुल
Βαβυλὼν	बाबुल
Βαβυλὼν	बाबुल
Ἰησοῦ	यीशु
Ἰησοῦ	की
Ἰησοῦ	यीशु
Ἰησοῦ	की
Σατανᾶς	शैतान
Ἰησοῦ	यीशु
Ἰησοῦ	की
Χριστοῦ	मसीह
Χριστοῦ	मसीह
Χριστοῦ	के
σατανᾶς	शैतान
Γὼγ	गोग
Μαγώγ	मागोग
Μαγώγ	को
Ἰερουσαλὴμ	यरूशलेम
Ἰερουσαλὴμ	को
ἄλφα	अल्फा
ὦ	ओमेगा
Ἰερουσαλὴμ	यरूशलेम
Ἰερουσαλὴμ	को
Ἰωάννης	यूहन्‍ना
ἄλφα	अल्फा
ὦ	ओमेगा
Ἰησοῦς	यीशु
Ἰησοῦς	ने
Δαυίδ	दाऊद
Δαυίδ	का
Ἰησοῦ	यीशु
Ἰησοῦ	यीशु
Ἰησοῦ	का
